{
"type": "FeatureCollection",
"name": "stops_snapped",
"crs": { "type": "name", "properties": { "name": "urn:ogc:def:crs:OGC:1.3:CRS84" } },
"features": [
{ "type": "Feature", "properties": { "stop_id": 40, "stop_name": "SUMMER RIDGE RD @ WORSLEY WAY", "wheelchair_boarding": 0, "STATEFP": "51", "COUNTYFP": "059", "TRACTCE": "422402", "GEOID": "51059422402", "GEOIDFQ": "1400000US51059422402", "NAME": "4224.02", "NAMELSAD": "Census Tract 4224.02", "MTFCC": "G5020", "FUNCSTAT": "S", "ALAND": 1891110, "AWATER": 2060, "INTPTLAT": "+38.7652763", "INTPTLON": "-077.1320516", "bbox_west": -77.167532, "bbox_south": 38.740042, "bbox_east": -77.121969, "bbox_north": 38.784071, "place_id": 347794220, "osm_type": "relation", "osm_id": 18347702, "lat": 38.762132, "lon": -77.1444093, "class": "boundary", "type": "census", "place_rank": 25, "importance": 0.37858398060478177, "addresstype": "census", "name": "Kingstowne", "display_name": "Kingstowne, Fairfax County, Virginia, United States", "nearest_node": 1563062247 }, "geometry": { "type": "Point", "coordinates": [ -77.13728, 38.76034 ] } },
{ "type": "Feature", "properties": { "stop_id": 44, "stop_name": "KINGSTOWNE BLVD @ SIR VICEROY DR", "wheelchair_boarding": 0, "STATEFP": "51", "COUNTYFP": "059", "TRACTCE": "422302", "GEOID": "51059422302", "GEOIDFQ": "1400000US51059422302", "NAME": "4223.02", "NAMELSAD": "Census Tract 4223.02", "MTFCC": "G5020", "FUNCSTAT": "S", "ALAND": 2413425, "AWATER": 51384, "INTPTLAT": "+38.7719875", "INTPTLON": "-077.1437691", "bbox_west": -77.167532, "bbox_south": 38.740042, "bbox_east": -77.121969, "bbox_north": 38.784071, "place_id": 347794220, "osm_type": "relation", "osm_id": 18347702, "lat": 38.762132, "lon": -77.1444093, "class": "boundary", "type": "census", "place_rank": 25, "importance": 0.37858398060478177, "addresstype": "census", "name": "Kingstowne", "display_name": "Kingstowne, Fairfax County, Virginia, United States", "nearest_node": 7114700578 }, "geometry": { "type": "Point", "coordinates": [ -77.13541, 38.77148 ] } },
{ "type": "Feature", "properties": { "stop_id": 50, "stop_name": "KINGSTOWNE BLVD @ KINGSTOWNE CTR", "wheelchair_boarding": 0, "STATEFP": "51", "COUNTYFP": "059", "TRACTCE": "422302", "GEOID": "51059422302", "GEOIDFQ": "1400000US51059422302", "NAME": "4223.02", "NAMELSAD": "Census Tract 4223.02", "MTFCC": "G5020", "FUNCSTAT": "S", "ALAND": 2413425, "AWATER": 51384, "INTPTLAT": "+38.7719875", "INTPTLON": "-077.1437691", "bbox_west": -77.167532, "bbox_south": 38.740042, "bbox_east": -77.121969, "bbox_north": 38.784071, "place_id": 347794220, "osm_type": "relation", "osm_id": 18347702, "lat": 38.762132, "lon": -77.1444093, "class": "boundary", "type": "census", "place_rank": 25, "importance": 0.37858398060478177, "addresstype": "census", "name": "Kingstowne", "display_name": "Kingstowne, Fairfax County, Virginia, United States", "nearest_node": 7238681896 }, "geometry": { "type": "Point", "coordinates": [ -77.13469, 38.77222 ] } },
{ "type": "Feature", "properties": { "stop_id": 54, "stop_name": "FRANCONIA RD @ EDISON HIGH SCHOOL", "wheelchair_boarding": 0, "STATEFP": "51", "COUNTYFP": "059", "TRACTCE": "422301", "GEOID": "51059422301", "GEOIDFQ": "1400000US51059422301", "NAME": "4223.01", "NAMELSAD": "Census Tract 4223.01", "MTFCC": "G5020", "FUNCSTAT": "S", "ALAND": 1290927, "AWATER": 0, "INTPTLAT": "+38.7801378", "INTPTLON": "-077.1283467", "bbox_west": -77.167532, "bbox_south": 38.740042, "bbox_east": -77.121969, "bbox_north": 38.784071, "place_id": 347794220, "osm_type": "relation", "osm_id": 18347702, "lat": 38.762132, "lon": -77.1444093, "class": "boundary", "type": "census", "place_rank": 25, "importance": 0.37858398060478177, "addresstype": "census", "name": "Kingstowne", "display_name": "Kingstowne, Fairfax County, Virginia, United States", "nearest_node": 13199893921 }, "geometry": { "type": "Point", "coordinates": [ -77.13302, 38.78397 ] } },
{ "type": "Feature", "properties": { "stop_id": 153, "stop_name": "BEULAH ST @ CHARLES ARRINGTON DR", "wheelchair_boarding": 0, "STATEFP": "51", "COUNTYFP": "059", "TRACTCE": "422302", "GEOID": "51059422302", "GEOIDFQ": "1400000US51059422302", "NAME": "4223.02", "NAMELSAD": "Census Tract 4223.02", "MTFCC": "G5020", "FUNCSTAT": "S", "ALAND": 2413425, "AWATER": 51384, "INTPTLAT": "+38.7719875", "INTPTLON": "-077.1437691", "bbox_west": -77.167532, "bbox_south": 38.740042, "bbox_east": -77.121969, "bbox_north": 38.784071, "place_id": 347794220, "osm_type": "relation", "osm_id": 18347702, "lat": 38.762132, "lon": -77.1444093, "class": "boundary", "type": "census", "place_rank": 25, "importance": 0.37858398060478177, "addresstype": "census", "name": "Kingstowne", "display_name": "Kingstowne, Fairfax County, Virginia, United States", "nearest_node": 13318597751 }, "geometry": { "type": "Point", "coordinates": [ -77.155115, 38.766872 ] } },
{ "type": "Feature", "properties": { "stop_id": 156, "stop_name": "BEULAH ST @ GAYFIELDS RD", "wheelchair_boarding": 0, "STATEFP": "51", "COUNTYFP": "059", "TRACTCE": "421102", "GEOID": "51059421102", "GEOIDFQ": "1400000US51059421102", "NAME": "4211.02", "NAMELSAD": "Census Tract 4211.02", "MTFCC": "G5020", "FUNCSTAT": "S", "ALAND": 1564179, "AWATER": 6389, "INTPTLAT": "+38.7541324", "INTPTLON": "-077.1557476", "bbox_west": -77.167532, "bbox_south": 38.740042, "bbox_east": -77.121969, "bbox_north": 38.784071, "place_id": 347794220, "osm_type": "relation", "osm_id": 18347702, "lat": 38.762132, "lon": -77.1444093, "class": "boundary", "type": "census", "place_rank": 25, "importance": 0.37858398060478177, "addresstype": "census", "name": "Kingstowne", "display_name": "Kingstowne, Fairfax County, Virginia, United States", "nearest_node": 64063241 }, "geometry": { "type": "Point", "coordinates": [ -77.1656, 38.7524 ] } },
{ "type": "Feature", "properties": { "stop_id": 158, "stop_name": "BEULAH ST @ KINGSTOWNE COMMONS DR", "wheelchair_boarding": 0, "STATEFP": "51", "COUNTYFP": "059", "TRACTCE": "421102", "GEOID": "51059421102", "GEOIDFQ": "1400000US51059421102", "NAME": "4211.02", "NAMELSAD": "Census Tract 4211.02", "MTFCC": "G5020", "FUNCSTAT": "S", "ALAND": 1564179, "AWATER": 6389, "INTPTLAT": "+38.7541324", "INTPTLON": "-077.1557476", "bbox_west": -77.167532, "bbox_south": 38.740042, "bbox_east": -77.121969, "bbox_north": 38.784071, "place_id": 347794220, "osm_type": "relation", "osm_id": 18347702, "lat": 38.762132, "lon": -77.1444093, "class": "boundary", "type": "census", "place_rank": 25, "importance": 0.37858398060478177, "addresstype": "census", "name": "Kingstowne", "display_name": "Kingstowne, Fairfax County, Virginia, United States", "nearest_node": 13654231810 }, "geometry": { "type": "Point", "coordinates": [ -77.1589, 38.76058 ] } },
{ "type": "Feature", "properties": { "stop_id": 159, "stop_name": "BEULAH ST @ LANDSDOWNE CTR", "wheelchair_boarding": 0, "STATEFP": "51", "COUNTYFP": "059", "TRACTCE": "421103", "GEOID": "51059421103", "GEOIDFQ": "1400000US51059421103", "NAME": "4211.03", "NAMELSAD": "Census Tract 4211.03", "MTFCC": "G5020", "FUNCSTAT": "S", "ALAND": 4914488, "AWATER": 44824, "INTPTLAT": "+38.7395362", "INTPTLON": "-077.1678766", "bbox_west": -77.167532, "bbox_south": 38.740042, "bbox_east": -77.121969, "bbox_north": 38.784071, "place_id": 347794220, "osm_type": "relation", "osm_id": 18347702, "lat": 38.762132, "lon": -77.1444093, "class": "boundary", "type": "census", "place_rank": 25, "importance": 0.37858398060478177, "addresstype": "census", "name": "Kingstowne", "display_name": "Kingstowne, Fairfax County, Virginia, United States", "nearest_node": 11134980827 }, "geometry": { "type": "Point", "coordinates": [ -77.16392, 38.74083 ] } },
{ "type": "Feature", "properties": { "stop_id": 160, "stop_name": "BEULAH ST @ LANDSDOWNE CTR", "wheelchair_boarding": 0, "STATEFP": "51", "COUNTYFP": "059", "TRACTCE": "421103", "GEOID": "51059421103", "GEOIDFQ": "1400000US51059421103", "NAME": "4211.03", "NAMELSAD": "Census Tract 4211.03", "MTFCC": "G5020", "FUNCSTAT": "S", "ALAND": 4914488, "AWATER": 44824, "INTPTLAT": "+38.7395362", "INTPTLON": "-077.1678766", "bbox_west": -77.167532, "bbox_south": 38.740042, "bbox_east": -77.121969, "bbox_north": 38.784071, "place_id": 347794220, "osm_type": "relation", "osm_id": 18347702, "lat": 38.762132, "lon": -77.1444093, "class": "boundary", "type": "census", "place_rank": 25, "importance": 0.37858398060478177, "addresstype": "census", "name": "Kingstowne", "display_name": "Kingstowne, Fairfax County, Virginia, United States", "nearest_node": 1560923233 }, "geometry": { "type": "Point", "coordinates": [ -77.1649, 38.74142 ] } },
{ "type": "Feature", "properties": { "stop_id": 161, "stop_name": "BEULAH ST @ MILLER DR", "wheelchair_boarding": 0, "STATEFP": "51", "COUNTYFP": "059", "TRACTCE": "421102", "GEOID": "51059421102", "GEOIDFQ": "1400000US51059421102", "NAME": "4211.02", "NAMELSAD": "Census Tract 4211.02", "MTFCC": "G5020", "FUNCSTAT": "S", "ALAND": 1564179, "AWATER": 6389, "INTPTLAT": "+38.7541324", "INTPTLON": "-077.1557476", "bbox_west": -77.167532, "bbox_south": 38.740042, "bbox_east": -77.121969, "bbox_north": 38.784071, "place_id": 347794220, "osm_type": "relation", "osm_id": 18347702, "lat": 38.762132, "lon": -77.1444093, "class": "boundary", "type": "census", "place_rank": 25, "importance": 0.37858398060478177, "addresstype": "census", "name": "Kingstowne", "display_name": "Kingstowne, Fairfax County, Virginia, United States", "nearest_node": 63454489 }, "geometry": { "type": "Point", "coordinates": [ -77.16365, 38.75594 ] } },
{ "type": "Feature", "properties": { "stop_id": 164, "stop_name": "7800 BEULAH ST", "wheelchair_boarding": 0, "STATEFP": "51", "COUNTYFP": "059", "TRACTCE": "421103", "GEOID": "51059421103", "GEOIDFQ": "1400000US51059421103", "NAME": "4211.03", "NAMELSAD": "Census Tract 4211.03", "MTFCC": "G5020", "FUNCSTAT": "S", "ALAND": 4914488, "AWATER": 44824, "INTPTLAT": "+38.7395362", "INTPTLON": "-077.1678766", "bbox_west": -77.167532, "bbox_south": 38.740042, "bbox_east": -77.121969, "bbox_north": 38.784071, "place_id": 347794220, "osm_type": "relation", "osm_id": 18347702, "lat": 38.762132, "lon": -77.1444093, "class": "boundary", "type": "census", "place_rank": 25, "importance": 0.37858398060478177, "addresstype": "census", "name": "Kingstowne", "display_name": "Kingstowne, Fairfax County, Virginia, United States", "nearest_node": 1273910364 }, "geometry": { "type": "Point", "coordinates": [ -77.16724, 38.74689 ] } },
{ "type": "Feature", "properties": { "stop_id": 167, "stop_name": "BEULAH ST @ SILVER LAKE BLVD", "wheelchair_boarding": 0, "STATEFP": "51", "COUNTYFP": "059", "TRACTCE": "421102", "GEOID": "51059421102", "GEOIDFQ": "1400000US51059421102", "NAME": "4211.02", "NAMELSAD": "Census Tract 4211.02", "MTFCC": "G5020", "FUNCSTAT": "S", "ALAND": 1564179, "AWATER": 6389, "INTPTLAT": "+38.7541324", "INTPTLON": "-077.1557476", "bbox_west": -77.167532, "bbox_south": 38.740042, "bbox_east": -77.121969, "bbox_north": 38.784071, "place_id": 347794220, "osm_type": "relation", "osm_id": 18347702, "lat": 38.762132, "lon": -77.1444093, "class": "boundary", "type": "census", "place_rank": 25, "importance": 0.37858398060478177, "addresstype": "census", "name": "Kingstowne", "display_name": "Kingstowne, Fairfax County, Virginia, United States", "nearest_node": 13318597741 }, "geometry": { "type": "Point", "coordinates": [ -77.156828, 38.763004 ] } },
{ "type": "Feature", "properties": { "stop_id": 168, "stop_name": "BEULAH ST @ STEINWAY ST", "wheelchair_boarding": 0, "STATEFP": "51", "COUNTYFP": "059", "TRACTCE": "421102", "GEOID": "51059421102", "GEOIDFQ": "1400000US51059421102", "NAME": "4211.02", "NAMELSAD": "Census Tract 4211.02", "MTFCC": "G5020", "FUNCSTAT": "S", "ALAND": 1564179, "AWATER": 6389, "INTPTLAT": "+38.7541324", "INTPTLON": "-077.1557476", "bbox_west": -77.167532, "bbox_south": 38.740042, "bbox_east": -77.121969, "bbox_north": 38.784071, "place_id": 347794220, "osm_type": "relation", "osm_id": 18347702, "lat": 38.762132, "lon": -77.1444093, "class": "boundary", "type": "census", "place_rank": 25, "importance": 0.37858398060478177, "addresstype": "census", "name": "Kingstowne", "display_name": "Kingstowne, Fairfax County, Virginia, United States", "nearest_node": 63506742 }, "geometry": { "type": "Point", "coordinates": [ -77.16149, 38.75823 ] } },
{ "type": "Feature", "properties": { "stop_id": 169, "stop_name": "BEULAH ST @ VIEW LA", "wheelchair_boarding": 0, "STATEFP": "51", "COUNTYFP": "059", "TRACTCE": "421103", "GEOID": "51059421103", "GEOIDFQ": "1400000US51059421103", "NAME": "4211.03", "NAMELSAD": "Census Tract 4211.03", "MTFCC": "G5020", "FUNCSTAT": "S", "ALAND": 4914488, "AWATER": 44824, "INTPTLAT": "+38.7395362", "INTPTLON": "-077.1678766", "bbox_west": -77.167532, "bbox_south": 38.740042, "bbox_east": -77.121969, "bbox_north": 38.784071, "place_id": 347794220, "osm_type": "relation", "osm_id": 18347702, "lat": 38.762132, "lon": -77.1444093, "class": "boundary", "type": "census", "place_rank": 25, "importance": 0.37858398060478177, "addresstype": "census", "name": "Kingstowne", "display_name": "Kingstowne, Fairfax County, Virginia, United States", "nearest_node": 1561117212 }, "geometry": { "type": "Point", "coordinates": [ -77.16583, 38.74333 ] } },
{ "type": "Feature", "properties": { "stop_id": 275, "stop_name": "HAYFIELD RD @ KINGSTOWNE VLG PKWY W", "wheelchair_boarding": 0, "STATEFP": "51", "COUNTYFP": "059", "TRACTCE": "421102", "GEOID": "51059421102", "GEOIDFQ": "1400000US51059421102", "NAME": "4211.02", "NAMELSAD": "Census Tract 4211.02", "MTFCC": "G5020", "FUNCSTAT": "S", "ALAND": 1564179, "AWATER": 6389, "INTPTLAT": "+38.7541324", "INTPTLON": "-077.1557476", "bbox_west": -77.167532, "bbox_south": 38.740042, "bbox_east": -77.121969, "bbox_north": 38.784071, "place_id": 347794220, "osm_type": "relation", "osm_id": 18347702, "lat": 38.762132, "lon": -77.1444093, "class": "boundary", "type": "census", "place_rank": 25, "importance": 0.37858398060478177, "addresstype": "census", "name": "Kingstowne", "display_name": "Kingstowne, Fairfax County, Virginia, United States", "nearest_node": 1271985290 }, "geometry": { "type": "Point", "coordinates": [ -77.146284, 38.756699 ] } },
{ "type": "Feature", "properties": { "stop_id": 594, "stop_name": "FRANCONIA RD @ EM ST", "wheelchair_boarding": 0, "STATEFP": "51", "COUNTYFP": "059", "TRACTCE": "422302", "GEOID": "51059422302", "GEOIDFQ": "1400000US51059422302", "NAME": "4223.02", "NAMELSAD": "Census Tract 4223.02", "MTFCC": "G5020", "FUNCSTAT": "S", "ALAND": 2413425, "AWATER": 51384, "INTPTLAT": "+38.7719875", "INTPTLON": "-077.1437691", "bbox_west": -77.167532, "bbox_south": 38.740042, "bbox_east": -77.121969, "bbox_north": 38.784071, "place_id": 347794220, "osm_type": "relation", "osm_id": 18347702, "lat": 38.762132, "lon": -77.1444093, "class": "boundary", "type": "census", "place_rank": 25, "importance": 0.37858398060478177, "addresstype": "census", "name": "Kingstowne", "display_name": "Kingstowne, Fairfax County, Virginia, United States", "nearest_node": 13199893937 }, "geometry": { "type": "Point", "coordinates": [ -77.1402, 38.78317 ] } },
{ "type": "Feature", "properties": { "stop_id": 603, "stop_name": "FRANCONIA RD @ GUM ST", "wheelchair_boarding": 0, "STATEFP": "51", "COUNTYFP": "059", "TRACTCE": "422301", "GEOID": "51059422301", "GEOIDFQ": "1400000US51059422301", "NAME": "4223.01", "NAMELSAD": "Census Tract 4223.01", "MTFCC": "G5020", "FUNCSTAT": "S", "ALAND": 1290927, "AWATER": 0, "INTPTLAT": "+38.7801378", "INTPTLON": "-077.1283467", "bbox_west": -77.167532, "bbox_south": 38.740042, "bbox_east": -77.121969, "bbox_north": 38.784071, "place_id": 347794220, "osm_type": "relation", "osm_id": 18347702, "lat": 38.762132, "lon": -77.1444093, "class": "boundary", "type": "census", "place_rank": 25, "importance": 0.37858398060478177, "addresstype": "census", "name": "Kingstowne", "display_name": "Kingstowne, Fairfax County, Virginia, United States", "nearest_node": 2130235836 }, "geometry": { "type": "Point", "coordinates": [ -77.12908, 38.78398 ] } },
{ "type": "Feature", "properties": { "stop_id": 618, "stop_name": "FRANCONIA RD @ VILLA ST", "wheelchair_boarding": 0, "STATEFP": "51", "COUNTYFP": "059", "TRACTCE": "422302", "GEOID": "51059422302", "GEOIDFQ": "1400000US51059422302", "NAME": "4223.02", "NAMELSAD": "Census Tract 4223.02", "MTFCC": "G5020", "FUNCSTAT": "S", "ALAND": 2413425, "AWATER": 51384, "INTPTLAT": "+38.7719875", "INTPTLON": "-077.1437691", "bbox_west": -77.167532, "bbox_south": 38.740042, "bbox_east": -77.121969, "bbox_north": 38.784071, "place_id": 347794220, "osm_type": "relation", "osm_id": 18347702, "lat": 38.762132, "lon": -77.1444093, "class": "boundary", "type": "census", "place_rank": 25, "importance": 0.37858398060478177, "addresstype": "census", "name": "Kingstowne", "display_name": "Kingstowne, Fairfax County, Virginia, United States", "nearest_node": 13199893938 }, "geometry": { "type": "Point", "coordinates": [ -77.13845, 38.78352 ] } },
{ "type": "Feature", "properties": { "stop_id": 763, "stop_name": "HAYFIELD RD @ ROCK CLIFF LA", "wheelchair_boarding": 0, "STATEFP": "51", "COUNTYFP": "059", "TRACTCE": "421102", "GEOID": "51059421102", "GEOIDFQ": "1400000US51059421102", "NAME": "4211.02", "NAMELSAD": "Census Tract 4211.02", "MTFCC": "G5020", "FUNCSTAT": "S", "ALAND": 1564179, "AWATER": 6389, "INTPTLAT": "+38.7541324", "INTPTLON": "-077.1557476", "bbox_west": -77.167532, "bbox_south": 38.740042, "bbox_east": -77.121969, "bbox_north": 38.784071, "place_id": 347794220, "osm_type": "relation", "osm_id": 18347702, "lat": 38.762132, "lon": -77.1444093, "class": "boundary", "type": "census", "place_rank": 25, "importance": 0.37858398060478177, "addresstype": "census", "name": "Kingstowne", "display_name": "Kingstowne, Fairfax County, Virginia, United States", "nearest_node": 8819077686 }, "geometry": { "type": "Point", "coordinates": [ -77.15034, 38.76177 ] } },
{ "type": "Feature", "properties": { "stop_id": 765, "stop_name": "HELMSDALE LA @ AMESBURY CT", "wheelchair_boarding": 0, "STATEFP": "51", "COUNTYFP": "059", "TRACTCE": "422402", "GEOID": "51059422402", "GEOIDFQ": "1400000US51059422402", "NAME": "4224.02", "NAMELSAD": "Census Tract 4224.02", "MTFCC": "G5020", "FUNCSTAT": "S", "ALAND": 1891110, "AWATER": 2060, "INTPTLAT": "+38.7652763", "INTPTLON": "-077.1320516", "bbox_west": -77.167532, "bbox_south": 38.740042, "bbox_east": -77.121969, "bbox_north": 38.784071, "place_id": 347794220, "osm_type": "relation", "osm_id": 18347702, "lat": 38.762132, "lon": -77.1444093, "class": "boundary", "type": "census", "place_rank": 25, "importance": 0.37858398060478177, "addresstype": "census", "name": "Kingstowne", "display_name": "Kingstowne, Fairfax County, Virginia, United States", "nearest_node": 8816014531 }, "geometry": { "type": "Point", "coordinates": [ -77.137963, 38.755291 ] } },
{ "type": "Feature", "properties": { "stop_id": 766, "stop_name": "HELMSDALE LA @ BLANFORD CT", "wheelchair_boarding": 0, "STATEFP": "51", "COUNTYFP": "059", "TRACTCE": "422402", "GEOID": "51059422402", "GEOIDFQ": "1400000US51059422402", "NAME": "4224.02", "NAMELSAD": "Census Tract 4224.02", "MTFCC": "G5020", "FUNCSTAT": "S", "ALAND": 1891110, "AWATER": 2060, "INTPTLAT": "+38.7652763", "INTPTLON": "-077.1320516", "bbox_west": -77.167532, "bbox_south": 38.740042, "bbox_east": -77.121969, "bbox_north": 38.784071, "place_id": 347794220, "osm_type": "relation", "osm_id": 18347702, "lat": 38.762132, "lon": -77.1444093, "class": "boundary", "type": "census", "place_rank": 25, "importance": 0.37858398060478177, "addresstype": "census", "name": "Kingstowne", "display_name": "Kingstowne, Fairfax County, Virginia, United States", "nearest_node": 8421970547 }, "geometry": { "type": "Point", "coordinates": [ -77.141076, 38.755459 ] } },
{ "type": "Feature", "properties": { "stop_id": 767, "stop_name": "HELMSDALE LA @ BRIGHOUSE CT", "wheelchair_boarding": 0, "STATEFP": "51", "COUNTYFP": "059", "TRACTCE": "422402", "GEOID": "51059422402", "GEOIDFQ": "1400000US51059422402", "NAME": "4224.02", "NAMELSAD": "Census Tract 4224.02", "MTFCC": "G5020", "FUNCSTAT": "S", "ALAND": 1891110, "AWATER": 2060, "INTPTLAT": "+38.7652763", "INTPTLON": "-077.1320516", "bbox_west": -77.167532, "bbox_south": 38.740042, "bbox_east": -77.121969, "bbox_north": 38.784071, "place_id": 347794220, "osm_type": "relation", "osm_id": 18347702, "lat": 38.762132, "lon": -77.1444093, "class": "boundary", "type": "census", "place_rank": 25, "importance": 0.37858398060478177, "addresstype": "census", "name": "Kingstowne", "display_name": "Kingstowne, Fairfax County, Virginia, United States", "nearest_node": 8421970547 }, "geometry": { "type": "Point", "coordinates": [ -77.140814, 38.755126 ] } },
{ "type": "Feature", "properties": { "stop_id": 768, "stop_name": "HELMSDALE LA @ DUDDINGTON DR", "wheelchair_boarding": 0, "STATEFP": "51", "COUNTYFP": "059", "TRACTCE": "422402", "GEOID": "51059422402", "GEOIDFQ": "1400000US51059422402", "NAME": "4224.02", "NAMELSAD": "Census Tract 4224.02", "MTFCC": "G5020", "FUNCSTAT": "S", "ALAND": 1891110, "AWATER": 2060, "INTPTLAT": "+38.7652763", "INTPTLON": "-077.1320516", "bbox_west": -77.167532, "bbox_south": 38.740042, "bbox_east": -77.121969, "bbox_north": 38.784071, "place_id": 347794220, "osm_type": "relation", "osm_id": 18347702, "lat": 38.762132, "lon": -77.1444093, "class": "boundary", "type": "census", "place_rank": 25, "importance": 0.37858398060478177, "addresstype": "census", "name": "Kingstowne", "display_name": "Kingstowne, Fairfax County, Virginia, United States", "nearest_node": 8816014531 }, "geometry": { "type": "Point", "coordinates": [ -77.138253, 38.755456 ] } },
{ "type": "Feature", "properties": { "stop_id": 770, "stop_name": "TELEGRAPH RD @ HELMSDALE LA", "wheelchair_boarding": 0, "STATEFP": "51", "COUNTYFP": "059", "TRACTCE": "422402", "GEOID": "51059422402", "GEOIDFQ": "1400000US51059422402", "NAME": "4224.02", "NAMELSAD": "Census Tract 4224.02", "MTFCC": "G5020", "FUNCSTAT": "S", "ALAND": 1891110, "AWATER": 2060, "INTPTLAT": "+38.7652763", "INTPTLON": "-077.1320516", "bbox_west": -77.167532, "bbox_south": 38.740042, "bbox_east": -77.121969, "bbox_north": 38.784071, "place_id": 347794220, "osm_type": "relation", "osm_id": 18347702, "lat": 38.762132, "lon": -77.1444093, "class": "boundary", "type": "census", "place_rank": 25, "importance": 0.37858398060478177, "addresstype": "census", "name": "Kingstowne", "display_name": "Kingstowne, Fairfax County, Virginia, United States", "nearest_node": 8816014531 }, "geometry": { "type": "Point", "coordinates": [ -77.13745, 38.75546 ] } },
{ "type": "Feature", "properties": { "stop_id": 892, "stop_name": "KING CENTRE DR @ BARCLAY DR", "wheelchair_boarding": 0, "STATEFP": "51", "COUNTYFP": "059", "TRACTCE": "422402", "GEOID": "51059422402", "GEOIDFQ": "1400000US51059422402", "NAME": "4224.02", "NAMELSAD": "Census Tract 4224.02", "MTFCC": "G5020", "FUNCSTAT": "S", "ALAND": 1891110, "AWATER": 2060, "INTPTLAT": "+38.7652763", "INTPTLON": "-077.1320516", "bbox_west": -77.167532, "bbox_south": 38.740042, "bbox_east": -77.121969, "bbox_north": 38.784071, "place_id": 347794220, "osm_type": "relation", "osm_id": 18347702, "lat": 38.762132, "lon": -77.1444093, "class": "boundary", "type": "census", "place_rank": 25, "importance": 0.37858398060478177, "addresstype": "census", "name": "Kingstowne", "display_name": "Kingstowne, Fairfax County, Virginia, United States", "nearest_node": 13422351443 }, "geometry": { "type": "Point", "coordinates": [ -77.13789, 38.76824 ] } },
{ "type": "Feature", "properties": { "stop_id": 893, "stop_name": "KING CENTER DR @ BARCLAY DR", "wheelchair_boarding": 0, "STATEFP": "51", "COUNTYFP": "059", "TRACTCE": "422402", "GEOID": "51059422402", "GEOIDFQ": "1400000US51059422402", "NAME": "4224.02", "NAMELSAD": "Census Tract 4224.02", "MTFCC": "G5020", "FUNCSTAT": "S", "ALAND": 1891110, "AWATER": 2060, "INTPTLAT": "+38.7652763", "INTPTLON": "-077.1320516", "bbox_west": -77.167532, "bbox_south": 38.740042, "bbox_east": -77.121969, "bbox_north": 38.784071, "place_id": 347794220, "osm_type": "relation", "osm_id": 18347702, "lat": 38.762132, "lon": -77.1444093, "class": "boundary", "type": "census", "place_rank": 25, "importance": 0.37858398060478177, "addresstype": "census", "name": "Kingstowne", "display_name": "Kingstowne, Fairfax County, Virginia, United States", "nearest_node": 8816014299 }, "geometry": { "type": "Point", "coordinates": [ -77.138388, 38.76769 ] } },
{ "type": "Feature", "properties": { "stop_id": 894, "stop_name": "KING CENTRE DR @ SIR VICEROY DR", "wheelchair_boarding": 0, "STATEFP": "51", "COUNTYFP": "059", "TRACTCE": "422402", "GEOID": "51059422402", "GEOIDFQ": "1400000US51059422402", "NAME": "4224.02", "NAMELSAD": "Census Tract 4224.02", "MTFCC": "G5020", "FUNCSTAT": "S", "ALAND": 1891110, "AWATER": 2060, "INTPTLAT": "+38.7652763", "INTPTLON": "-077.1320516", "bbox_west": -77.167532, "bbox_south": 38.740042, "bbox_east": -77.121969, "bbox_north": 38.784071, "place_id": 347794220, "osm_type": "relation", "osm_id": 18347702, "lat": 38.762132, "lon": -77.1444093, "class": "boundary", "type": "census", "place_rank": 25, "importance": 0.37858398060478177, "addresstype": "census", "name": "Kingstowne", "display_name": "Kingstowne, Fairfax County, Virginia, United States", "nearest_node": 4697614509 }, "geometry": { "type": "Point", "coordinates": [ -77.134066, 38.769427 ] } },
{ "type": "Feature", "properties": { "stop_id": 904, "stop_name": "KINGSTOWNE BLVD @ KINGSTOWNE VILLAG", "wheelchair_boarding": 0, "STATEFP": "51", "COUNTYFP": "059", "TRACTCE": "422302", "GEOID": "51059422302", "GEOIDFQ": "1400000US51059422302", "NAME": "4223.02", "NAMELSAD": "Census Tract 4223.02", "MTFCC": "G5020", "FUNCSTAT": "S", "ALAND": 2413425, "AWATER": 51384, "INTPTLAT": "+38.7719875", "INTPTLON": "-077.1437691", "bbox_west": -77.167532, "bbox_south": 38.740042, "bbox_east": -77.121969, "bbox_north": 38.784071, "place_id": 347794220, "osm_type": "relation", "osm_id": 18347702, "lat": 38.762132, "lon": -77.1444093, "class": "boundary", "type": "census", "place_rank": 25, "importance": 0.37858398060478177, "addresstype": "census", "name": "Kingstowne", "display_name": "Kingstowne, Fairfax County, Virginia, United States", "nearest_node": 7114700669 }, "geometry": { "type": "Point", "coordinates": [ -77.139232, 38.769674 ] } },
{ "type": "Feature", "properties": { "stop_id": 905, "stop_name": "KINGSTOWNE BLVD @ KINGSTOWNE VILLAG", "wheelchair_boarding": 0, "STATEFP": "51", "COUNTYFP": "059", "TRACTCE": "422302", "GEOID": "51059422302", "GEOIDFQ": "1400000US51059422302", "NAME": "4223.02", "NAMELSAD": "Census Tract 4223.02", "MTFCC": "G5020", "FUNCSTAT": "S", "ALAND": 2413425, "AWATER": 51384, "INTPTLAT": "+38.7719875", "INTPTLON": "-077.1437691", "bbox_west": -77.167532, "bbox_south": 38.740042, "bbox_east": -77.121969, "bbox_north": 38.784071, "place_id": 347794220, "osm_type": "relation", "osm_id": 18347702, "lat": 38.762132, "lon": -77.1444093, "class": "boundary", "type": "census", "place_rank": 25, "importance": 0.37858398060478177, "addresstype": "census", "name": "Kingstowne", "display_name": "Kingstowne, Fairfax County, Virginia, United States", "nearest_node": 4697622951 }, "geometry": { "type": "Point", "coordinates": [ -77.137847, 38.770097 ] } },
{ "type": "Feature", "properties": { "stop_id": 912, "stop_name": "KINGSTOWNE VLG PKWY @ ASHBY LA", "wheelchair_boarding": 0, "STATEFP": "51", "COUNTYFP": "059", "TRACTCE": "421102", "GEOID": "51059421102", "GEOIDFQ": "1400000US51059421102", "NAME": "4211.02", "NAMELSAD": "Census Tract 4211.02", "MTFCC": "G5020", "FUNCSTAT": "S", "ALAND": 1564179, "AWATER": 6389, "INTPTLAT": "+38.7541324", "INTPTLON": "-077.1557476", "bbox_west": -77.167532, "bbox_south": 38.740042, "bbox_east": -77.121969, "bbox_north": 38.784071, "place_id": 347794220, "osm_type": "relation", "osm_id": 18347702, "lat": 38.762132, "lon": -77.1444093, "class": "boundary", "type": "census", "place_rank": 25, "importance": 0.37858398060478177, "addresstype": "census", "name": "Kingstowne", "display_name": "Kingstowne, Fairfax County, Virginia, United States", "nearest_node": 1271984691 }, "geometry": { "type": "Point", "coordinates": [ -77.14935, 38.75511 ] } },
{ "type": "Feature", "properties": { "stop_id": 913, "stop_name": "KINGSTOWNE VLG PKWY @ ASHBY LA", "wheelchair_boarding": 0, "STATEFP": "51", "COUNTYFP": "059", "TRACTCE": "421103", "GEOID": "51059421103", "GEOIDFQ": "1400000US51059421103", "NAME": "4211.03", "NAMELSAD": "Census Tract 4211.03", "MTFCC": "G5020", "FUNCSTAT": "S", "ALAND": 4914488, "AWATER": 44824, "INTPTLAT": "+38.7395362", "INTPTLON": "-077.1678766", "bbox_west": -77.167532, "bbox_south": 38.740042, "bbox_east": -77.121969, "bbox_north": 38.784071, "place_id": 347794220, "osm_type": "relation", "osm_id": 18347702, "lat": 38.762132, "lon": -77.1444093, "class": "boundary", "type": "census", "place_rank": 25, "importance": 0.37858398060478177, "addresstype": "census", "name": "Kingstowne", "display_name": "Kingstowne, Fairfax County, Virginia, United States", "nearest_node": 1271985193 }, "geometry": { "type": "Point", "coordinates": [ -77.14903, 38.75505 ] } },
{ "type": "Feature", "properties": { "stop_id": 914, "stop_name": "KINGSTOWNE VLG PKWY @ ALDERMAN DR", "wheelchair_boarding": 0, "STATEFP": "51", "COUNTYFP": "059", "TRACTCE": "421102", "GEOID": "51059421102", "GEOIDFQ": "1400000US51059421102", "NAME": "4211.02", "NAMELSAD": "Census Tract 4211.02", "MTFCC": "G5020", "FUNCSTAT": "S", "ALAND": 1564179, "AWATER": 6389, "INTPTLAT": "+38.7541324", "INTPTLON": "-077.1557476", "bbox_west": -77.167532, "bbox_south": 38.740042, "bbox_east": -77.121969, "bbox_north": 38.784071, "place_id": 347794220, "osm_type": "relation", "osm_id": 18347702, "lat": 38.762132, "lon": -77.1444093, "class": "boundary", "type": "census", "place_rank": 25, "importance": 0.37858398060478177, "addresstype": "census", "name": "Kingstowne", "display_name": "Kingstowne, Fairfax County, Virginia, United States", "nearest_node": 10964284645 }, "geometry": { "type": "Point", "coordinates": [ -77.165214, 38.751212 ] } },
{ "type": "Feature", "properties": { "stop_id": 915, "stop_name": "KINGSTOWNE VLG PKWY @ BEULAH ST", "wheelchair_boarding": 0, "STATEFP": "51", "COUNTYFP": "059", "TRACTCE": "421103", "GEOID": "51059421103", "GEOIDFQ": "1400000US51059421103", "NAME": "4211.03", "NAMELSAD": "Census Tract 4211.03", "MTFCC": "G5020", "FUNCSTAT": "S", "ALAND": 4914488, "AWATER": 44824, "INTPTLAT": "+38.7395362", "INTPTLON": "-077.1678766", "bbox_west": -77.167532, "bbox_south": 38.740042, "bbox_east": -77.121969, "bbox_north": 38.784071, "place_id": 347794220, "osm_type": "relation", "osm_id": 18347702, "lat": 38.762132, "lon": -77.1444093, "class": "boundary", "type": "census", "place_rank": 25, "importance": 0.37858398060478177, "addresstype": "census", "name": "Kingstowne", "display_name": "Kingstowne, Fairfax County, Virginia, United States", "nearest_node": 10964284645 }, "geometry": { "type": "Point", "coordinates": [ -77.16557, 38.75122 ] } },
{ "type": "Feature", "properties": { "stop_id": 917, "stop_name": "KINGSTOWNE VILLAGE PKWY @ DARDEN RO", "wheelchair_boarding": 0, "STATEFP": "51", "COUNTYFP": "059", "TRACTCE": "421102", "GEOID": "51059421102", "GEOIDFQ": "1400000US51059421102", "NAME": "4211.02", "NAMELSAD": "Census Tract 4211.02", "MTFCC": "G5020", "FUNCSTAT": "S", "ALAND": 1564179, "AWATER": 6389, "INTPTLAT": "+38.7541324", "INTPTLON": "-077.1557476", "bbox_west": -77.167532, "bbox_south": 38.740042, "bbox_east": -77.121969, "bbox_north": 38.784071, "place_id": 347794220, "osm_type": "relation", "osm_id": 18347702, "lat": 38.762132, "lon": -77.1444093, "class": "boundary", "type": "census", "place_rank": 25, "importance": 0.37858398060478177, "addresstype": "census", "name": "Kingstowne", "display_name": "Kingstowne, Fairfax County, Virginia, United States", "nearest_node": 10964281776 }, "geometry": { "type": "Point", "coordinates": [ -77.16161, 38.74973 ] } },
{ "type": "Feature", "properties": { "stop_id": 918, "stop_name": "KINGSTOWNE VILLAGE PKWY @ EDGEWARE", "wheelchair_boarding": 0, "STATEFP": "51", "COUNTYFP": "059", "TRACTCE": "422402", "GEOID": "51059422402", "GEOIDFQ": "1400000US51059422402", "NAME": "4224.02", "NAMELSAD": "Census Tract 4224.02", "MTFCC": "G5020", "FUNCSTAT": "S", "ALAND": 1891110, "AWATER": 2060, "INTPTLAT": "+38.7652763", "INTPTLON": "-077.1320516", "bbox_west": -77.167532, "bbox_south": 38.740042, "bbox_east": -77.121969, "bbox_north": 38.784071, "place_id": 347794220, "osm_type": "relation", "osm_id": 18347702, "lat": 38.762132, "lon": -77.1444093, "class": "boundary", "type": "census", "place_rank": 25, "importance": 0.37858398060478177, "addresstype": "census", "name": "Kingstowne", "display_name": "Kingstowne, Fairfax County, Virginia, United States", "nearest_node": 8816014432 }, "geometry": { "type": "Point", "coordinates": [ -77.14231, 38.76268 ] } },
{ "type": "Feature", "properties": { "stop_id": 919, "stop_name": "KINGSTOWNE VLG PKWY @ HAYFIELD RD", "wheelchair_boarding": 0, "STATEFP": "51", "COUNTYFP": "059", "TRACTCE": "422402", "GEOID": "51059422402", "GEOIDFQ": "1400000US51059422402", "NAME": "4224.02", "NAMELSAD": "Census Tract 4224.02", "MTFCC": "G5020", "FUNCSTAT": "S", "ALAND": 1891110, "AWATER": 2060, "INTPTLAT": "+38.7652763", "INTPTLON": "-077.1320516", "bbox_west": -77.167532, "bbox_south": 38.740042, "bbox_east": -77.121969, "bbox_north": 38.784071, "place_id": 347794220, "osm_type": "relation", "osm_id": 18347702, "lat": 38.762132, "lon": -77.1444093, "class": "boundary", "type": "census", "place_rank": 25, "importance": 0.37858398060478177, "addresstype": "census", "name": "Kingstowne", "display_name": "Kingstowne, Fairfax County, Virginia, United States", "nearest_node": 7956185889 }, "geometry": { "type": "Point", "coordinates": [ -77.14522, 38.75674 ] } },
{ "type": "Feature", "properties": { "stop_id": 922, "stop_name": "KINGSTOWNE VLG @ KING CENTRE DR", "wheelchair_boarding": 0, "STATEFP": "51", "COUNTYFP": "059", "TRACTCE": "422402", "GEOID": "51059422402", "GEOIDFQ": "1400000US51059422402", "NAME": "4224.02", "NAMELSAD": "Census Tract 4224.02", "MTFCC": "G5020", "FUNCSTAT": "S", "ALAND": 1891110, "AWATER": 2060, "INTPTLAT": "+38.7652763", "INTPTLON": "-077.1320516", "bbox_west": -77.167532, "bbox_south": 38.740042, "bbox_east": -77.121969, "bbox_north": 38.784071, "place_id": 347794220, "osm_type": "relation", "osm_id": 18347702, "lat": 38.762132, "lon": -77.1444093, "class": "boundary", "type": "census", "place_rank": 25, "importance": 0.37858398060478177, "addresstype": "census", "name": "Kingstowne", "display_name": "Kingstowne, Fairfax County, Virginia, United States", "nearest_node": 11294208854 }, "geometry": { "type": "Point", "coordinates": [ -77.14028, 38.76749 ] } },
{ "type": "Feature", "properties": { "stop_id": 923, "stop_name": "KINGSTOWNE VLG @ LITTLETHORPE LA", "wheelchair_boarding": 0, "STATEFP": "51", "COUNTYFP": "059", "TRACTCE": "421102", "GEOID": "51059421102", "GEOIDFQ": "1400000US51059421102", "NAME": "4211.02", "NAMELSAD": "Census Tract 4211.02", "MTFCC": "G5020", "FUNCSTAT": "S", "ALAND": 1564179, "AWATER": 6389, "INTPTLAT": "+38.7541324", "INTPTLON": "-077.1557476", "bbox_west": -77.167532, "bbox_south": 38.740042, "bbox_east": -77.121969, "bbox_north": 38.784071, "place_id": 347794220, "osm_type": "relation", "osm_id": 18347702, "lat": 38.762132, "lon": -77.1444093, "class": "boundary", "type": "census", "place_rank": 25, "importance": 0.37858398060478177, "addresstype": "census", "name": "Kingstowne", "display_name": "Kingstowne, Fairfax County, Virginia, United States", "nearest_node": 1785925230 }, "geometry": { "type": "Point", "coordinates": [ -77.15904, 38.75046 ] } },
{ "type": "Feature", "properties": { "stop_id": 924, "stop_name": "KINGSTOWNE VLG PKWY @ NORHAM DR", "wheelchair_boarding": 0, "STATEFP": "51", "COUNTYFP": "059", "TRACTCE": "422402", "GEOID": "51059422402", "GEOIDFQ": "1400000US51059422402", "NAME": "4224.02", "NAMELSAD": "Census Tract 4224.02", "MTFCC": "G5020", "FUNCSTAT": "S", "ALAND": 1891110, "AWATER": 2060, "INTPTLAT": "+38.7652763", "INTPTLON": "-077.1320516", "bbox_west": -77.167532, "bbox_south": 38.740042, "bbox_east": -77.121969, "bbox_north": 38.784071, "place_id": 347794220, "osm_type": "relation", "osm_id": 18347702, "lat": 38.762132, "lon": -77.1444093, "class": "boundary", "type": "census", "place_rank": 25, "importance": 0.37858398060478177, "addresstype": "census", "name": "Kingstowne", "display_name": "Kingstowne, Fairfax County, Virginia, United States", "nearest_node": 7956185905 }, "geometry": { "type": "Point", "coordinates": [ -77.14418, 38.75793 ] } },
{ "type": "Feature", "properties": { "stop_id": 925, "stop_name": "KINGSTOWNE @ SUMMER RIDGE RD", "wheelchair_boarding": 0, "STATEFP": "51", "COUNTYFP": "059", "TRACTCE": "422402", "GEOID": "51059422402", "GEOIDFQ": "1400000US51059422402", "NAME": "4224.02", "NAMELSAD": "Census Tract 4224.02", "MTFCC": "G5020", "FUNCSTAT": "S", "ALAND": 1891110, "AWATER": 2060, "INTPTLAT": "+38.7652763", "INTPTLON": "-077.1320516", "bbox_west": -77.167532, "bbox_south": 38.740042, "bbox_east": -77.121969, "bbox_north": 38.784071, "place_id": 347794220, "osm_type": "relation", "osm_id": 18347702, "lat": 38.762132, "lon": -77.1444093, "class": "boundary", "type": "census", "place_rank": 25, "importance": 0.37858398060478177, "addresstype": "census", "name": "Kingstowne", "display_name": "Kingstowne, Fairfax County, Virginia, United States", "nearest_node": 1563062223 }, "geometry": { "type": "Point", "coordinates": [ -77.143483, 38.760183 ] } },
{ "type": "Feature", "properties": { "stop_id": 926, "stop_name": "KINGSTOWNE VLG @ STONE WHEAT CT", "wheelchair_boarding": 0, "STATEFP": "51", "COUNTYFP": "059", "TRACTCE": "421103", "GEOID": "51059421103", "GEOIDFQ": "1400000US51059421103", "NAME": "4211.03", "NAMELSAD": "Census Tract 4211.03", "MTFCC": "G5020", "FUNCSTAT": "S", "ALAND": 4914488, "AWATER": 44824, "INTPTLAT": "+38.7395362", "INTPTLON": "-077.1678766", "bbox_west": -77.167532, "bbox_south": 38.740042, "bbox_east": -77.121969, "bbox_north": 38.784071, "place_id": 347794220, "osm_type": "relation", "osm_id": 18347702, "lat": 38.762132, "lon": -77.1444093, "class": "boundary", "type": "census", "place_rank": 25, "importance": 0.37858398060478177, "addresstype": "census", "name": "Kingstowne", "display_name": "Kingstowne, Fairfax County, Virginia, United States", "nearest_node": 10964281804 }, "geometry": { "type": "Point", "coordinates": [ -77.16249, 38.74985 ] } },
{ "type": "Feature", "properties": { "stop_id": 927, "stop_name": "KINGSTOWNE VLG @ TALIAFERRO WAY", "wheelchair_boarding": 0, "STATEFP": "51", "COUNTYFP": "059", "TRACTCE": "421102", "GEOID": "51059421102", "GEOIDFQ": "1400000US51059421102", "NAME": "4211.02", "NAMELSAD": "Census Tract 4211.02", "MTFCC": "G5020", "FUNCSTAT": "S", "ALAND": 1564179, "AWATER": 6389, "INTPTLAT": "+38.7541324", "INTPTLON": "-077.1557476", "bbox_west": -77.167532, "bbox_south": 38.740042, "bbox_east": -77.121969, "bbox_north": 38.784071, "place_id": 347794220, "osm_type": "relation", "osm_id": 18347702, "lat": 38.762132, "lon": -77.1444093, "class": "boundary", "type": "census", "place_rank": 25, "importance": 0.37858398060478177, "addresstype": "census", "name": "Kingstowne", "display_name": "Kingstowne, Fairfax County, Virginia, United States", "nearest_node": 63718961 }, "geometry": { "type": "Point", "coordinates": [ -77.15773, 38.75145 ] } },
{ "type": "Feature", "properties": { "stop_id": 928, "stop_name": "KINGSTOWNE VLG @ VILLAGE PARK DR", "wheelchair_boarding": 0, "STATEFP": "51", "COUNTYFP": "059", "TRACTCE": "421102", "GEOID": "51059421102", "GEOIDFQ": "1400000US51059421102", "NAME": "4211.02", "NAMELSAD": "Census Tract 4211.02", "MTFCC": "G5020", "FUNCSTAT": "S", "ALAND": 1564179, "AWATER": 6389, "INTPTLAT": "+38.7541324", "INTPTLON": "-077.1557476", "bbox_west": -77.167532, "bbox_south": 38.740042, "bbox_east": -77.121969, "bbox_north": 38.784071, "place_id": 347794220, "osm_type": "relation", "osm_id": 18347702, "lat": 38.762132, "lon": -77.1444093, "class": "boundary", "type": "census", "place_rank": 25, "importance": 0.37858398060478177, "addresstype": "census", "name": "Kingstowne", "display_name": "Kingstowne, Fairfax County, Virginia, United States", "nearest_node": 11294339540 }, "geometry": { "type": "Point", "coordinates": [ -77.15144, 38.7537 ] } },
{ "type": "Feature", "properties": { "stop_id": 929, "stop_name": "KINGSTOWNE VILLAGE PKWY @ PARK VILL", "wheelchair_boarding": 0, "STATEFP": "51", "COUNTYFP": "059", "TRACTCE": "421103", "GEOID": "51059421103", "GEOIDFQ": "1400000US51059421103", "NAME": "4211.03", "NAMELSAD": "Census Tract 4211.03", "MTFCC": "G5020", "FUNCSTAT": "S", "ALAND": 4914488, "AWATER": 44824, "INTPTLAT": "+38.7395362", "INTPTLON": "-077.1678766", "bbox_west": -77.167532, "bbox_south": 38.740042, "bbox_east": -77.121969, "bbox_north": 38.784071, "place_id": 347794220, "osm_type": "relation", "osm_id": 18347702, "lat": 38.762132, "lon": -77.1444093, "class": "boundary", "type": "census", "place_rank": 25, "importance": 0.37858398060478177, "addresstype": "census", "name": "Kingstowne", "display_name": "Kingstowne, Fairfax County, Virginia, United States", "nearest_node": 11294339540 }, "geometry": { "type": "Point", "coordinates": [ -77.15138, 38.75352 ] } },
{ "type": "Feature", "properties": { "stop_id": 930, "stop_name": "KINGSTOWNE @ WINDHAM HILL RUN", "wheelchair_boarding": 0, "STATEFP": "51", "COUNTYFP": "059", "TRACTCE": "421103", "GEOID": "51059421103", "GEOIDFQ": "1400000US51059421103", "NAME": "4211.03", "NAMELSAD": "Census Tract 4211.03", "MTFCC": "G5020", "FUNCSTAT": "S", "ALAND": 4914488, "AWATER": 44824, "INTPTLAT": "+38.7395362", "INTPTLON": "-077.1678766", "bbox_west": -77.167532, "bbox_south": 38.740042, "bbox_east": -77.121969, "bbox_north": 38.784071, "place_id": 347794220, "osm_type": "relation", "osm_id": 18347702, "lat": 38.762132, "lon": -77.1444093, "class": "boundary", "type": "census", "place_rank": 25, "importance": 0.37858398060478177, "addresstype": "census", "name": "Kingstowne", "display_name": "Kingstowne, Fairfax County, Virginia, United States", "nearest_node": 10963791731 }, "geometry": { "type": "Point", "coordinates": [ -77.15846, 38.75079 ] } },
{ "type": "Feature", "properties": { "stop_id": 1064, "stop_name": "MANCHESTER BLVD @ ROCK RIDGE LA", "wheelchair_boarding": 0, "STATEFP": "51", "COUNTYFP": "059", "TRACTCE": "422302", "GEOID": "51059422302", "GEOIDFQ": "1400000US51059422302", "NAME": "4223.02", "NAMELSAD": "Census Tract 4223.02", "MTFCC": "G5020", "FUNCSTAT": "S", "ALAND": 2413425, "AWATER": 51384, "INTPTLAT": "+38.7719875", "INTPTLON": "-077.1437691", "bbox_west": -77.167532, "bbox_south": 38.740042, "bbox_east": -77.121969, "bbox_north": 38.784071, "place_id": 347794220, "osm_type": "relation", "osm_id": 18347702, "lat": 38.762132, "lon": -77.1444093, "class": "boundary", "type": "census", "place_rank": 25, "importance": 0.37858398060478177, "addresstype": "census", "name": "Kingstowne", "display_name": "Kingstowne, Fairfax County, Virginia, United States", "nearest_node": 11951239256 }, "geometry": { "type": "Point", "coordinates": [ -77.148354, 38.764261 ] } },
{ "type": "Feature", "properties": { "stop_id": 1065, "stop_name": "MANCHESTER BLVD@ SILVER LAKE BLVD", "wheelchair_boarding": 0, "STATEFP": "51", "COUNTYFP": "059", "TRACTCE": "422302", "GEOID": "51059422302", "GEOIDFQ": "1400000US51059422302", "NAME": "4223.02", "NAMELSAD": "Census Tract 4223.02", "MTFCC": "G5020", "FUNCSTAT": "S", "ALAND": 2413425, "AWATER": 51384, "INTPTLAT": "+38.7719875", "INTPTLON": "-077.1437691", "bbox_west": -77.167532, "bbox_south": 38.740042, "bbox_east": -77.121969, "bbox_north": 38.784071, "place_id": 347794220, "osm_type": "relation", "osm_id": 18347702, "lat": 38.762132, "lon": -77.1444093, "class": "boundary", "type": "census", "place_rank": 25, "importance": 0.37858398060478177, "addresstype": "census", "name": "Kingstowne", "display_name": "Kingstowne, Fairfax County, Virginia, United States", "nearest_node": 13654246999 }, "geometry": { "type": "Point", "coordinates": [ -77.154298, 38.765066 ] } },
{ "type": "Feature", "properties": { "stop_id": 1074, "stop_name": "MANCHESTER LAKES DR @ MANCHESTER BL", "wheelchair_boarding": 0, "STATEFP": "51", "COUNTYFP": "059", "TRACTCE": "422302", "GEOID": "51059422302", "GEOIDFQ": "1400000US51059422302", "NAME": "4223.02", "NAMELSAD": "Census Tract 4223.02", "MTFCC": "G5020", "FUNCSTAT": "S", "ALAND": 2413425, "AWATER": 51384, "INTPTLAT": "+38.7719875", "INTPTLON": "-077.1437691", "bbox_west": -77.167532, "bbox_south": 38.740042, "bbox_east": -77.121969, "bbox_north": 38.784071, "place_id": 347794220, "osm_type": "relation", "osm_id": 18347702, "lat": 38.762132, "lon": -77.1444093, "class": "boundary", "type": "census", "place_rank": 25, "importance": 0.37858398060478177, "addresstype": "census", "name": "Kingstowne", "display_name": "Kingstowne, Fairfax County, Virginia, United States", "nearest_node": 63642632 }, "geometry": { "type": "Point", "coordinates": [ -77.145196, 38.768055 ] } },
{ "type": "Feature", "properties": { "stop_id": 1077, "stop_name": "MANCHESTER LAKES @ OLD BRENTFORD CT", "wheelchair_boarding": 0, "STATEFP": "51", "COUNTYFP": "059", "TRACTCE": "422302", "GEOID": "51059422302", "GEOIDFQ": "1400000US51059422302", "NAME": "4223.02", "NAMELSAD": "Census Tract 4223.02", "MTFCC": "G5020", "FUNCSTAT": "S", "ALAND": 2413425, "AWATER": 51384, "INTPTLAT": "+38.7719875", "INTPTLON": "-077.1437691", "bbox_west": -77.167532, "bbox_south": 38.740042, "bbox_east": -77.121969, "bbox_north": 38.784071, "place_id": 347794220, "osm_type": "relation", "osm_id": 18347702, "lat": 38.762132, "lon": -77.1444093, "class": "boundary", "type": "census", "place_rank": 25, "importance": 0.37858398060478177, "addresstype": "census", "name": "Kingstowne", "display_name": "Kingstowne, Fairfax County, Virginia, United States", "nearest_node": 11951239260 }, "geometry": { "type": "Point", "coordinates": [ -77.149328, 38.767178 ] } },
{ "type": "Feature", "properties": { "stop_id": 1079, "stop_name": "MANCHESTER LAKES @ SCHOONMAKER CT", "wheelchair_boarding": 0, "STATEFP": "51", "COUNTYFP": "059", "TRACTCE": "422302", "GEOID": "51059422302", "GEOIDFQ": "1400000US51059422302", "NAME": "4223.02", "NAMELSAD": "Census Tract 4223.02", "MTFCC": "G5020", "FUNCSTAT": "S", "ALAND": 2413425, "AWATER": 51384, "INTPTLAT": "+38.7719875", "INTPTLON": "-077.1437691", "bbox_west": -77.167532, "bbox_south": 38.740042, "bbox_east": -77.121969, "bbox_north": 38.784071, "place_id": 347794220, "osm_type": "relation", "osm_id": 18347702, "lat": 38.762132, "lon": -77.1444093, "class": "boundary", "type": "census", "place_rank": 25, "importance": 0.37858398060478177, "addresstype": "census", "name": "Kingstowne", "display_name": "Kingstowne, Fairfax County, Virginia, United States", "nearest_node": 8819077659 }, "geometry": { "type": "Point", "coordinates": [ -77.150997, 38.764636 ] } },
{ "type": "Feature", "properties": { "stop_id": 1115, "stop_name": "MORNING VIEW LA @ ISLAND CREEK CT", "wheelchair_boarding": 0, "STATEFP": "51", "COUNTYFP": "059", "TRACTCE": "421103", "GEOID": "51059421103", "GEOIDFQ": "1400000US51059421103", "NAME": "4211.03", "NAMELSAD": "Census Tract 4211.03", "MTFCC": "G5020", "FUNCSTAT": "S", "ALAND": 4914488, "AWATER": 44824, "INTPTLAT": "+38.7395362", "INTPTLON": "-077.1678766", "bbox_west": -77.167532, "bbox_south": 38.740042, "bbox_east": -77.121969, "bbox_north": 38.784071, "place_id": 347794220, "osm_type": "relation", "osm_id": 18347702, "lat": 38.762132, "lon": -77.1444093, "class": "boundary", "type": "census", "place_rank": 25, "importance": 0.37858398060478177, "addresstype": "census", "name": "Kingstowne", "display_name": "Kingstowne, Fairfax County, Virginia, United States", "nearest_node": 1273910450 }, "geometry": { "type": "Point", "coordinates": [ -77.17101, 38.74975 ] } },
{ "type": "Feature", "properties": { "stop_id": 1116, "stop_name": "MORNING VIEW LA @ JOHN THOMAS DR", "wheelchair_boarding": 0, "STATEFP": "51", "COUNTYFP": "059", "TRACTCE": "421103", "GEOID": "51059421103", "GEOIDFQ": "1400000US51059421103", "NAME": "4211.03", "NAMELSAD": "Census Tract 4211.03", "MTFCC": "G5020", "FUNCSTAT": "S", "ALAND": 4914488, "AWATER": 44824, "INTPTLAT": "+38.7395362", "INTPTLON": "-077.1678766", "bbox_west": -77.167532, "bbox_south": 38.740042, "bbox_east": -77.121969, "bbox_north": 38.784071, "place_id": 347794220, "osm_type": "relation", "osm_id": 18347702, "lat": 38.762132, "lon": -77.1444093, "class": "boundary", "type": "census", "place_rank": 25, "importance": 0.37858398060478177, "addresstype": "census", "name": "Kingstowne", "display_name": "Kingstowne, Fairfax County, Virginia, United States", "nearest_node": 1273910450 }, "geometry": { "type": "Point", "coordinates": [ -77.17092, 38.74857 ] } },
{ "type": "Feature", "properties": { "stop_id": 1120, "stop_name": "MORNING VIEW LA @ TASSIA DR", "wheelchair_boarding": 0, "STATEFP": "51", "COUNTYFP": "059", "TRACTCE": "421103", "GEOID": "51059421103", "GEOIDFQ": "1400000US51059421103", "NAME": "4211.03", "NAMELSAD": "Census Tract 4211.03", "MTFCC": "G5020", "FUNCSTAT": "S", "ALAND": 4914488, "AWATER": 44824, "INTPTLAT": "+38.7395362", "INTPTLON": "-077.1678766", "bbox_west": -77.167532, "bbox_south": 38.740042, "bbox_east": -77.121969, "bbox_north": 38.784071, "place_id": 347794220, "osm_type": "relation", "osm_id": 18347702, "lat": 38.762132, "lon": -77.1444093, "class": "boundary", "type": "census", "place_rank": 25, "importance": 0.37858398060478177, "addresstype": "census", "name": "Kingstowne", "display_name": "Kingstowne, Fairfax County, Virginia, United States", "nearest_node": 7961625817 }, "geometry": { "type": "Point", "coordinates": [ -77.16959, 38.74557 ] } },
{ "type": "Feature", "properties": { "stop_id": 1121, "stop_name": "MORNING VIEW LA @ THOMAS GRANT DR", "wheelchair_boarding": 0, "STATEFP": "51", "COUNTYFP": "059", "TRACTCE": "421103", "GEOID": "51059421103", "GEOIDFQ": "1400000US51059421103", "NAME": "4211.03", "NAMELSAD": "Census Tract 4211.03", "MTFCC": "G5020", "FUNCSTAT": "S", "ALAND": 4914488, "AWATER": 44824, "INTPTLAT": "+38.7395362", "INTPTLON": "-077.1678766", "bbox_west": -77.167532, "bbox_south": 38.740042, "bbox_east": -77.121969, "bbox_north": 38.784071, "place_id": 347794220, "osm_type": "relation", "osm_id": 18347702, "lat": 38.762132, "lon": -77.1444093, "class": "boundary", "type": "census", "place_rank": 25, "importance": 0.37858398060478177, "addresstype": "census", "name": "Kingstowne", "display_name": "Kingstowne, Fairfax County, Virginia, United States", "nearest_node": 8882945833 }, "geometry": { "type": "Point", "coordinates": [ -77.16957, 38.75145 ] } },
{ "type": "Feature", "properties": { "stop_id": 1306, "stop_name": "ROSE HILL DR @ MAY BLVD", "wheelchair_boarding": 0, "STATEFP": "51", "COUNTYFP": "059", "TRACTCE": "422403", "GEOID": "51059422403", "GEOIDFQ": "1400000US51059422403", "NAME": "4224.03", "NAMELSAD": "Census Tract 4224.03", "MTFCC": "G5020", "FUNCSTAT": "S", "ALAND": 2179011, "AWATER": 38697, "INTPTLAT": "+38.7732200", "INTPTLON": "-077.1214125", "bbox_west": -77.167532, "bbox_south": 38.740042, "bbox_east": -77.121969, "bbox_north": 38.784071, "place_id": 347794220, "osm_type": "relation", "osm_id": 18347702, "lat": 38.762132, "lon": -77.1444093, "class": "boundary", "type": "census", "place_rank": 25, "importance": 0.37858398060478177, "addresstype": "census", "name": "Kingstowne", "display_name": "Kingstowne, Fairfax County, Virginia, United States", "nearest_node": 2921324121 }, "geometry": { "type": "Point", "coordinates": [ -77.117928, 38.780903 ] } },
{ "type": "Feature", "properties": { "stop_id": 1312, "stop_name": "ROSE HILL DR @ CELTIC DR", "wheelchair_boarding": 0, "STATEFP": "51", "COUNTYFP": "059", "TRACTCE": "422301", "GEOID": "51059422301", "GEOIDFQ": "1400000US51059422301", "NAME": "4223.01", "NAMELSAD": "Census Tract 4223.01", "MTFCC": "G5020", "FUNCSTAT": "S", "ALAND": 1290927, "AWATER": 0, "INTPTLAT": "+38.7801378", "INTPTLON": "-077.1283467", "bbox_west": -77.167532, "bbox_south": 38.740042, "bbox_east": -77.121969, "bbox_north": 38.784071, "place_id": 347794220, "osm_type": "relation", "osm_id": 18347702, "lat": 38.762132, "lon": -77.1444093, "class": "boundary", "type": "census", "place_rank": 25, "importance": 0.37858398060478177, "addresstype": "census", "name": "Kingstowne", "display_name": "Kingstowne, Fairfax County, Virginia, United States", "nearest_node": 2921324121 }, "geometry": { "type": "Point", "coordinates": [ -77.119187, 38.782281 ] } },
{ "type": "Feature", "properties": { "stop_id": 1317, "stop_name": "ROSE HILL DR @ COTTONWOOD DR", "wheelchair_boarding": 0, "STATEFP": "51", "COUNTYFP": "059", "TRACTCE": "422403", "GEOID": "51059422403", "GEOIDFQ": "1400000US51059422403", "NAME": "4224.03", "NAMELSAD": "Census Tract 4224.03", "MTFCC": "G5020", "FUNCSTAT": "S", "ALAND": 2179011, "AWATER": 38697, "INTPTLAT": "+38.7732200", "INTPTLON": "-077.1214125", "bbox_west": -77.167532, "bbox_south": 38.740042, "bbox_east": -77.121969, "bbox_north": 38.784071, "place_id": 347794220, "osm_type": "relation", "osm_id": 18347702, "lat": 38.762132, "lon": -77.1444093, "class": "boundary", "type": "census", "place_rank": 25, "importance": 0.37858398060478177, "addresstype": "census", "name": "Kingstowne", "display_name": "Kingstowne, Fairfax County, Virginia, United States", "nearest_node": 2921324121 }, "geometry": { "type": "Point", "coordinates": [ -77.114912, 38.778258 ] } },
{ "type": "Feature", "properties": { "stop_id": 1322, "stop_name": "ROSE HILL DR @ EASTCHESTER CIR", "wheelchair_boarding": 0, "STATEFP": "51", "COUNTYFP": "059", "TRACTCE": "422301", "GEOID": "51059422301", "GEOIDFQ": "1400000US51059422301", "NAME": "4223.01", "NAMELSAD": "Census Tract 4223.01", "MTFCC": "G5020", "FUNCSTAT": "S", "ALAND": 1290927, "AWATER": 0, "INTPTLAT": "+38.7801378", "INTPTLON": "-077.1283467", "bbox_west": -77.167532, "bbox_south": 38.740042, "bbox_east": -77.121969, "bbox_north": 38.784071, "place_id": 347794220, "osm_type": "relation", "osm_id": 18347702, "lat": 38.762132, "lon": -77.1444093, "class": "boundary", "type": "census", "place_rank": 25, "importance": 0.37858398060478177, "addresstype": "census", "name": "Kingstowne", "display_name": "Kingstowne, Fairfax County, Virginia, United States", "nearest_node": 2130235837 }, "geometry": { "type": "Point", "coordinates": [ -77.120755, 38.783809 ] } },
{ "type": "Feature", "properties": { "stop_id": 1324, "stop_name": "ROSE HILL DR @ FLOWER LA", "wheelchair_boarding": 0, "STATEFP": "51", "COUNTYFP": "059", "TRACTCE": "422403", "GEOID": "51059422403", "GEOIDFQ": "1400000US51059422403", "NAME": "4224.03", "NAMELSAD": "Census Tract 4224.03", "MTFCC": "G5020", "FUNCSTAT": "S", "ALAND": 2179011, "AWATER": 38697, "INTPTLAT": "+38.7732200", "INTPTLON": "-077.1214125", "bbox_west": -77.167532, "bbox_south": 38.740042, "bbox_east": -77.121969, "bbox_north": 38.784071, "place_id": 347794220, "osm_type": "relation", "osm_id": 18347702, "lat": 38.762132, "lon": -77.1444093, "class": "boundary", "type": "census", "place_rank": 25, "importance": 0.37858398060478177, "addresstype": "census", "name": "Kingstowne", "display_name": "Kingstowne, Fairfax County, Virginia, United States", "nearest_node": 2921324121 }, "geometry": { "type": "Point", "coordinates": [ -77.11709, 38.77963 ] } },
{ "type": "Feature", "properties": { "stop_id": 1355, "stop_name": "ROSE HILL DR @ STURBRIDGE PL", "wheelchair_boarding": 0, "STATEFP": "51", "COUNTYFP": "059", "TRACTCE": "422403", "GEOID": "51059422403", "GEOIDFQ": "1400000US51059422403", "NAME": "4224.03", "NAMELSAD": "Census Tract 4224.03", "MTFCC": "G5020", "FUNCSTAT": "S", "ALAND": 2179011, "AWATER": 38697, "INTPTLAT": "+38.7732200", "INTPTLON": "-077.1214125", "bbox_west": -77.167532, "bbox_south": 38.740042, "bbox_east": -77.121969, "bbox_north": 38.784071, "place_id": 347794220, "osm_type": "relation", "osm_id": 18347702, "lat": 38.762132, "lon": -77.1444093, "class": "boundary", "type": "census", "place_rank": 25, "importance": 0.37858398060478177, "addresstype": "census", "name": "Kingstowne", "display_name": "Kingstowne, Fairfax County, Virginia, United States", "nearest_node": 2130235614 }, "geometry": { "type": "Point", "coordinates": [ -77.11247, 38.776477 ] } },
{ "type": "Feature", "properties": { "stop_id": 1522, "stop_name": "SUMMER RIDGE RD @ DARBY TOWNE CT", "wheelchair_boarding": 0, "STATEFP": "51", "COUNTYFP": "059", "TRACTCE": "422402", "GEOID": "51059422402", "GEOIDFQ": "1400000US51059422402", "NAME": "4224.02", "NAMELSAD": "Census Tract 4224.02", "MTFCC": "G5020", "FUNCSTAT": "S", "ALAND": 1891110, "AWATER": 2060, "INTPTLAT": "+38.7652763", "INTPTLON": "-077.1320516", "bbox_west": -77.167532, "bbox_south": 38.740042, "bbox_east": -77.121969, "bbox_north": 38.784071, "place_id": 347794220, "osm_type": "relation", "osm_id": 18347702, "lat": 38.762132, "lon": -77.1444093, "class": "boundary", "type": "census", "place_rank": 25, "importance": 0.37858398060478177, "addresstype": "census", "name": "Kingstowne", "display_name": "Kingstowne, Fairfax County, Virginia, United States", "nearest_node": 8816014002 }, "geometry": { "type": "Point", "coordinates": [ -77.13748, 38.76372 ] } },
{ "type": "Feature", "properties": { "stop_id": 1523, "stop_name": "SUMMER RIDGE RD @ EDGEWARE LA", "wheelchair_boarding": 0, "STATEFP": "51", "COUNTYFP": "059", "TRACTCE": "422402", "GEOID": "51059422402", "GEOIDFQ": "1400000US51059422402", "NAME": "4224.02", "NAMELSAD": "Census Tract 4224.02", "MTFCC": "G5020", "FUNCSTAT": "S", "ALAND": 1891110, "AWATER": 2060, "INTPTLAT": "+38.7652763", "INTPTLON": "-077.1320516", "bbox_west": -77.167532, "bbox_south": 38.740042, "bbox_east": -77.121969, "bbox_north": 38.784071, "place_id": 347794220, "osm_type": "relation", "osm_id": 18347702, "lat": 38.762132, "lon": -77.1444093, "class": "boundary", "type": "census", "place_rank": 25, "importance": 0.37858398060478177, "addresstype": "census", "name": "Kingstowne", "display_name": "Kingstowne, Fairfax County, Virginia, United States", "nearest_node": 8818996010 }, "geometry": { "type": "Point", "coordinates": [ -77.13903, 38.76483 ] } },
{ "type": "Feature", "properties": { "stop_id": 1527, "stop_name": "SUMMER RIDGE RD @ LENSFIELD CT", "wheelchair_boarding": 0, "STATEFP": "51", "COUNTYFP": "059", "TRACTCE": "422402", "GEOID": "51059422402", "GEOIDFQ": "1400000US51059422402", "NAME": "4224.02", "NAMELSAD": "Census Tract 4224.02", "MTFCC": "G5020", "FUNCSTAT": "S", "ALAND": 1891110, "AWATER": 2060, "INTPTLAT": "+38.7652763", "INTPTLON": "-077.1320516", "bbox_west": -77.167532, "bbox_south": 38.740042, "bbox_east": -77.121969, "bbox_north": 38.784071, "place_id": 347794220, "osm_type": "relation", "osm_id": 18347702, "lat": 38.762132, "lon": -77.1444093, "class": "boundary", "type": "census", "place_rank": 25, "importance": 0.37858398060478177, "addresstype": "census", "name": "Kingstowne", "display_name": "Kingstowne, Fairfax County, Virginia, United States", "nearest_node": 8816014367 }, "geometry": { "type": "Point", "coordinates": [ -77.13673, 38.76167 ] } },
{ "type": "Feature", "properties": { "stop_id": 1534, "stop_name": "SUMMER RIDGE RD @ WESCOTT HILLS WAY", "wheelchair_boarding": 0, "STATEFP": "51", "COUNTYFP": "059", "TRACTCE": "422402", "GEOID": "51059422402", "GEOIDFQ": "1400000US51059422402", "NAME": "4224.02", "NAMELSAD": "Census Tract 4224.02", "MTFCC": "G5020", "FUNCSTAT": "S", "ALAND": 1891110, "AWATER": 2060, "INTPTLAT": "+38.7652763", "INTPTLON": "-077.1320516", "bbox_west": -77.167532, "bbox_south": 38.740042, "bbox_east": -77.121969, "bbox_north": 38.784071, "place_id": 347794220, "osm_type": "relation", "osm_id": 18347702, "lat": 38.762132, "lon": -77.1444093, "class": "boundary", "type": "census", "place_rank": 25, "importance": 0.37858398060478177, "addresstype": "census", "name": "Kingstowne", "display_name": "Kingstowne, Fairfax County, Virginia, United States", "nearest_node": 8816013772 }, "geometry": { "type": "Point", "coordinates": [ -77.141866, 38.760572 ] } },
{ "type": "Feature", "properties": { "stop_id": 1535, "stop_name": "SUMMER RIDGE RD @ WORSLEY WAY", "wheelchair_boarding": 0, "STATEFP": "51", "COUNTYFP": "059", "TRACTCE": "422402", "GEOID": "51059422402", "GEOIDFQ": "1400000US51059422402", "NAME": "4224.02", "NAMELSAD": "Census Tract 4224.02", "MTFCC": "G5020", "FUNCSTAT": "S", "ALAND": 1891110, "AWATER": 2060, "INTPTLAT": "+38.7652763", "INTPTLON": "-077.1320516", "bbox_west": -77.167532, "bbox_south": 38.740042, "bbox_east": -77.121969, "bbox_north": 38.784071, "place_id": 347794220, "osm_type": "relation", "osm_id": 18347702, "lat": 38.762132, "lon": -77.1444093, "class": "boundary", "type": "census", "place_rank": 25, "importance": 0.37858398060478177, "addresstype": "census", "name": "Kingstowne", "display_name": "Kingstowne, Fairfax County, Virginia, United States", "nearest_node": 1563062247 }, "geometry": { "type": "Point", "coordinates": [ -77.1372, 38.76025 ] } },
{ "type": "Feature", "properties": { "stop_id": 1649, "stop_name": "TELEGRAPH RD @ BROADMOOR ST", "wheelchair_boarding": 0, "STATEFP": "51", "COUNTYFP": "059", "TRACTCE": "421103", "GEOID": "51059421103", "GEOIDFQ": "1400000US51059421103", "NAME": "4211.03", "NAMELSAD": "Census Tract 4211.03", "MTFCC": "G5020", "FUNCSTAT": "S", "ALAND": 4914488, "AWATER": 44824, "INTPTLAT": "+38.7395362", "INTPTLON": "-077.1678766", "bbox_west": -77.167532, "bbox_south": 38.740042, "bbox_east": -77.121969, "bbox_north": 38.784071, "place_id": 347794220, "osm_type": "relation", "osm_id": 18347702, "lat": 38.762132, "lon": -77.1444093, "class": "boundary", "type": "census", "place_rank": 25, "importance": 0.37858398060478177, "addresstype": "census", "name": "Kingstowne", "display_name": "Kingstowne, Fairfax County, Virginia, United States", "nearest_node": 4797744678 }, "geometry": { "type": "Point", "coordinates": [ -77.14246, 38.74908 ] } },
{ "type": "Feature", "properties": { "stop_id": 1651, "stop_name": "TELEGRAPH RD @ BELLEAU WOODS LA", "wheelchair_boarding": 0, "STATEFP": "51", "COUNTYFP": "059", "TRACTCE": "422402", "GEOID": "51059422402", "GEOIDFQ": "1400000US51059422402", "NAME": "4224.02", "NAMELSAD": "Census Tract 4224.02", "MTFCC": "G5020", "FUNCSTAT": "S", "ALAND": 1891110, "AWATER": 2060, "INTPTLAT": "+38.7652763", "INTPTLON": "-077.1320516", "bbox_west": -77.167532, "bbox_south": 38.740042, "bbox_east": -77.121969, "bbox_north": 38.784071, "place_id": 347794220, "osm_type": "relation", "osm_id": 18347702, "lat": 38.762132, "lon": -77.1444093, "class": "boundary", "type": "census", "place_rank": 25, "importance": 0.37858398060478177, "addresstype": "census", "name": "Kingstowne", "display_name": "Kingstowne, Fairfax County, Virginia, United States", "nearest_node": 8816013902 }, "geometry": { "type": "Point", "coordinates": [ -77.13659, 38.75729 ] } },
{ "type": "Feature", "properties": { "stop_id": 1653, "stop_name": "TELEGRAPH RD @ D'EVEREUX CIRCLE DR", "wheelchair_boarding": 0, "STATEFP": "51", "COUNTYFP": "059", "TRACTCE": "422402", "GEOID": "51059422402", "GEOIDFQ": "1400000US51059422402", "NAME": "4224.02", "NAMELSAD": "Census Tract 4224.02", "MTFCC": "G5020", "FUNCSTAT": "S", "ALAND": 1891110, "AWATER": 2060, "INTPTLAT": "+38.7652763", "INTPTLON": "-077.1320516", "bbox_west": -77.167532, "bbox_south": 38.740042, "bbox_east": -77.121969, "bbox_north": 38.784071, "place_id": 347794220, "osm_type": "relation", "osm_id": 18347702, "lat": 38.762132, "lon": -77.1444093, "class": "boundary", "type": "census", "place_rank": 25, "importance": 0.37858398060478177, "addresstype": "census", "name": "Kingstowne", "display_name": "Kingstowne, Fairfax County, Virginia, United States", "nearest_node": 7734522000 }, "geometry": { "type": "Point", "coordinates": [ -77.1265, 38.76493 ] } },
{ "type": "Feature", "properties": { "stop_id": 1654, "stop_name": "TELEGRAPH RD @ D'EVEREUX CIRCLE DR", "wheelchair_boarding": 0, "STATEFP": "51", "COUNTYFP": "059", "TRACTCE": "422403", "GEOID": "51059422403", "GEOIDFQ": "1400000US51059422403", "NAME": "4224.03", "NAMELSAD": "Census Tract 4224.03", "MTFCC": "G5020", "FUNCSTAT": "S", "ALAND": 2179011, "AWATER": 38697, "INTPTLAT": "+38.7732200", "INTPTLON": "-077.1214125", "bbox_west": -77.167532, "bbox_south": 38.740042, "bbox_east": -77.121969, "bbox_north": 38.784071, "place_id": 347794220, "osm_type": "relation", "osm_id": 18347702, "lat": 38.762132, "lon": -77.1444093, "class": "boundary", "type": "census", "place_rank": 25, "importance": 0.37858398060478177, "addresstype": "census", "name": "Kingstowne", "display_name": "Kingstowne, Fairfax County, Virginia, United States", "nearest_node": 7734522001 }, "geometry": { "type": "Point", "coordinates": [ -77.12625, 38.76479 ] } },
{ "type": "Feature", "properties": { "stop_id": 1655, "stop_name": "TELEGRAPH RD @ VAN DORN ST", "wheelchair_boarding": 0, "STATEFP": "51", "COUNTYFP": "059", "TRACTCE": "422403", "GEOID": "51059422403", "GEOIDFQ": "1400000US51059422403", "NAME": "4224.03", "NAMELSAD": "Census Tract 4224.03", "MTFCC": "G5020", "FUNCSTAT": "S", "ALAND": 2179011, "AWATER": 38697, "INTPTLAT": "+38.7732200", "INTPTLON": "-077.1214125", "bbox_west": -77.167532, "bbox_south": 38.740042, "bbox_east": -77.121969, "bbox_north": 38.784071, "place_id": 347794220, "osm_type": "relation", "osm_id": 18347702, "lat": 38.762132, "lon": -77.1444093, "class": "boundary", "type": "census", "place_rank": 25, "importance": 0.37858398060478177, "addresstype": "census", "name": "Kingstowne", "display_name": "Kingstowne, Fairfax County, Virginia, United States", "nearest_node": 7734139368 }, "geometry": { "type": "Point", "coordinates": [ -77.12426, 38.76579 ] } },
{ "type": "Feature", "properties": { "stop_id": 1656, "stop_name": "TELEGRAPH RD @ DUNSMORE RD", "wheelchair_boarding": 0, "STATEFP": "51", "COUNTYFP": "059", "TRACTCE": "422402", "GEOID": "51059422402", "GEOIDFQ": "1400000US51059422402", "NAME": "4224.02", "NAMELSAD": "Census Tract 4224.02", "MTFCC": "G5020", "FUNCSTAT": "S", "ALAND": 1891110, "AWATER": 2060, "INTPTLAT": "+38.7652763", "INTPTLON": "-077.1320516", "bbox_west": -77.167532, "bbox_south": 38.740042, "bbox_east": -77.121969, "bbox_north": 38.784071, "place_id": 347794220, "osm_type": "relation", "osm_id": 18347702, "lat": 38.762132, "lon": -77.1444093, "class": "boundary", "type": "census", "place_rank": 25, "importance": 0.37858398060478177, "addresstype": "census", "name": "Kingstowne", "display_name": "Kingstowne, Fairfax County, Virginia, United States", "nearest_node": 63548091 }, "geometry": { "type": "Point", "coordinates": [ -77.13303, 38.76097 ] } },
{ "type": "Feature", "properties": { "stop_id": 1657, "stop_name": "TELEGRAPH RD @ DUNSMORE RD", "wheelchair_boarding": 0, "STATEFP": "51", "COUNTYFP": "059", "TRACTCE": "422403", "GEOID": "51059422403", "GEOIDFQ": "1400000US51059422403", "NAME": "4224.03", "NAMELSAD": "Census Tract 4224.03", "MTFCC": "G5020", "FUNCSTAT": "S", "ALAND": 2179011, "AWATER": 38697, "INTPTLAT": "+38.7732200", "INTPTLON": "-077.1214125", "bbox_west": -77.167532, "bbox_south": 38.740042, "bbox_east": -77.121969, "bbox_north": 38.784071, "place_id": 347794220, "osm_type": "relation", "osm_id": 18347702, "lat": 38.762132, "lon": -77.1444093, "class": "boundary", "type": "census", "place_rank": 25, "importance": 0.37858398060478177, "addresstype": "census", "name": "Kingstowne", "display_name": "Kingstowne, Fairfax County, Virginia, United States", "nearest_node": 63548091 }, "geometry": { "type": "Point", "coordinates": [ -77.13286, 38.76089 ] } },
{ "type": "Feature", "properties": { "stop_id": 1661, "stop_name": "TELEGRAPH RD @ GLENWOOD MEWS CT", "wheelchair_boarding": 0, "STATEFP": "51", "COUNTYFP": "059", "TRACTCE": "422402", "GEOID": "51059422402", "GEOIDFQ": "1400000US51059422402", "NAME": "4224.02", "NAMELSAD": "Census Tract 4224.02", "MTFCC": "G5020", "FUNCSTAT": "S", "ALAND": 1891110, "AWATER": 2060, "INTPTLAT": "+38.7652763", "INTPTLON": "-077.1320516", "bbox_west": -77.167532, "bbox_south": 38.740042, "bbox_east": -77.121969, "bbox_north": 38.784071, "place_id": 347794220, "osm_type": "relation", "osm_id": 18347702, "lat": 38.762132, "lon": -77.1444093, "class": "boundary", "type": "census", "place_rank": 25, "importance": 0.37858398060478177, "addresstype": "census", "name": "Kingstowne", "display_name": "Kingstowne, Fairfax County, Virginia, United States", "nearest_node": 8816014347 }, "geometry": { "type": "Point", "coordinates": [ -77.13523, 38.75902 ] } },
{ "type": "Feature", "properties": { "stop_id": 1662, "stop_name": "HAYFIELD SCHOOL", "wheelchair_boarding": 0, "STATEFP": "51", "COUNTYFP": "059", "TRACTCE": "421103", "GEOID": "51059421103", "GEOIDFQ": "1400000US51059421103", "NAME": "4211.03", "NAMELSAD": "Census Tract 4211.03", "MTFCC": "G5020", "FUNCSTAT": "S", "ALAND": 4914488, "AWATER": 44824, "INTPTLAT": "+38.7395362", "INTPTLON": "-077.1678766", "bbox_west": -77.167532, "bbox_south": 38.740042, "bbox_east": -77.121969, "bbox_north": 38.784071, "place_id": 347794220, "osm_type": "relation", "osm_id": 18347702, "lat": 38.762132, "lon": -77.1444093, "class": "boundary", "type": "census", "place_rank": 25, "importance": 0.37858398060478177, "addresstype": "census", "name": "Kingstowne", "display_name": "Kingstowne, Fairfax County, Virginia, United States", "nearest_node": 1058171677 }, "geometry": { "type": "Point", "coordinates": [ -77.14044, 38.75129 ] } },
{ "type": "Feature", "properties": { "stop_id": 1663, "stop_name": "TELEGRAPH RD @ HIGHLAND MEADOWS CT", "wheelchair_boarding": 0, "STATEFP": "51", "COUNTYFP": "059", "TRACTCE": "422402", "GEOID": "51059422402", "GEOIDFQ": "1400000US51059422402", "NAME": "4224.02", "NAMELSAD": "Census Tract 4224.02", "MTFCC": "G5020", "FUNCSTAT": "S", "ALAND": 1891110, "AWATER": 2060, "INTPTLAT": "+38.7652763", "INTPTLON": "-077.1320516", "bbox_west": -77.167532, "bbox_south": 38.740042, "bbox_east": -77.121969, "bbox_north": 38.784071, "place_id": 347794220, "osm_type": "relation", "osm_id": 18347702, "lat": 38.762132, "lon": -77.1444093, "class": "boundary", "type": "census", "place_rank": 25, "importance": 0.37858398060478177, "addresstype": "census", "name": "Kingstowne", "display_name": "Kingstowne, Fairfax County, Virginia, United States", "nearest_node": 8826375240 }, "geometry": { "type": "Point", "coordinates": [ -77.128819, 38.763658 ] } },
{ "type": "Feature", "properties": { "stop_id": 1675, "stop_name": "TELEGRAPH RD @ WICKFORD DR", "wheelchair_boarding": 0, "STATEFP": "51", "COUNTYFP": "059", "TRACTCE": "422403", "GEOID": "51059422403", "GEOIDFQ": "1400000US51059422403", "NAME": "4224.03", "NAMELSAD": "Census Tract 4224.03", "MTFCC": "G5020", "FUNCSTAT": "S", "ALAND": 2179011, "AWATER": 38697, "INTPTLAT": "+38.7732200", "INTPTLON": "-077.1214125", "bbox_west": -77.167532, "bbox_south": 38.740042, "bbox_east": -77.121969, "bbox_north": 38.784071, "place_id": 347794220, "osm_type": "relation", "osm_id": 18347702, "lat": 38.762132, "lon": -77.1444093, "class": "boundary", "type": "census", "place_rank": 25, "importance": 0.37858398060478177, "addresstype": "census", "name": "Kingstowne", "display_name": "Kingstowne, Fairfax County, Virginia, United States", "nearest_node": 63846666 }, "geometry": { "type": "Point", "coordinates": [ -77.13017, 38.76265 ] } },
{ "type": "Feature", "properties": { "stop_id": 1717, "stop_name": "S VAN DORN ST @ CASTLEWELLEN DR", "wheelchair_boarding": 0, "STATEFP": "51", "COUNTYFP": "059", "TRACTCE": "422301", "GEOID": "51059422301", "GEOIDFQ": "1400000US51059422301", "NAME": "4223.01", "NAMELSAD": "Census Tract 4223.01", "MTFCC": "G5020", "FUNCSTAT": "S", "ALAND": 1290927, "AWATER": 0, "INTPTLAT": "+38.7801378", "INTPTLON": "-077.1283467", "bbox_west": -77.167532, "bbox_south": 38.740042, "bbox_east": -77.121969, "bbox_north": 38.784071, "place_id": 347794220, "osm_type": "relation", "osm_id": 18347702, "lat": 38.762132, "lon": -77.1444093, "class": "boundary", "type": "census", "place_rank": 25, "importance": 0.37858398060478177, "addresstype": "census", "name": "Kingstowne", "display_name": "Kingstowne, Fairfax County, Virginia, United States", "nearest_node": 7301069249 }, "geometry": { "type": "Point", "coordinates": [ -77.135333, 38.778839 ] } },
{ "type": "Feature", "properties": { "stop_id": 1723, "stop_name": "S VAN DORN ST @ FRANCONIA RD", "wheelchair_boarding": 0, "STATEFP": "51", "COUNTYFP": "059", "TRACTCE": "422302", "GEOID": "51059422302", "GEOIDFQ": "1400000US51059422302", "NAME": "4223.02", "NAMELSAD": "Census Tract 4223.02", "MTFCC": "G5020", "FUNCSTAT": "S", "ALAND": 2413425, "AWATER": 51384, "INTPTLAT": "+38.7719875", "INTPTLON": "-077.1437691", "bbox_west": -77.167532, "bbox_south": 38.740042, "bbox_east": -77.121969, "bbox_north": 38.784071, "place_id": 347794220, "osm_type": "relation", "osm_id": 18347702, "lat": 38.762132, "lon": -77.1444093, "class": "boundary", "type": "census", "place_rank": 25, "importance": 0.37858398060478177, "addresstype": "census", "name": "Kingstowne", "display_name": "Kingstowne, Fairfax County, Virginia, United States", "nearest_node": 13199893921 }, "geometry": { "type": "Point", "coordinates": [ -77.136042, 38.783477 ] } },
{ "type": "Feature", "properties": { "stop_id": 1724, "stop_name": "S VAN DORN ST @ FRANCONIA RD", "wheelchair_boarding": 0, "STATEFP": "51", "COUNTYFP": "059", "TRACTCE": "422301", "GEOID": "51059422301", "GEOIDFQ": "1400000US51059422301", "NAME": "4223.01", "NAMELSAD": "Census Tract 4223.01", "MTFCC": "G5020", "FUNCSTAT": "S", "ALAND": 1290927, "AWATER": 0, "INTPTLAT": "+38.7801378", "INTPTLON": "-077.1283467", "bbox_west": -77.167532, "bbox_south": 38.740042, "bbox_east": -77.121969, "bbox_north": 38.784071, "place_id": 347794220, "osm_type": "relation", "osm_id": 18347702, "lat": 38.762132, "lon": -77.1444093, "class": "boundary", "type": "census", "place_rank": 25, "importance": 0.37858398060478177, "addresstype": "census", "name": "Kingstowne", "display_name": "Kingstowne, Fairfax County, Virginia, United States", "nearest_node": 2371478878 }, "geometry": { "type": "Point", "coordinates": [ -77.13551, 38.78302 ] } },
{ "type": "Feature", "properties": { "stop_id": 1725, "stop_name": "S VAN DORN ST @ KINGSTOWNE BLVD", "wheelchair_boarding": 0, "STATEFP": "51", "COUNTYFP": "059", "TRACTCE": "422301", "GEOID": "51059422301", "GEOIDFQ": "1400000US51059422301", "NAME": "4223.01", "NAMELSAD": "Census Tract 4223.01", "MTFCC": "G5020", "FUNCSTAT": "S", "ALAND": 1290927, "AWATER": 0, "INTPTLAT": "+38.7801378", "INTPTLON": "-077.1283467", "bbox_west": -77.167532, "bbox_south": 38.740042, "bbox_east": -77.121969, "bbox_north": 38.784071, "place_id": 347794220, "osm_type": "relation", "osm_id": 18347702, "lat": 38.762132, "lon": -77.1444093, "class": "boundary", "type": "census", "place_rank": 25, "importance": 0.37858398060478177, "addresstype": "census", "name": "Kingstowne", "display_name": "Kingstowne, Fairfax County, Virginia, United States", "nearest_node": 7114700584 }, "geometry": { "type": "Point", "coordinates": [ -77.13351, 38.77386 ] } },
{ "type": "Feature", "properties": { "stop_id": 1726, "stop_name": "S VAN DORN ST @ KINGSTOWNE BLVD", "wheelchair_boarding": 0, "STATEFP": "51", "COUNTYFP": "059", "TRACTCE": "422302", "GEOID": "51059422302", "GEOIDFQ": "1400000US51059422302", "NAME": "4223.02", "NAMELSAD": "Census Tract 4223.02", "MTFCC": "G5020", "FUNCSTAT": "S", "ALAND": 2413425, "AWATER": 51384, "INTPTLAT": "+38.7719875", "INTPTLON": "-077.1437691", "bbox_west": -77.167532, "bbox_south": 38.740042, "bbox_east": -77.121969, "bbox_north": 38.784071, "place_id": 347794220, "osm_type": "relation", "osm_id": 18347702, "lat": 38.762132, "lon": -77.1444093, "class": "boundary", "type": "census", "place_rank": 25, "importance": 0.37858398060478177, "addresstype": "census", "name": "Kingstowne", "display_name": "Kingstowne, Fairfax County, Virginia, United States", "nearest_node": 7114700583 }, "geometry": { "type": "Point", "coordinates": [ -77.13379, 38.77367 ] } },
{ "type": "Feature", "properties": { "stop_id": 1727, "stop_name": "S VAN DORN ST @ LAKE VILLAGE DR", "wheelchair_boarding": 0, "STATEFP": "51", "COUNTYFP": "059", "TRACTCE": "422302", "GEOID": "51059422302", "GEOIDFQ": "1400000US51059422302", "NAME": "4223.02", "NAMELSAD": "Census Tract 4223.02", "MTFCC": "G5020", "FUNCSTAT": "S", "ALAND": 2413425, "AWATER": 51384, "INTPTLAT": "+38.7719875", "INTPTLON": "-077.1437691", "bbox_west": -77.167532, "bbox_south": 38.740042, "bbox_east": -77.121969, "bbox_north": 38.784071, "place_id": 347794220, "osm_type": "relation", "osm_id": 18347702, "lat": 38.762132, "lon": -77.1444093, "class": "boundary", "type": "census", "place_rank": 25, "importance": 0.37858398060478177, "addresstype": "census", "name": "Kingstowne", "display_name": "Kingstowne, Fairfax County, Virginia, United States", "nearest_node": 7301069249 }, "geometry": { "type": "Point", "coordinates": [ -77.135647, 38.778507 ] } },
{ "type": "Feature", "properties": { "stop_id": 1733, "stop_name": "VIEW LA @ BOLD LION LA", "wheelchair_boarding": 0, "STATEFP": "51", "COUNTYFP": "059", "TRACTCE": "421103", "GEOID": "51059421103", "GEOIDFQ": "1400000US51059421103", "NAME": "4211.03", "NAMELSAD": "Census Tract 4211.03", "MTFCC": "G5020", "FUNCSTAT": "S", "ALAND": 4914488, "AWATER": 44824, "INTPTLAT": "+38.7395362", "INTPTLON": "-077.1678766", "bbox_west": -77.167532, "bbox_south": 38.740042, "bbox_east": -77.121969, "bbox_north": 38.784071, "place_id": 347794220, "osm_type": "relation", "osm_id": 18347702, "lat": 38.762132, "lon": -77.1444093, "class": "boundary", "type": "census", "place_rank": 25, "importance": 0.37858398060478177, "addresstype": "census", "name": "Kingstowne", "display_name": "Kingstowne, Fairfax County, Virginia, United States", "nearest_node": 10964284854 }, "geometry": { "type": "Point", "coordinates": [ -77.170403, 38.742872 ] } },
{ "type": "Feature", "properties": { "stop_id": 1740, "stop_name": "VIEW LA @ MORNING GLEN LA", "wheelchair_boarding": 0, "STATEFP": "51", "COUNTYFP": "059", "TRACTCE": "421103", "GEOID": "51059421103", "GEOIDFQ": "1400000US51059421103", "NAME": "4211.03", "NAMELSAD": "Census Tract 4211.03", "MTFCC": "G5020", "FUNCSTAT": "S", "ALAND": 4914488, "AWATER": 44824, "INTPTLAT": "+38.7395362", "INTPTLON": "-077.1678766", "bbox_west": -77.167532, "bbox_south": 38.740042, "bbox_east": -77.121969, "bbox_north": 38.784071, "place_id": 347794220, "osm_type": "relation", "osm_id": 18347702, "lat": 38.762132, "lon": -77.1444093, "class": "boundary", "type": "census", "place_rank": 25, "importance": 0.37858398060478177, "addresstype": "census", "name": "Kingstowne", "display_name": "Kingstowne, Fairfax County, Virginia, United States", "nearest_node": 10964284854 }, "geometry": { "type": "Point", "coordinates": [ -77.16737, 38.74303 ] } },
{ "type": "Feature", "properties": { "stop_id": 1790, "stop_name": "BEULAH ST @ KATHMOOR DR", "wheelchair_boarding": 0, "STATEFP": "51", "COUNTYFP": "059", "TRACTCE": "422302", "GEOID": "51059422302", "GEOIDFQ": "1400000US51059422302", "NAME": "4223.02", "NAMELSAD": "Census Tract 4223.02", "MTFCC": "G5020", "FUNCSTAT": "S", "ALAND": 2413425, "AWATER": 51384, "INTPTLAT": "+38.7719875", "INTPTLON": "-077.1437691", "bbox_west": -77.167532, "bbox_south": 38.740042, "bbox_east": -77.121969, "bbox_north": 38.784071, "place_id": 347794220, "osm_type": "relation", "osm_id": 18347702, "lat": 38.762132, "lon": -77.1444093, "class": "boundary", "type": "census", "place_rank": 25, "importance": 0.37858398060478177, "addresstype": "census", "name": "Kingstowne", "display_name": "Kingstowne, Fairfax County, Virginia, United States", "nearest_node": 2130276713 }, "geometry": { "type": "Point", "coordinates": [ -77.145789, 38.78077 ] } },
{ "type": "Feature", "properties": { "stop_id": 1855, "stop_name": "TELEGRAPH RD @ ROXANN RD", "wheelchair_boarding": 0, "STATEFP": "51", "COUNTYFP": "059", "TRACTCE": "422402", "GEOID": "51059422402", "GEOIDFQ": "1400000US51059422402", "NAME": "4224.02", "NAMELSAD": "Census Tract 4224.02", "MTFCC": "G5020", "FUNCSTAT": "S", "ALAND": 1891110, "AWATER": 2060, "INTPTLAT": "+38.7652763", "INTPTLON": "-077.1320516", "bbox_west": -77.167532, "bbox_south": 38.740042, "bbox_east": -77.121969, "bbox_north": 38.784071, "place_id": 347794220, "osm_type": "relation", "osm_id": 18347702, "lat": 38.762132, "lon": -77.1444093, "class": "boundary", "type": "census", "place_rank": 25, "importance": 0.37858398060478177, "addresstype": "census", "name": "Kingstowne", "display_name": "Kingstowne, Fairfax County, Virginia, United States", "nearest_node": 63623066 }, "geometry": { "type": "Point", "coordinates": [ -77.130569, 38.762579 ] } },
{ "type": "Feature", "properties": { "stop_id": 2362, "stop_name": "CINDER BED RD @ NEWINGTON RD", "wheelchair_boarding": 0, "STATEFP": "51", "COUNTYFP": "059", "TRACTCE": "421103", "GEOID": "51059421103", "GEOIDFQ": "1400000US51059421103", "NAME": "4211.03", "NAMELSAD": "Census Tract 4211.03", "MTFCC": "G5020", "FUNCSTAT": "S", "ALAND": 4914488, "AWATER": 44824, "INTPTLAT": "+38.7395362", "INTPTLON": "-077.1678766", "bbox_west": -77.167532, "bbox_south": 38.740042, "bbox_east": -77.121969, "bbox_north": 38.784071, "place_id": 347794220, "osm_type": "relation", "osm_id": 18347702, "lat": 38.762132, "lon": -77.1444093, "class": "boundary", "type": "census", "place_rank": 25, "importance": 0.37858398060478177, "addresstype": "census", "name": "Kingstowne", "display_name": "Kingstowne, Fairfax County, Virginia, United States", "nearest_node": 1560923233 }, "geometry": { "type": "Point", "coordinates": [ -77.184027, 38.734491 ] } },
{ "type": "Feature", "properties": { "stop_id": 2397, "stop_name": "FRANCONIA RD @ BEULAH ST", "wheelchair_boarding": 0, "STATEFP": "51", "COUNTYFP": "059", "TRACTCE": "422302", "GEOID": "51059422302", "GEOIDFQ": "1400000US51059422302", "NAME": "4223.02", "NAMELSAD": "Census Tract 4223.02", "MTFCC": "G5020", "FUNCSTAT": "S", "ALAND": 2413425, "AWATER": 51384, "INTPTLAT": "+38.7719875", "INTPTLON": "-077.1437691", "bbox_west": -77.167532, "bbox_south": 38.740042, "bbox_east": -77.121969, "bbox_north": 38.784071, "place_id": 347794220, "osm_type": "relation", "osm_id": 18347702, "lat": 38.762132, "lon": -77.1444093, "class": "boundary", "type": "census", "place_rank": 25, "importance": 0.37858398060478177, "addresstype": "census", "name": "Kingstowne", "display_name": "Kingstowne, Fairfax County, Virginia, United States", "nearest_node": 2130276713 }, "geometry": { "type": "Point", "coordinates": [ -77.145267, 38.782144 ] } },
{ "type": "Feature", "properties": { "stop_id": 2400, "stop_name": "ROSE HILL DR @ GREENHAVEN PL", "wheelchair_boarding": 0, "STATEFP": "51", "COUNTYFP": "059", "TRACTCE": "422301", "GEOID": "51059422301", "GEOIDFQ": "1400000US51059422301", "NAME": "4223.01", "NAMELSAD": "Census Tract 4223.01", "MTFCC": "G5020", "FUNCSTAT": "S", "ALAND": 1290927, "AWATER": 0, "INTPTLAT": "+38.7801378", "INTPTLON": "-077.1283467", "bbox_west": -77.167532, "bbox_south": 38.740042, "bbox_east": -77.121969, "bbox_north": 38.784071, "place_id": 347794220, "osm_type": "relation", "osm_id": 18347702, "lat": 38.762132, "lon": -77.1444093, "class": "boundary", "type": "census", "place_rank": 25, "importance": 0.37858398060478177, "addresstype": "census", "name": "Kingstowne", "display_name": "Kingstowne, Fairfax County, Virginia, United States", "nearest_node": 2130235837 }, "geometry": { "type": "Point", "coordinates": [ -77.12119, 38.78515 ] } },
{ "type": "Feature", "properties": { "stop_id": 2406, "stop_name": "FRANCONIA RD @ WESTCHESTER ST", "wheelchair_boarding": 0, "STATEFP": "51", "COUNTYFP": "059", "TRACTCE": "422301", "GEOID": "51059422301", "GEOIDFQ": "1400000US51059422301", "NAME": "4223.01", "NAMELSAD": "Census Tract 4223.01", "MTFCC": "G5020", "FUNCSTAT": "S", "ALAND": 1290927, "AWATER": 0, "INTPTLAT": "+38.7801378", "INTPTLON": "-077.1283467", "bbox_west": -77.167532, "bbox_south": 38.740042, "bbox_east": -77.121969, "bbox_north": 38.784071, "place_id": 347794220, "osm_type": "relation", "osm_id": 18347702, "lat": 38.762132, "lon": -77.1444093, "class": "boundary", "type": "census", "place_rank": 25, "importance": 0.37858398060478177, "addresstype": "census", "name": "Kingstowne", "display_name": "Kingstowne, Fairfax County, Virginia, United States", "nearest_node": 4730654162 }, "geometry": { "type": "Point", "coordinates": [ -77.123062, 38.785911 ] } },
{ "type": "Feature", "properties": { "stop_id": 2607, "stop_name": "STOP 2", "wheelchair_boarding": 1, "STATEFP": "51", "COUNTYFP": "059", "TRACTCE": "421103", "GEOID": "51059421103", "GEOIDFQ": "1400000US51059421103", "NAME": "4211.03", "NAMELSAD": "Census Tract 4211.03", "MTFCC": "G5020", "FUNCSTAT": "S", "ALAND": 4914488, "AWATER": 44824, "INTPTLAT": "+38.7395362", "INTPTLON": "-077.1678766", "bbox_west": -77.167532, "bbox_south": 38.740042, "bbox_east": -77.121969, "bbox_north": 38.784071, "place_id": 347794220, "osm_type": "relation", "osm_id": 18347702, "lat": 38.762132, "lon": -77.1444093, "class": "boundary", "type": "census", "place_rank": 25, "importance": 0.37858398060478177, "addresstype": "census", "name": "Kingstowne", "display_name": "Kingstowne, Fairfax County, Virginia, United States", "nearest_node": 10964284854 }, "geometry": { "type": "Point", "coordinates": [ -77.182765, 38.73796 ] } },
{ "type": "Feature", "properties": { "stop_id": 2608, "stop_name": "STOP 3", "wheelchair_boarding": 1, "STATEFP": "51", "COUNTYFP": "059", "TRACTCE": "421103", "GEOID": "51059421103", "GEOIDFQ": "1400000US51059421103", "NAME": "4211.03", "NAMELSAD": "Census Tract 4211.03", "MTFCC": "G5020", "FUNCSTAT": "S", "ALAND": 4914488, "AWATER": 44824, "INTPTLAT": "+38.7395362", "INTPTLON": "-077.1678766", "bbox_west": -77.167532, "bbox_south": 38.740042, "bbox_east": -77.121969, "bbox_north": 38.784071, "place_id": 347794220, "osm_type": "relation", "osm_id": 18347702, "lat": 38.762132, "lon": -77.1444093, "class": "boundary", "type": "census", "place_rank": 25, "importance": 0.37858398060478177, "addresstype": "census", "name": "Kingstowne", "display_name": "Kingstowne, Fairfax County, Virginia, United States", "nearest_node": 10964284854 }, "geometry": { "type": "Point", "coordinates": [ -77.184036, 38.736606 ] } },
{ "type": "Feature", "properties": { "stop_id": 2609, "stop_name": "STOP 4", "wheelchair_boarding": 1, "STATEFP": "51", "COUNTYFP": "059", "TRACTCE": "421103", "GEOID": "51059421103", "GEOIDFQ": "1400000US51059421103", "NAME": "4211.03", "NAMELSAD": "Census Tract 4211.03", "MTFCC": "G5020", "FUNCSTAT": "S", "ALAND": 4914488, "AWATER": 44824, "INTPTLAT": "+38.7395362", "INTPTLON": "-077.1678766", "bbox_west": -77.167532, "bbox_south": 38.740042, "bbox_east": -77.121969, "bbox_north": 38.784071, "place_id": 347794220, "osm_type": "relation", "osm_id": 18347702, "lat": 38.762132, "lon": -77.1444093, "class": "boundary", "type": "census", "place_rank": 25, "importance": 0.37858398060478177, "addresstype": "census", "name": "Kingstowne", "display_name": "Kingstowne, Fairfax County, Virginia, United States", "nearest_node": 10964284854 }, "geometry": { "type": "Point", "coordinates": [ -77.184026, 38.735677 ] } },
{ "type": "Feature", "properties": { "stop_id": 2964, "stop_name": "BEULAH ST @ BURNETT ST", "wheelchair_boarding": 0, "STATEFP": "51", "COUNTYFP": "059", "TRACTCE": "422302", "GEOID": "51059422302", "GEOIDFQ": "1400000US51059422302", "NAME": "4223.02", "NAMELSAD": "Census Tract 4223.02", "MTFCC": "G5020", "FUNCSTAT": "S", "ALAND": 2413425, "AWATER": 51384, "INTPTLAT": "+38.7719875", "INTPTLON": "-077.1437691", "bbox_west": -77.167532, "bbox_south": 38.740042, "bbox_east": -77.121969, "bbox_north": 38.784071, "place_id": 347794220, "osm_type": "relation", "osm_id": 18347702, "lat": 38.762132, "lon": -77.1444093, "class": "boundary", "type": "census", "place_rank": 25, "importance": 0.37858398060478177, "addresstype": "census", "name": "Kingstowne", "display_name": "Kingstowne, Fairfax County, Virginia, United States", "nearest_node": 63746303 }, "geometry": { "type": "Point", "coordinates": [ -77.14849, 38.77636 ] } },
{ "type": "Feature", "properties": { "stop_id": 2969, "stop_name": "KING CENTRE DR @ SIR VICEROY DR", "wheelchair_boarding": 0, "STATEFP": "51", "COUNTYFP": "059", "TRACTCE": "422402", "GEOID": "51059422402", "GEOIDFQ": "1400000US51059422402", "NAME": "4224.02", "NAMELSAD": "Census Tract 4224.02", "MTFCC": "G5020", "FUNCSTAT": "S", "ALAND": 1891110, "AWATER": 2060, "INTPTLAT": "+38.7652763", "INTPTLON": "-077.1320516", "bbox_west": -77.167532, "bbox_south": 38.740042, "bbox_east": -77.121969, "bbox_north": 38.784071, "place_id": 347794220, "osm_type": "relation", "osm_id": 18347702, "lat": 38.762132, "lon": -77.1444093, "class": "boundary", "type": "census", "place_rank": 25, "importance": 0.37858398060478177, "addresstype": "census", "name": "Kingstowne", "display_name": "Kingstowne, Fairfax County, Virginia, United States", "nearest_node": 7019714247 }, "geometry": { "type": "Point", "coordinates": [ -77.13271, 38.769613 ] } },
{ "type": "Feature", "properties": { "stop_id": 2970, "stop_name": "MANCHESTER BLVD @ SILVERLAKE BLVD", "wheelchair_boarding": 0, "STATEFP": "51", "COUNTYFP": "059", "TRACTCE": "421102", "GEOID": "51059421102", "GEOIDFQ": "1400000US51059421102", "NAME": "4211.02", "NAMELSAD": "Census Tract 4211.02", "MTFCC": "G5020", "FUNCSTAT": "S", "ALAND": 1564179, "AWATER": 6389, "INTPTLAT": "+38.7541324", "INTPTLON": "-077.1557476", "bbox_west": -77.167532, "bbox_south": 38.740042, "bbox_east": -77.121969, "bbox_north": 38.784071, "place_id": 347794220, "osm_type": "relation", "osm_id": 18347702, "lat": 38.762132, "lon": -77.1444093, "class": "boundary", "type": "census", "place_rank": 25, "importance": 0.37858398060478177, "addresstype": "census", "name": "Kingstowne", "display_name": "Kingstowne, Fairfax County, Virginia, United States", "nearest_node": 5536436731 }, "geometry": { "type": "Point", "coordinates": [ -77.15431, 38.76465 ] } },
{ "type": "Feature", "properties": { "stop_id": 2973, "stop_name": "SUMMER RIDGE RD @ BENTLEY MILL PL", "wheelchair_boarding": 0, "STATEFP": "51", "COUNTYFP": "059", "TRACTCE": "422402", "GEOID": "51059422402", "GEOIDFQ": "1400000US51059422402", "NAME": "4224.02", "NAMELSAD": "Census Tract 4224.02", "MTFCC": "G5020", "FUNCSTAT": "S", "ALAND": 1891110, "AWATER": 2060, "INTPTLAT": "+38.7652763", "INTPTLON": "-077.1320516", "bbox_west": -77.167532, "bbox_south": 38.740042, "bbox_east": -77.121969, "bbox_north": 38.784071, "place_id": 347794220, "osm_type": "relation", "osm_id": 18347702, "lat": 38.762132, "lon": -77.1444093, "class": "boundary", "type": "census", "place_rank": 25, "importance": 0.37858398060478177, "addresstype": "census", "name": "Kingstowne", "display_name": "Kingstowne, Fairfax County, Virginia, United States", "nearest_node": 8816014407 }, "geometry": { "type": "Point", "coordinates": [ -77.13711, 38.76351 ] } },
{ "type": "Feature", "properties": { "stop_id": 2974, "stop_name": "SUMMER RIDGE RD @ BUXTON CT", "wheelchair_boarding": 0, "STATEFP": "51", "COUNTYFP": "059", "TRACTCE": "422402", "GEOID": "51059422402", "GEOIDFQ": "1400000US51059422402", "NAME": "4224.02", "NAMELSAD": "Census Tract 4224.02", "MTFCC": "G5020", "FUNCSTAT": "S", "ALAND": 1891110, "AWATER": 2060, "INTPTLAT": "+38.7652763", "INTPTLON": "-077.1320516", "bbox_west": -77.167532, "bbox_south": 38.740042, "bbox_east": -77.121969, "bbox_north": 38.784071, "place_id": 347794220, "osm_type": "relation", "osm_id": 18347702, "lat": 38.762132, "lon": -77.1444093, "class": "boundary", "type": "census", "place_rank": 25, "importance": 0.37858398060478177, "addresstype": "census", "name": "Kingstowne", "display_name": "Kingstowne, Fairfax County, Virginia, United States", "nearest_node": 8816014358 }, "geometry": { "type": "Point", "coordinates": [ -77.13667, 38.76232 ] } },
{ "type": "Feature", "properties": { "stop_id": 2975, "stop_name": "SUMMER RIDGE RD @ WESCOTT HILLS WAY", "wheelchair_boarding": 0, "STATEFP": "51", "COUNTYFP": "059", "TRACTCE": "422402", "GEOID": "51059422402", "GEOIDFQ": "1400000US51059422402", "NAME": "4224.02", "NAMELSAD": "Census Tract 4224.02", "MTFCC": "G5020", "FUNCSTAT": "S", "ALAND": 1891110, "AWATER": 2060, "INTPTLAT": "+38.7652763", "INTPTLON": "-077.1320516", "bbox_west": -77.167532, "bbox_south": 38.740042, "bbox_east": -77.121969, "bbox_north": 38.784071, "place_id": 347794220, "osm_type": "relation", "osm_id": 18347702, "lat": 38.762132, "lon": -77.1444093, "class": "boundary", "type": "census", "place_rank": 25, "importance": 0.37858398060478177, "addresstype": "census", "name": "Kingstowne", "display_name": "Kingstowne, Fairfax County, Virginia, United States", "nearest_node": 8816014466 }, "geometry": { "type": "Point", "coordinates": [ -77.141286, 38.76041 ] } },
{ "type": "Feature", "properties": { "stop_id": 2976, "stop_name": "BEULAH ST @ WALHAVEN DR", "wheelchair_boarding": 0, "STATEFP": "51", "COUNTYFP": "059", "TRACTCE": "422302", "GEOID": "51059422302", "GEOIDFQ": "1400000US51059422302", "NAME": "4223.02", "NAMELSAD": "Census Tract 4223.02", "MTFCC": "G5020", "FUNCSTAT": "S", "ALAND": 2413425, "AWATER": 51384, "INTPTLAT": "+38.7719875", "INTPTLON": "-077.1437691", "bbox_west": -77.167532, "bbox_south": 38.740042, "bbox_east": -77.121969, "bbox_north": 38.784071, "place_id": 347794220, "osm_type": "relation", "osm_id": 18347702, "lat": 38.762132, "lon": -77.1444093, "class": "boundary", "type": "census", "place_rank": 25, "importance": 0.37858398060478177, "addresstype": "census", "name": "Kingstowne", "display_name": "Kingstowne, Fairfax County, Virginia, United States", "nearest_node": 63680965 }, "geometry": { "type": "Point", "coordinates": [ -77.147243, 38.777965 ] } },
{ "type": "Feature", "properties": { "stop_id": 3016, "stop_name": "TELEGRAPH RD @ HIGHLAND MEADOWS CT", "wheelchair_boarding": 0, "STATEFP": "51", "COUNTYFP": "059", "TRACTCE": "422403", "GEOID": "51059422403", "GEOIDFQ": "1400000US51059422403", "NAME": "4224.03", "NAMELSAD": "Census Tract 4224.03", "MTFCC": "G5020", "FUNCSTAT": "S", "ALAND": 2179011, "AWATER": 38697, "INTPTLAT": "+38.7732200", "INTPTLON": "-077.1214125", "bbox_west": -77.167532, "bbox_south": 38.740042, "bbox_east": -77.121969, "bbox_north": 38.784071, "place_id": 347794220, "osm_type": "relation", "osm_id": 18347702, "lat": 38.762132, "lon": -77.1444093, "class": "boundary", "type": "census", "place_rank": 25, "importance": 0.37858398060478177, "addresstype": "census", "name": "Kingstowne", "display_name": "Kingstowne, Fairfax County, Virginia, United States", "nearest_node": 64011443 }, "geometry": { "type": "Point", "coordinates": [ -77.128935, 38.763364 ] } },
{ "type": "Feature", "properties": { "stop_id": 3018, "stop_name": "HAYFIELD RD @ KINGSTOWNE VILLAGE PK", "wheelchair_boarding": 0, "STATEFP": "51", "COUNTYFP": "059", "TRACTCE": "421103", "GEOID": "51059421103", "GEOIDFQ": "1400000US51059421103", "NAME": "4211.03", "NAMELSAD": "Census Tract 4211.03", "MTFCC": "G5020", "FUNCSTAT": "S", "ALAND": 4914488, "AWATER": 44824, "INTPTLAT": "+38.7395362", "INTPTLON": "-077.1678766", "bbox_west": -77.167532, "bbox_south": 38.740042, "bbox_east": -77.121969, "bbox_north": 38.784071, "place_id": 347794220, "osm_type": "relation", "osm_id": 18347702, "lat": 38.762132, "lon": -77.1444093, "class": "boundary", "type": "census", "place_rank": 25, "importance": 0.37858398060478177, "addresstype": "census", "name": "Kingstowne", "display_name": "Kingstowne, Fairfax County, Virginia, United States", "nearest_node": 1271984703 }, "geometry": { "type": "Point", "coordinates": [ -77.145531, 38.756066 ] } },
{ "type": "Feature", "properties": { "stop_id": 3019, "stop_name": "KINGSTOWNE VILLAGE PKWY @ CROSS GAT", "wheelchair_boarding": 0, "STATEFP": "51", "COUNTYFP": "059", "TRACTCE": "421102", "GEOID": "51059421102", "GEOIDFQ": "1400000US51059421102", "NAME": "4211.02", "NAMELSAD": "Census Tract 4211.02", "MTFCC": "G5020", "FUNCSTAT": "S", "ALAND": 1564179, "AWATER": 6389, "INTPTLAT": "+38.7541324", "INTPTLON": "-077.1557476", "bbox_west": -77.167532, "bbox_south": 38.740042, "bbox_east": -77.121969, "bbox_north": 38.784071, "place_id": 347794220, "osm_type": "relation", "osm_id": 18347702, "lat": 38.762132, "lon": -77.1444093, "class": "boundary", "type": "census", "place_rank": 25, "importance": 0.37858398060478177, "addresstype": "census", "name": "Kingstowne", "display_name": "Kingstowne, Fairfax County, Virginia, United States", "nearest_node": 63719056 }, "geometry": { "type": "Point", "coordinates": [ -77.147175, 38.755745 ] } },
{ "type": "Feature", "properties": { "stop_id": 3020, "stop_name": "KINGSTOWNE VILLAGE PKWY @ CROSS GAT", "wheelchair_boarding": 0, "STATEFP": "51", "COUNTYFP": "059", "TRACTCE": "421103", "GEOID": "51059421103", "GEOIDFQ": "1400000US51059421103", "NAME": "4211.03", "NAMELSAD": "Census Tract 4211.03", "MTFCC": "G5020", "FUNCSTAT": "S", "ALAND": 4914488, "AWATER": 44824, "INTPTLAT": "+38.7395362", "INTPTLON": "-077.1678766", "bbox_west": -77.167532, "bbox_south": 38.740042, "bbox_east": -77.121969, "bbox_north": 38.784071, "place_id": 347794220, "osm_type": "relation", "osm_id": 18347702, "lat": 38.762132, "lon": -77.1444093, "class": "boundary", "type": "census", "place_rank": 25, "importance": 0.37858398060478177, "addresstype": "census", "name": "Kingstowne", "display_name": "Kingstowne, Fairfax County, Virginia, United States", "nearest_node": 1271985069 }, "geometry": { "type": "Point", "coordinates": [ -77.14707, 38.755485 ] } },
{ "type": "Feature", "properties": { "stop_id": 3021, "stop_name": "KING CTR DR @ VAN DORN ST S", "wheelchair_boarding": 0, "STATEFP": "51", "COUNTYFP": "059", "TRACTCE": "422402", "GEOID": "51059422402", "GEOIDFQ": "1400000US51059422402", "NAME": "4224.02", "NAMELSAD": "Census Tract 4224.02", "MTFCC": "G5020", "FUNCSTAT": "S", "ALAND": 1891110, "AWATER": 2060, "INTPTLAT": "+38.7652763", "INTPTLON": "-077.1320516", "bbox_west": -77.167532, "bbox_south": 38.740042, "bbox_east": -77.121969, "bbox_north": 38.784071, "place_id": 347794220, "osm_type": "relation", "osm_id": 18347702, "lat": 38.762132, "lon": -77.1444093, "class": "boundary", "type": "census", "place_rank": 25, "importance": 0.37858398060478177, "addresstype": "census", "name": "Kingstowne", "display_name": "Kingstowne, Fairfax County, Virginia, United States", "nearest_node": 7114700490 }, "geometry": { "type": "Point", "coordinates": [ -77.132225, 38.771174 ] } },
{ "type": "Feature", "properties": { "stop_id": 3023, "stop_name": "SOUTH VAN DORN ST @ GREENDALE VILLA", "wheelchair_boarding": 0, "STATEFP": "51", "COUNTYFP": "059", "TRACTCE": "422403", "GEOID": "51059422403", "GEOIDFQ": "1400000US51059422403", "NAME": "4224.03", "NAMELSAD": "Census Tract 4224.03", "MTFCC": "G5020", "FUNCSTAT": "S", "ALAND": 2179011, "AWATER": 38697, "INTPTLAT": "+38.7732200", "INTPTLON": "-077.1214125", "bbox_west": -77.167532, "bbox_south": 38.740042, "bbox_east": -77.121969, "bbox_north": 38.784071, "place_id": 347794220, "osm_type": "relation", "osm_id": 18347702, "lat": 38.762132, "lon": -77.1444093, "class": "boundary", "type": "census", "place_rank": 25, "importance": 0.37858398060478177, "addresstype": "census", "name": "Kingstowne", "display_name": "Kingstowne, Fairfax County, Virginia, United States", "nearest_node": 4697632572 }, "geometry": { "type": "Point", "coordinates": [ -77.131652, 38.77261 ] } },
{ "type": "Feature", "properties": { "stop_id": 3138, "stop_name": "BEULAH ST @ CLEMALINE BLVD", "wheelchair_boarding": 0, "STATEFP": "51", "COUNTYFP": "059", "TRACTCE": "421103", "GEOID": "51059421103", "GEOIDFQ": "1400000US51059421103", "NAME": "4211.03", "NAMELSAD": "Census Tract 4211.03", "MTFCC": "G5020", "FUNCSTAT": "S", "ALAND": 4914488, "AWATER": 44824, "INTPTLAT": "+38.7395362", "INTPTLON": "-077.1678766", "bbox_west": -77.167532, "bbox_south": 38.740042, "bbox_east": -77.121969, "bbox_north": 38.784071, "place_id": 347794220, "osm_type": "relation", "osm_id": 18347702, "lat": 38.762132, "lon": -77.1444093, "class": "boundary", "type": "census", "place_rank": 25, "importance": 0.37858398060478177, "addresstype": "census", "name": "Kingstowne", "display_name": "Kingstowne, Fairfax County, Virginia, United States", "nearest_node": 11134980849 }, "geometry": { "type": "Point", "coordinates": [ -77.165278, 38.742899 ] } },
{ "type": "Feature", "properties": { "stop_id": 3168, "stop_name": "TELEGRAPH RD @ HAYFIELD RD", "wheelchair_boarding": 0, "STATEFP": "51", "COUNTYFP": "059", "TRACTCE": "422402", "GEOID": "51059422402", "GEOIDFQ": "1400000US51059422402", "NAME": "4224.02", "NAMELSAD": "Census Tract 4224.02", "MTFCC": "G5020", "FUNCSTAT": "S", "ALAND": 1891110, "AWATER": 2060, "INTPTLAT": "+38.7652763", "INTPTLON": "-077.1320516", "bbox_west": -77.167532, "bbox_south": 38.740042, "bbox_east": -77.121969, "bbox_north": 38.784071, "place_id": 347794220, "osm_type": "relation", "osm_id": 18347702, "lat": 38.762132, "lon": -77.1444093, "class": "boundary", "type": "census", "place_rank": 25, "importance": 0.37858398060478177, "addresstype": "census", "name": "Kingstowne", "display_name": "Kingstowne, Fairfax County, Virginia, United States", "nearest_node": 8816014531 }, "geometry": { "type": "Point", "coordinates": [ -77.138567, 38.753682 ] } },
{ "type": "Feature", "properties": { "stop_id": 3241, "stop_name": "7000 NEWINGTON ROAD", "wheelchair_boarding": 0, "STATEFP": "51", "COUNTYFP": "059", "TRACTCE": "421103", "GEOID": "51059421103", "GEOIDFQ": "1400000US51059421103", "NAME": "4211.03", "NAMELSAD": "Census Tract 4211.03", "MTFCC": "G5020", "FUNCSTAT": "S", "ALAND": 4914488, "AWATER": 44824, "INTPTLAT": "+38.7395362", "INTPTLON": "-077.1678766", "bbox_west": -77.167532, "bbox_south": 38.740042, "bbox_east": -77.121969, "bbox_north": 38.784071, "place_id": 347794220, "osm_type": "relation", "osm_id": 18347702, "lat": 38.762132, "lon": -77.1444093, "class": "boundary", "type": "census", "place_rank": 25, "importance": 0.37858398060478177, "addresstype": "census", "name": "Kingstowne", "display_name": "Kingstowne, Fairfax County, Virginia, United States", "nearest_node": 10964284854 }, "geometry": { "type": "Point", "coordinates": [ -77.185111, 38.738728 ] } },
{ "type": "Feature", "properties": { "stop_id": 3259, "stop_name": "TELEGRAPH RD @ JEFF TODD WAY WB", "wheelchair_boarding": 0, "STATEFP": "51", "COUNTYFP": "059", "TRACTCE": "421103", "GEOID": "51059421103", "GEOIDFQ": "1400000US51059421103", "NAME": "4211.03", "NAMELSAD": "Census Tract 4211.03", "MTFCC": "G5020", "FUNCSTAT": "S", "ALAND": 4914488, "AWATER": 44824, "INTPTLAT": "+38.7395362", "INTPTLON": "-077.1678766", "bbox_west": -77.167532, "bbox_south": 38.740042, "bbox_east": -77.121969, "bbox_north": 38.784071, "place_id": 347794220, "osm_type": "relation", "osm_id": 18347702, "lat": 38.762132, "lon": -77.1444093, "class": "boundary", "type": "census", "place_rank": 25, "importance": 0.37858398060478177, "addresstype": "census", "name": "Kingstowne", "display_name": "Kingstowne, Fairfax County, Virginia, United States", "nearest_node": 64011588 }, "geometry": { "type": "Point", "coordinates": [ -77.150096, 38.744321 ] } },
{ "type": "Feature", "properties": { "stop_id": 3260, "stop_name": "TELEGRAPH RD @ HILLTOP VILLAGE CENTER", "wheelchair_boarding": 0, "STATEFP": "51", "COUNTYFP": "059", "TRACTCE": "421103", "GEOID": "51059421103", "GEOIDFQ": "1400000US51059421103", "NAME": "4211.03", "NAMELSAD": "Census Tract 4211.03", "MTFCC": "G5020", "FUNCSTAT": "S", "ALAND": 4914488, "AWATER": 44824, "INTPTLAT": "+38.7395362", "INTPTLON": "-077.1678766", "bbox_west": -77.167532, "bbox_south": 38.740042, "bbox_east": -77.121969, "bbox_north": 38.784071, "place_id": 347794220, "osm_type": "relation", "osm_id": 18347702, "lat": 38.762132, "lon": -77.1444093, "class": "boundary", "type": "census", "place_rank": 25, "importance": 0.37858398060478177, "addresstype": "census", "name": "Kingstowne", "display_name": "Kingstowne, Fairfax County, Virginia, United States", "nearest_node": 1377276597 }, "geometry": { "type": "Point", "coordinates": [ -77.16142, 38.741523 ] } },
{ "type": "Feature", "properties": { "stop_id": 3746, "stop_name": "KINGSTOWNE VILLAGE PKWY @ IANS WAY", "wheelchair_boarding": 0, "STATEFP": "51", "COUNTYFP": "059", "TRACTCE": "422402", "GEOID": "51059422402", "GEOIDFQ": "1400000US51059422402", "NAME": "4224.02", "NAMELSAD": "Census Tract 4224.02", "MTFCC": "G5020", "FUNCSTAT": "S", "ALAND": 1891110, "AWATER": 2060, "INTPTLAT": "+38.7652763", "INTPTLON": "-077.1320516", "bbox_west": -77.167532, "bbox_south": 38.740042, "bbox_east": -77.121969, "bbox_north": 38.784071, "place_id": 347794220, "osm_type": "relation", "osm_id": 18347702, "lat": 38.762132, "lon": -77.1444093, "class": "boundary", "type": "census", "place_rank": 25, "importance": 0.37858398060478177, "addresstype": "census", "name": "Kingstowne", "display_name": "Kingstowne, Fairfax County, Virginia, United States", "nearest_node": 1563062803 }, "geometry": { "type": "Point", "coordinates": [ -77.139389, 38.76535 ] } },
{ "type": "Feature", "properties": { "stop_id": 3761, "stop_name": "HUNTINGTON GARAGE TEST", "wheelchair_boarding": 0, "STATEFP": "51", "COUNTYFP": "059", "TRACTCE": "421103", "GEOID": "51059421103", "GEOIDFQ": "1400000US51059421103", "NAME": "4211.03", "NAMELSAD": "Census Tract 4211.03", "MTFCC": "G5020", "FUNCSTAT": "S", "ALAND": 4914488, "AWATER": 44824, "INTPTLAT": "+38.7395362", "INTPTLON": "-077.1678766", "bbox_west": -77.167532, "bbox_south": 38.740042, "bbox_east": -77.121969, "bbox_north": 38.784071, "place_id": 347794220, "osm_type": "relation", "osm_id": 18347702, "lat": 38.762132, "lon": -77.1444093, "class": "boundary", "type": "census", "place_rank": 25, "importance": 0.37858398060478177, "addresstype": "census", "name": "Kingstowne", "display_name": "Kingstowne, Fairfax County, Virginia, United States", "nearest_node": 10964284854 }, "geometry": { "type": "Point", "coordinates": [ -77.18213, 38.738617 ] } },
{ "type": "Feature", "properties": { "stop_id": 3762, "stop_name": "CINDER BED RD TEST", "wheelchair_boarding": 0, "STATEFP": "51", "COUNTYFP": "059", "TRACTCE": "421103", "GEOID": "51059421103", "GEOIDFQ": "1400000US51059421103", "NAME": "4211.03", "NAMELSAD": "Census Tract 4211.03", "MTFCC": "G5020", "FUNCSTAT": "S", "ALAND": 4914488, "AWATER": 44824, "INTPTLAT": "+38.7395362", "INTPTLON": "-077.1678766", "bbox_west": -77.167532, "bbox_south": 38.740042, "bbox_east": -77.121969, "bbox_north": 38.784071, "place_id": 347794220, "osm_type": "relation", "osm_id": 18347702, "lat": 38.762132, "lon": -77.1444093, "class": "boundary", "type": "census", "place_rank": 25, "importance": 0.37858398060478177, "addresstype": "census", "name": "Kingstowne", "display_name": "Kingstowne, Fairfax County, Virginia, United States", "nearest_node": 1560923233 }, "geometry": { "type": "Point", "coordinates": [ -77.18445, 38.7337 ] } },
{ "type": "Feature", "properties": { "stop_id": 3775, "stop_name": "BEULAH ST @ MORNING VIEW LN", "wheelchair_boarding": 0, "STATEFP": "51", "COUNTYFP": "059", "TRACTCE": "421103", "GEOID": "51059421103", "GEOIDFQ": "1400000US51059421103", "NAME": "4211.03", "NAMELSAD": "Census Tract 4211.03", "MTFCC": "G5020", "FUNCSTAT": "S", "ALAND": 4914488, "AWATER": 44824, "INTPTLAT": "+38.7395362", "INTPTLON": "-077.1678766", "bbox_west": -77.167532, "bbox_south": 38.740042, "bbox_east": -77.121969, "bbox_north": 38.784071, "place_id": 347794220, "osm_type": "relation", "osm_id": 18347702, "lat": 38.762132, "lon": -77.1444093, "class": "boundary", "type": "census", "place_rank": 25, "importance": 0.37858398060478177, "addresstype": "census", "name": "Kingstowne", "display_name": "Kingstowne, Fairfax County, Virginia, United States", "nearest_node": 10964284720 }, "geometry": { "type": "Point", "coordinates": [ -77.16651, 38.751395 ] } },
{ "type": "Feature", "properties": { "stop_id": 3776, "stop_name": "BEULAH ST @ MORNING VIEW LA", "wheelchair_boarding": 0, "STATEFP": "51", "COUNTYFP": "059", "TRACTCE": "421103", "GEOID": "51059421103", "GEOIDFQ": "1400000US51059421103", "NAME": "4211.03", "NAMELSAD": "Census Tract 4211.03", "MTFCC": "G5020", "FUNCSTAT": "S", "ALAND": 4914488, "AWATER": 44824, "INTPTLAT": "+38.7395362", "INTPTLON": "-077.1678766", "bbox_west": -77.167532, "bbox_south": 38.740042, "bbox_east": -77.121969, "bbox_north": 38.784071, "place_id": 347794220, "osm_type": "relation", "osm_id": 18347702, "lat": 38.762132, "lon": -77.1444093, "class": "boundary", "type": "census", "place_rank": 25, "importance": 0.37858398060478177, "addresstype": "census", "name": "Kingstowne", "display_name": "Kingstowne, Fairfax County, Virginia, United States", "nearest_node": 10964284720 }, "geometry": { "type": "Point", "coordinates": [ -77.166532, 38.751303 ] } },
{ "type": "Feature", "properties": { "stop_id": 3871, "stop_name": "KINGSTOWNE BLVD @ KINGSTOWNE TOWN CENTRE", "wheelchair_boarding": 0, "STATEFP": "51", "COUNTYFP": "059", "TRACTCE": "422302", "GEOID": "51059422302", "GEOIDFQ": "1400000US51059422302", "NAME": "4223.02", "NAMELSAD": "Census Tract 4223.02", "MTFCC": "G5020", "FUNCSTAT": "S", "ALAND": 2413425, "AWATER": 51384, "INTPTLAT": "+38.7719875", "INTPTLON": "-077.1437691", "bbox_west": -77.167532, "bbox_south": 38.740042, "bbox_east": -77.121969, "bbox_north": 38.784071, "place_id": 347794220, "osm_type": "relation", "osm_id": 18347702, "lat": 38.762132, "lon": -77.1444093, "class": "boundary", "type": "census", "place_rank": 25, "importance": 0.37858398060478177, "addresstype": "census", "name": "Kingstowne", "display_name": "Kingstowne, Fairfax County, Virginia, United States", "nearest_node": 1580635251 }, "geometry": { "type": "Point", "coordinates": [ -77.137031, 38.77089 ] } },
{ "type": "Feature", "properties": { "stop_id": 3958, "stop_name": "SILVER LAKE DR @ FRANCONIA GOVERNMENT CENTER", "wheelchair_boarding": 2, "STATEFP": "51", "COUNTYFP": "059", "TRACTCE": "421102", "GEOID": "51059421102", "GEOIDFQ": "1400000US51059421102", "NAME": "4211.02", "NAMELSAD": "Census Tract 4211.02", "MTFCC": "G5020", "FUNCSTAT": "S", "ALAND": 1564179, "AWATER": 6389, "INTPTLAT": "+38.7541324", "INTPTLON": "-077.1557476", "bbox_west": -77.167532, "bbox_south": 38.740042, "bbox_east": -77.121969, "bbox_north": 38.784071, "place_id": 347794220, "osm_type": "relation", "osm_id": 18347702, "lat": 38.762132, "lon": -77.1444093, "class": "boundary", "type": "census", "place_rank": 25, "importance": 0.37858398060478177, "addresstype": "census", "name": "Kingstowne", "display_name": "Kingstowne, Fairfax County, Virginia, United States", "nearest_node": 13929280085 }, "geometry": { "type": "Point", "coordinates": [ -77.154948, 38.762776 ] } }
]
}
