{
"type": "FeatureCollection",
"name": "kingstowne_stops",
"crs": { "type": "name", "properties": { "name": "urn:ogc:def:crs:OGC:1.3:CRS84" } },
"features": [
{ "type": "Feature", "properties": { "stop_id": 2, "stop_name": "RICHMOND HWY @ BACKLICK RD", "wheelchair_boarding": 0 }, "geometry": { "type": "Point", "coordinates": [ -77.160581, 38.708492 ] } },
{ "type": "Feature", "properties": { "stop_id": 3, "stop_name": "RICHMOND HWY @ SOUTHGATE DR", "wheelchair_boarding": 1 }, "geometry": { "type": "Point", "coordinates": [ -77.0813, 38.77352 ] } },
{ "type": "Feature", "properties": { "stop_id": 4, "stop_name": "RICHMOND HWY @ COLLARD ST", "wheelchair_boarding": 0 }, "geometry": { "type": "Point", "coordinates": [ -77.08365, 38.76697 ] } },
{ "type": "Feature", "properties": { "stop_id": 5, "stop_name": "RICHMOND HWY @ FORDSON RD", "wheelchair_boarding": 0 }, "geometry": { "type": "Point", "coordinates": [ -77.08322, 38.74914 ] } },
{ "type": "Feature", "properties": { "stop_id": 6, "stop_name": "RICHMOND HWY @ LOCKHEED BLVD", "wheelchair_boarding": 0 }, "geometry": { "type": "Point", "coordinates": [ -77.084, 38.7585 ] } },
{ "type": "Feature", "properties": { "stop_id": 7, "stop_name": "RICHMOND HWY @ ARLINGTON DR", "wheelchair_boarding": 0 }, "geometry": { "type": "Point", "coordinates": [ -77.08372, 38.75494 ] } },
{ "type": "Feature", "properties": { "stop_id": 8, "stop_name": "RICHMOND HWY @ MOUNT EAGLE DR", "wheelchair_boarding": 0 }, "geometry": { "type": "Point", "coordinates": [ -77.06866, 38.78665 ] } },
{ "type": "Feature", "properties": { "stop_id": 9, "stop_name": "RICHMOND HWY @ FAIRHAVEN AVE", "wheelchair_boarding": 0 }, "geometry": { "type": "Point", "coordinates": [ -77.07383, 38.78415 ] } },
{ "type": "Feature", "properties": { "stop_id": 10, "stop_name": "RICHMOND HWY @ FRANKLIN ST", "wheelchair_boarding": 0 }, "geometry": { "type": "Point", "coordinates": [ -77.08026, 38.77779 ] } },
{ "type": "Feature", "properties": { "stop_id": 11, "stop_name": "MT VERNON HWY @ ALBEE LA", "wheelchair_boarding": 0 }, "geometry": { "type": "Point", "coordinates": [ -77.09242, 38.73347 ] } },
{ "type": "Feature", "properties": { "stop_id": 12, "stop_name": "MOUNT VERNON HWY @ BATTERSEA LN (N)", "wheelchair_boarding": 0 }, "geometry": { "type": "Point", "coordinates": [ -77.09113, 38.72749 ] } },
{ "type": "Feature", "properties": { "stop_id": 13, "stop_name": "MOUNT VERNON HWY @ WESSYNTON WAY", "wheelchair_boarding": 0 }, "geometry": { "type": "Point", "coordinates": [ -77.08968, 38.71889 ] } },
{ "type": "Feature", "properties": { "stop_id": 14, "stop_name": "MOUNT VERNON HWY @ BRADDOCK AVE", "wheelchair_boarding": 0 }, "geometry": { "type": "Point", "coordinates": [ -77.09004, 38.72053 ] } },
{ "type": "Feature", "properties": { "stop_id": 15, "stop_name": "LITTLE RIVER TPKE @ OASIS DR", "wheelchair_boarding": 0 }, "geometry": { "type": "Point", "coordinates": [ -77.14219, 38.81779 ] } },
{ "type": "Feature", "properties": { "stop_id": 16, "stop_name": "MT VERNON HWY @ CUNNINGHAM DR", "wheelchair_boarding": 0 }, "geometry": { "type": "Point", "coordinates": [ -77.0892, 38.71788 ] } },
{ "type": "Feature", "properties": { "stop_id": 17, "stop_name": "MT VERNON HWY @ WOODLAND LA", "wheelchair_boarding": 0 }, "geometry": { "type": "Point", "coordinates": [ -77.08993, 38.72093 ] } },
{ "type": "Feature", "properties": { "stop_id": 18, "stop_name": "MT VERNON HWY @ BATTERSEA LA N", "wheelchair_boarding": 0 }, "geometry": { "type": "Point", "coordinates": [ -77.09095, 38.72761 ] } },
{ "type": "Feature", "properties": { "stop_id": 19, "stop_name": "MT VERNON HWY @ SUNNY VIEW DR", "wheelchair_boarding": 0 }, "geometry": { "type": "Point", "coordinates": [ -77.09146, 38.73552 ] } },
{ "type": "Feature", "properties": { "stop_id": 20, "stop_name": "TELEGRAPH RD @ WILTON RD", "wheelchair_boarding": 0 }, "geometry": { "type": "Point", "coordinates": [ -77.08964, 38.7875 ] } },
{ "type": "Feature", "properties": { "stop_id": 21, "stop_name": "DARTMOUTH DR @ RADCLIFFE DR", "wheelchair_boarding": 0 }, "geometry": { "type": "Point", "coordinates": [ -77.06896, 38.76806 ] } },
{ "type": "Feature", "properties": { "stop_id": 22, "stop_name": "MARY BALDWIN DR @ KENYON DR", "wheelchair_boarding": 0 }, "geometry": { "type": "Point", "coordinates": [ -77.07129, 38.76846 ] } },
{ "type": "Feature", "properties": { "stop_id": 23, "stop_name": "SMITHWAY DR @ BEACON HILL RD", "wheelchair_boarding": 0 }, "geometry": { "type": "Point", "coordinates": [ -77.07382, 38.77029 ] } },
{ "type": "Feature", "properties": { "stop_id": 24, "stop_name": "MARY BALDWIN DR @ KENYON DR", "wheelchair_boarding": 0 }, "geometry": { "type": "Point", "coordinates": [ -77.07125, 38.76837 ] } },
{ "type": "Feature", "properties": { "stop_id": 25, "stop_name": "MARY BALDWIN DR @ RADCLIFFE DR", "wheelchair_boarding": 0 }, "geometry": { "type": "Point", "coordinates": [ -77.06939, 38.76848 ] } },
{ "type": "Feature", "properties": { "stop_id": 26, "stop_name": "DARTMOUTH DR @ RANDOLPH MACON DR", "wheelchair_boarding": 0 }, "geometry": { "type": "Point", "coordinates": [ -77.06847, 38.76815 ] } },
{ "type": "Feature", "properties": { "stop_id": 27, "stop_name": "DARTMOUTH DR @ QUANDER RD", "wheelchair_boarding": 0 }, "geometry": { "type": "Point", "coordinates": [ -77.06654, 38.76912 ] } },
{ "type": "Feature", "properties": { "stop_id": 28, "stop_name": "LOCKHEED BLVD @ FAIRCHILD DR", "wheelchair_boarding": 0 }, "geometry": { "type": "Point", "coordinates": [ -77.08867, 38.75967 ] } },
{ "type": "Feature", "properties": { "stop_id": 29, "stop_name": "LOCKHEED BLVD @ FAIRCHILD DR", "wheelchair_boarding": 0 }, "geometry": { "type": "Point", "coordinates": [ -77.08886, 38.75953 ] } },
{ "type": "Feature", "properties": { "stop_id": 30, "stop_name": "ARLINGTON DR @ WINDBREAK DR", "wheelchair_boarding": 0 }, "geometry": { "type": "Point", "coordinates": [ -77.0784, 38.7553 ] } },
{ "type": "Feature", "properties": { "stop_id": 31, "stop_name": "ARLINGTON DR @ VERNON SQUARE DR", "wheelchair_boarding": 0 }, "geometry": { "type": "Point", "coordinates": [ -77.08052, 38.7548 ] } },
{ "type": "Feature", "properties": { "stop_id": 32, "stop_name": "ARLINGTON DR @ RICHMOND HWY", "wheelchair_boarding": 0 }, "geometry": { "type": "Point", "coordinates": [ -77.08292, 38.75469 ] } },
{ "type": "Feature", "properties": { "stop_id": 33, "stop_name": "LORTON PARK AND RIDE", "wheelchair_boarding": 0 }, "geometry": { "type": "Point", "coordinates": [ -77.222213, 38.703928 ] } },
{ "type": "Feature", "properties": { "stop_id": 35, "stop_name": "NORTON RD @ FRANCONIA RD", "wheelchair_boarding": 0 }, "geometry": { "type": "Point", "coordinates": [ -77.09391, 38.79209 ] } },
{ "type": "Feature", "properties": { "stop_id": 36, "stop_name": "METRO PENTAGON BAY L7", "wheelchair_boarding": 0 }, "geometry": { "type": "Point", "coordinates": [ -77.054181, 38.869101 ] } },
{ "type": "Feature", "properties": { "stop_id": 37, "stop_name": "VAN DORN METRO BAY D", "wheelchair_boarding": 0 }, "geometry": { "type": "Point", "coordinates": [ -77.12866, 38.7995 ] } },
{ "type": "Feature", "properties": { "stop_id": 38, "stop_name": "NEWINGTON FRST AVE@TREASURE TREE CT", "wheelchair_boarding": 0 }, "geometry": { "type": "Point", "coordinates": [ -77.250289, 38.740019 ] } },
{ "type": "Feature", "properties": { "stop_id": 39, "stop_name": "TELEGRAPH RD @ ROSE HILL DR", "wheelchair_boarding": 0 }, "geometry": { "type": "Point", "coordinates": [ -77.11085, 38.77486 ] } },
{ "type": "Feature", "properties": { "stop_id": 40, "stop_name": "SUMMER RIDGE RD @ WORSLEY WAY", "wheelchair_boarding": 0 }, "geometry": { "type": "Point", "coordinates": [ -77.13728, 38.76034 ] } },
{ "type": "Feature", "properties": { "stop_id": 42, "stop_name": "SHELDON DR @ BREN MAR DR", "wheelchair_boarding": 0 }, "geometry": { "type": "Point", "coordinates": [ -77.157191, 38.797019 ] } },
{ "type": "Feature", "properties": { "stop_id": 43, "stop_name": "BREN MAR DR @ MERLE PL", "wheelchair_boarding": 0 }, "geometry": { "type": "Point", "coordinates": [ -77.155095, 38.797573 ] } },
{ "type": "Feature", "properties": { "stop_id": 44, "stop_name": "KINGSTOWNE BLVD @ SIR VICEROY DR", "wheelchair_boarding": 0 }, "geometry": { "type": "Point", "coordinates": [ -77.13541, 38.77148 ] } },
{ "type": "Feature", "properties": { "stop_id": 45, "stop_name": "EDSALL RD @ MONTGOMERY ST", "wheelchair_boarding": 0 }, "geometry": { "type": "Point", "coordinates": [ -77.17581, 38.80707 ] } },
{ "type": "Feature", "properties": { "stop_id": 46, "stop_name": "HANOVER AVE @ MONTICELLO BLVD", "wheelchair_boarding": 0 }, "geometry": { "type": "Point", "coordinates": [ -77.19499, 38.77923 ] } },
{ "type": "Feature", "properties": { "stop_id": 49, "stop_name": "EDSALL RD @ MONTGOMERY ST", "wheelchair_boarding": 0 }, "geometry": { "type": "Point", "coordinates": [ -77.17628, 38.80687 ] } },
{ "type": "Feature", "properties": { "stop_id": 50, "stop_name": "KINGSTOWNE BLVD @ KINGSTOWNE CTR", "wheelchair_boarding": 0 }, "geometry": { "type": "Point", "coordinates": [ -77.13469, 38.77222 ] } },
{ "type": "Feature", "properties": { "stop_id": 51, "stop_name": "HANOVER AVE @ MONTICELLO BLVD", "wheelchair_boarding": 0 }, "geometry": { "type": "Point", "coordinates": [ -77.19477, 38.77873 ] } },
{ "type": "Feature", "properties": { "stop_id": 52, "stop_name": "SOUTHRUN RD @ CALVERT CLIFF CT", "wheelchair_boarding": 0 }, "geometry": { "type": "Point", "coordinates": [ -77.24548, 38.72845 ] } },
{ "type": "Feature", "properties": { "stop_id": 53, "stop_name": "BURKE CENTER VRE", "wheelchair_boarding": 0 }, "geometry": { "type": "Point", "coordinates": [ -77.299997, 38.797252 ] } },
{ "type": "Feature", "properties": { "stop_id": 54, "stop_name": "FRANCONIA RD @ EDISON HIGH SCHOOL", "wheelchair_boarding": 0 }, "geometry": { "type": "Point", "coordinates": [ -77.13302, 38.78397 ] } },
{ "type": "Feature", "properties": { "stop_id": 55, "stop_name": "HUNTINGTON METRO SOUTH BAY C", "wheelchair_boarding": 0 }, "geometry": { "type": "Point", "coordinates": [ -77.076025, 38.792322 ] } },
{ "type": "Feature", "properties": { "stop_id": 56, "stop_name": "HUNTINGTON METRO SOUTH BAY D", "wheelchair_boarding": 0 }, "geometry": { "type": "Point", "coordinates": [ -77.076203, 38.792776 ] } },
{ "type": "Feature", "properties": { "stop_id": 57, "stop_name": "HARRISON LA @ BEDROCK RD", "wheelchair_boarding": 0 }, "geometry": { "type": "Point", "coordinates": [ -77.095461, 38.761555 ] } },
{ "type": "Feature", "properties": { "stop_id": 58, "stop_name": "FORDSON RD @ RICHMOND HWY", "wheelchair_boarding": 0 }, "geometry": { "type": "Point", "coordinates": [ -77.084199, 38.750881 ] } },
{ "type": "Feature", "properties": { "stop_id": 59, "stop_name": "MT. VERNON SQUARE APARTMENTS", "wheelchair_boarding": 0 }, "geometry": { "type": "Point", "coordinates": [ -77.077633, 38.75761 ] } },
{ "type": "Feature", "properties": { "stop_id": 60, "stop_name": "FORDSON RD @ HUNTLEY MEADOWS PLZ", "wheelchair_boarding": 0 }, "geometry": { "type": "Point", "coordinates": [ -77.084034, 38.751002 ] } },
{ "type": "Feature", "properties": { "stop_id": 61, "stop_name": "HARRISON LA @ ROBERT E LEE PL", "wheelchair_boarding": 0 }, "geometry": { "type": "Point", "coordinates": [ -77.095343, 38.761294 ] } },
{ "type": "Feature", "properties": { "stop_id": 63, "stop_name": "FRANCONIA-SPRINGFIELD METRO BAY E", "wheelchair_boarding": 0 }, "geometry": { "type": "Point", "coordinates": [ -77.168881, 38.766772 ] } },
{ "type": "Feature", "properties": { "stop_id": 64, "stop_name": "FRANCONIA-SPRINGFIELD METRO BAY F", "wheelchair_boarding": 0 }, "geometry": { "type": "Point", "coordinates": [ -77.168673, 38.766773 ] } },
{ "type": "Feature", "properties": { "stop_id": 65, "stop_name": "FRANCONIA-SPRINGFIELD METRO BAY G", "wheelchair_boarding": 0 }, "geometry": { "type": "Point", "coordinates": [ -77.168421, 38.766837 ] } },
{ "type": "Feature", "properties": { "stop_id": 66, "stop_name": "FRANCONIA-SPRINGFIELD METRO BAY H", "wheelchair_boarding": 0 }, "geometry": { "type": "Point", "coordinates": [ -77.168045, 38.76695 ] } },
{ "type": "Feature", "properties": { "stop_id": 68, "stop_name": "LAUREL CREST DR @ PINION PL", "wheelchair_boarding": 0 }, "geometry": { "type": "Point", "coordinates": [ -77.229339, 38.717166 ] } },
{ "type": "Feature", "properties": { "stop_id": 69, "stop_name": "LORTON VRE BAY A", "wheelchair_boarding": 0 }, "geometry": { "type": "Point", "coordinates": [ -77.214324, 38.714921 ] } },
{ "type": "Feature", "properties": { "stop_id": 70, "stop_name": "DEFENSE LOGISTICS AGENCY", "wheelchair_boarding": 0 }, "geometry": { "type": "Point", "coordinates": [ -77.162215, 38.721032 ] } },
{ "type": "Feature", "properties": { "stop_id": 71, "stop_name": "HUNTINGTON METRO NORTH BAY A", "wheelchair_boarding": 0 }, "geometry": { "type": "Point", "coordinates": [ -77.075052, 38.795093 ] } },
{ "type": "Feature", "properties": { "stop_id": 72, "stop_name": "HUNTINGTON METRO NORTH BAY D", "wheelchair_boarding": 0 }, "geometry": { "type": "Point", "coordinates": [ -77.075014, 38.795518 ] } },
{ "type": "Feature", "properties": { "stop_id": 73, "stop_name": "HUNTINGTON METRO NORTH BAY E", "wheelchair_boarding": 0 }, "geometry": { "type": "Point", "coordinates": [ -77.075002, 38.795645 ] } },
{ "type": "Feature", "properties": { "stop_id": 74, "stop_name": "VAN DORN METRO BAY F", "wheelchair_boarding": 0 }, "geometry": { "type": "Point", "coordinates": [ -77.128198, 38.79959 ] } },
{ "type": "Feature", "properties": { "stop_id": 75, "stop_name": "FRANCONIA RD @ EDISON HIGH SCHOOL", "wheelchair_boarding": 0 }, "geometry": { "type": "Point", "coordinates": [ -77.13179, 38.78418 ] } },
{ "type": "Feature", "properties": { "stop_id": 76, "stop_name": "TELEGRAPH RD @ ROSE HILL DR", "wheelchair_boarding": 0 }, "geometry": { "type": "Point", "coordinates": [ -77.110801, 38.774721 ] } },
{ "type": "Feature", "properties": { "stop_id": 77, "stop_name": "NORTON RD @ FRANCONIA RD", "wheelchair_boarding": 0 }, "geometry": { "type": "Point", "coordinates": [ -77.093656, 38.792558 ] } },
{ "type": "Feature", "properties": { "stop_id": 78, "stop_name": "HUMPHREYS ENGINEER CENTER", "wheelchair_boarding": 0 }, "geometry": { "type": "Point", "coordinates": [ -77.142503, 38.743881 ] } },
{ "type": "Feature", "properties": { "stop_id": 84, "stop_name": "ALABAMA DR @ FLORIDA AVE", "wheelchair_boarding": 0 }, "geometry": { "type": "Point", "coordinates": [ -77.392711, 38.963401 ] } },
{ "type": "Feature", "properties": { "stop_id": 85, "stop_name": "ALABAMA DR @ FLORIDA AVE", "wheelchair_boarding": 0 }, "geometry": { "type": "Point", "coordinates": [ -77.392578, 38.963224 ] } },
{ "type": "Feature", "properties": { "stop_id": 93, "stop_name": "AMHERST AVE @ SPRINGFIELD BLVD", "wheelchair_boarding": 0 }, "geometry": { "type": "Point", "coordinates": [ -77.18516, 38.777656 ] } },
{ "type": "Feature", "properties": { "stop_id": 94, "stop_name": "AMHERST AVE @ CUMBERLAND AVE", "wheelchair_boarding": 0 }, "geometry": { "type": "Point", "coordinates": [ -77.18706, 38.7838 ] } },
{ "type": "Feature", "properties": { "stop_id": 95, "stop_name": "AMHERST AVE @ ESSEX AVE", "wheelchair_boarding": 0 }, "geometry": { "type": "Point", "coordinates": [ -77.18737, 38.78588 ] } },
{ "type": "Feature", "properties": { "stop_id": 97, "stop_name": "AMHERST AVE @ FLOYD AVE", "wheelchair_boarding": 0 }, "geometry": { "type": "Point", "coordinates": [ -77.18745, 38.78945 ] } },
{ "type": "Feature", "properties": { "stop_id": 98, "stop_name": "AMHERST AVE @ HIGHLAND ST", "wheelchair_boarding": 0 }, "geometry": { "type": "Point", "coordinates": [ -77.18687, 38.79202 ] } },
{ "type": "Feature", "properties": { "stop_id": 99, "stop_name": "ARLINGTON DR @ REPUBLIC CT", "wheelchair_boarding": 0 }, "geometry": { "type": "Point", "coordinates": [ -77.07916, 38.75456 ] } },
{ "type": "Feature", "properties": { "stop_id": 100, "stop_name": "ARLINGTON DR @ RICHMOND HWY", "wheelchair_boarding": 0 }, "geometry": { "type": "Point", "coordinates": [ -77.0823, 38.75452 ] } },
{ "type": "Feature", "properties": { "stop_id": 101, "stop_name": "ARMSTRONG ST @ UNIVERSITY DR", "wheelchair_boarding": 0 }, "geometry": { "type": "Point", "coordinates": [ -77.307908, 38.841461 ] } },
{ "type": "Feature", "properties": { "stop_id": 102, "stop_name": "ARLINGTON DR @ WINDBREAK DR", "wheelchair_boarding": 0 }, "geometry": { "type": "Point", "coordinates": [ -77.07782, 38.75621 ] } },
{ "type": "Feature", "properties": { "stop_id": 104, "stop_name": "BACKLICK RD @ AUBURN ST", "wheelchair_boarding": 0 }, "geometry": { "type": "Point", "coordinates": [ -77.19201, 38.82264 ] } },
{ "type": "Feature", "properties": { "stop_id": 105, "stop_name": "BACKLICK RD @ BACKLICK CT", "wheelchair_boarding": 0 }, "geometry": { "type": "Point", "coordinates": [ -77.18472, 38.80116 ] } },
{ "type": "Feature", "properties": { "stop_id": 106, "stop_name": "BACKLICK RD @ BACKLICK CT", "wheelchair_boarding": 0 }, "geometry": { "type": "Point", "coordinates": [ -77.18463, 38.80082 ] } },
{ "type": "Feature", "properties": { "stop_id": 108, "stop_name": "BACKLICK RD @ BEVERLY ST", "wheelchair_boarding": 0 }, "geometry": { "type": "Point", "coordinates": [ -77.19121, 38.82113 ] } },
{ "type": "Feature", "properties": { "stop_id": 109, "stop_name": "BACKLICK RD @ BRADDOCK RD", "wheelchair_boarding": 0 }, "geometry": { "type": "Point", "coordinates": [ -77.18635, 38.81229 ] } },
{ "type": "Feature", "properties": { "stop_id": 110, "stop_name": "BACKLICK RD @ BRADDOCK RD", "wheelchair_boarding": 0 }, "geometry": { "type": "Point", "coordinates": [ -77.18658, 38.81274 ] } },
{ "type": "Feature", "properties": { "stop_id": 111, "stop_name": "BACKLICK RD @ CINDY LA", "wheelchair_boarding": 0 }, "geometry": { "type": "Point", "coordinates": [ -77.19205, 38.82313 ] } },
{ "type": "Feature", "properties": { "stop_id": 112, "stop_name": "BACKLICK RD @ CABIN JOHN RD", "wheelchair_boarding": 0 }, "geometry": { "type": "Point", "coordinates": [ -77.18645, 38.79378 ] } },
{ "type": "Feature", "properties": { "stop_id": 113, "stop_name": "BACKLICK RD @ CABIN JOHN RD", "wheelchair_boarding": 0 }, "geometry": { "type": "Point", "coordinates": [ -77.1862, 38.79384 ] } },
{ "type": "Feature", "properties": { "stop_id": 114, "stop_name": "BACKLICK RD @ CUMBERLAND AVE", "wheelchair_boarding": 0 }, "geometry": { "type": "Point", "coordinates": [ -77.18557, 38.78331 ] } },
{ "type": "Feature", "properties": { "stop_id": 115, "stop_name": "BACKLICK RD @ EDGEBROOK DR", "wheelchair_boarding": 0 }, "geometry": { "type": "Point", "coordinates": [ -77.18611, 38.7876 ] } },
{ "type": "Feature", "properties": { "stop_id": 116, "stop_name": "BACKLICK RD @ JAYHAWK ST", "wheelchair_boarding": 0 }, "geometry": { "type": "Point", "coordinates": [ -77.19465, 38.82722 ] } },
{ "type": "Feature", "properties": { "stop_id": 117, "stop_name": "BACKLICK RD @ ESSEX AVE", "wheelchair_boarding": 0 }, "geometry": { "type": "Point", "coordinates": [ -77.18584, 38.78572 ] } },
{ "type": "Feature", "properties": { "stop_id": 118, "stop_name": "BACKLICK RD @ FLOYD AVE", "wheelchair_boarding": 0 }, "geometry": { "type": "Point", "coordinates": [ -77.18638, 38.78978 ] } },
{ "type": "Feature", "properties": { "stop_id": 119, "stop_name": "BACKLICK@FRANCONIA SPRINGFIELD PKWY", "wheelchair_boarding": 0 }, "geometry": { "type": "Point", "coordinates": [ -77.1845, 38.76631 ] } },
{ "type": "Feature", "properties": { "stop_id": 121, "stop_name": "BACKLICK RD @ GALESVILLE PL", "wheelchair_boarding": 0 }, "geometry": { "type": "Point", "coordinates": [ -77.19333, 38.82538 ] } },
{ "type": "Feature", "properties": { "stop_id": 122, "stop_name": "BACKLICK RD @ HECHINGER DR", "wheelchair_boarding": 0 }, "geometry": { "type": "Point", "coordinates": [ -77.185796, 38.796459 ] } },
{ "type": "Feature", "properties": { "stop_id": 123, "stop_name": "BACKLICK RD @ HIGHLAND ST", "wheelchair_boarding": 0 }, "geometry": { "type": "Point", "coordinates": [ -77.18652, 38.79151 ] } },
{ "type": "Feature", "properties": { "stop_id": 124, "stop_name": "BACKLICK RD @ INDUSTRIAL RD", "wheelchair_boarding": 0 }, "geometry": { "type": "Point", "coordinates": [ -77.1853, 38.79996 ] } },
{ "type": "Feature", "properties": { "stop_id": 125, "stop_name": "BACKLICK RD @ JAYHAWK ST", "wheelchair_boarding": 0 }, "geometry": { "type": "Point", "coordinates": [ -77.19439, 38.82724 ] } },
{ "type": "Feature", "properties": { "stop_id": 126, "stop_name": "BACKLICK RD @ KANDEL CT", "wheelchair_boarding": 0 }, "geometry": { "type": "Point", "coordinates": [ -77.19018, 38.81942 ] } },
{ "type": "Feature", "properties": { "stop_id": 127, "stop_name": "BACKLICK RD @ KANDEL CT", "wheelchair_boarding": 0 }, "geometry": { "type": "Point", "coordinates": [ -77.19004, 38.8196 ] } },
{ "type": "Feature", "properties": { "stop_id": 128, "stop_name": "BACKLICK RD @ LEESTONE ST", "wheelchair_boarding": 0 }, "geometry": { "type": "Point", "coordinates": [ -77.18576, 38.80936 ] } },
{ "type": "Feature", "properties": { "stop_id": 129, "stop_name": "BACKLICK RD @ LEEWOOD FOREST DR", "wheelchair_boarding": 0 }, "geometry": { "type": "Point", "coordinates": [ -77.18381, 38.80431 ] } },
{ "type": "Feature", "properties": { "stop_id": 130, "stop_name": "BACKLICK RD @ LEEWOOD FOREST DR", "wheelchair_boarding": 0 }, "geometry": { "type": "Point", "coordinates": [ -77.18404, 38.80405 ] } },
{ "type": "Feature", "properties": { "stop_id": 131, "stop_name": "BACKLICK RD @ LEESVILLE BLVD", "wheelchair_boarding": 0 }, "geometry": { "type": "Point", "coordinates": [ -77.18399, 38.80239 ] } },
{ "type": "Feature", "properties": { "stop_id": 132, "stop_name": "BACKLICK RD @ LEESVILLE BLVD", "wheelchair_boarding": 0 }, "geometry": { "type": "Point", "coordinates": [ -77.18414, 38.80263 ] } },
{ "type": "Feature", "properties": { "stop_id": 133, "stop_name": "BACKLICK RD @ MATTHEW PL", "wheelchair_boarding": 0 }, "geometry": { "type": "Point", "coordinates": [ -77.18538, 38.80923 ] } },
{ "type": "Feature", "properties": { "stop_id": 136, "stop_name": "BACKLICK RD @ SPRING GARDEN DR", "wheelchair_boarding": 0 }, "geometry": { "type": "Point", "coordinates": [ -77.18407, 38.77307 ] } },
{ "type": "Feature", "properties": { "stop_id": 137, "stop_name": "BACKLICK RD @ SPRING GARDEN DR", "wheelchair_boarding": 0 }, "geometry": { "type": "Point", "coordinates": [ -77.18382, 38.7727 ] } },
{ "type": "Feature", "properties": { "stop_id": 138, "stop_name": "BACKLICK RD @ SIPES LA", "wheelchair_boarding": 0 }, "geometry": { "type": "Point", "coordinates": [ -77.19325, 38.82481 ] } },
{ "type": "Feature", "properties": { "stop_id": 139, "stop_name": "BACKLICK RD @ SUNSET LA N", "wheelchair_boarding": 0 }, "geometry": { "type": "Point", "coordinates": [ -77.18884, 38.81783 ] } },
{ "type": "Feature", "properties": { "stop_id": 140, "stop_name": "BACKLICK RD @ SUNSET LA", "wheelchair_boarding": 0 }, "geometry": { "type": "Point", "coordinates": [ -77.18898, 38.81769 ] } },
{ "type": "Feature", "properties": { "stop_id": 141, "stop_name": "BACKLICK RD @ SUNSET LA S", "wheelchair_boarding": 0 }, "geometry": { "type": "Point", "coordinates": [ -77.18684, 38.81556 ] } },
{ "type": "Feature", "properties": { "stop_id": 142, "stop_name": "BACKLICK RD @ VILLA PARK RD", "wheelchair_boarding": 0 }, "geometry": { "type": "Point", "coordinates": [ -77.18415, 38.77091 ] } },
{ "type": "Feature", "properties": { "stop_id": 143, "stop_name": "BACKLICK RD @ WILBURDALE DR", "wheelchair_boarding": 0 }, "geometry": { "type": "Point", "coordinates": [ -77.18758, 38.81609 ] } },
{ "type": "Feature", "properties": { "stop_id": 144, "stop_name": "BACKLICK RD @ WOODLAND DR", "wheelchair_boarding": 0 }, "geometry": { "type": "Point", "coordinates": [ -77.18439, 38.80597 ] } },
{ "type": "Feature", "properties": { "stop_id": 145, "stop_name": "BACKLICK RD @ WOODLAND DR", "wheelchair_boarding": 0 }, "geometry": { "type": "Point", "coordinates": [ -77.184, 38.80522 ] } },
{ "type": "Feature", "properties": { "stop_id": 146, "stop_name": "BARON CAMERON AVE @ HUNTER GATE WAY", "wheelchair_boarding": 0 }, "geometry": { "type": "Point", "coordinates": [ -77.31639, 38.97657 ] } },
{ "type": "Feature", "properties": { "stop_id": 147, "stop_name": "BARON CAMERON AVE @ HUNTER MILL RD", "wheelchair_boarding": 0 }, "geometry": { "type": "Point", "coordinates": [ -77.31639, 38.97599 ] } },
{ "type": "Feature", "properties": { "stop_id": 150, "stop_name": "BEULAH ST @ ALFORTH AVE", "wheelchair_boarding": 0 }, "geometry": { "type": "Point", "coordinates": [ -77.156462, 38.764297 ] } },
{ "type": "Feature", "properties": { "stop_id": 152, "stop_name": "BECONTREE LA @ BECONTREE LA", "wheelchair_boarding": 0 }, "geometry": { "type": "Point", "coordinates": [ -77.32901, 38.96629 ] } },
{ "type": "Feature", "properties": { "stop_id": 153, "stop_name": "BEULAH ST @ CHARLES ARRINGTON DR", "wheelchair_boarding": 0 }, "geometry": { "type": "Point", "coordinates": [ -77.155115, 38.766872 ] } },
{ "type": "Feature", "properties": { "stop_id": 154, "stop_name": "BEULAH ST @ CRESTLEIGH WAY", "wheelchair_boarding": 0 }, "geometry": { "type": "Point", "coordinates": [ -77.165248, 38.75365 ] } },
{ "type": "Feature", "properties": { "stop_id": 156, "stop_name": "BEULAH ST @ GAYFIELDS RD", "wheelchair_boarding": 0 }, "geometry": { "type": "Point", "coordinates": [ -77.1656, 38.7524 ] } },
{ "type": "Feature", "properties": { "stop_id": 157, "stop_name": "BEULAH ST @ STEINWAY ST", "wheelchair_boarding": 0 }, "geometry": { "type": "Point", "coordinates": [ -77.161635, 38.758502 ] } },
{ "type": "Feature", "properties": { "stop_id": 158, "stop_name": "BEULAH ST @ KINGSTOWNE COMMONS DR", "wheelchair_boarding": 0 }, "geometry": { "type": "Point", "coordinates": [ -77.1589, 38.76058 ] } },
{ "type": "Feature", "properties": { "stop_id": 159, "stop_name": "BEULAH ST @ LANDSDOWNE CTR", "wheelchair_boarding": 0 }, "geometry": { "type": "Point", "coordinates": [ -77.16392, 38.74083 ] } },
{ "type": "Feature", "properties": { "stop_id": 160, "stop_name": "BEULAH ST @ LANDSDOWNE CTR", "wheelchair_boarding": 0 }, "geometry": { "type": "Point", "coordinates": [ -77.1649, 38.74142 ] } },
{ "type": "Feature", "properties": { "stop_id": 161, "stop_name": "BEULAH ST @ MILLER DR", "wheelchair_boarding": 0 }, "geometry": { "type": "Point", "coordinates": [ -77.16365, 38.75594 ] } },
{ "type": "Feature", "properties": { "stop_id": 162, "stop_name": "BEULAH ST @ MILLER DR", "wheelchair_boarding": 0 }, "geometry": { "type": "Point", "coordinates": [ -77.164016, 38.755957 ] } },
{ "type": "Feature", "properties": { "stop_id": 164, "stop_name": "7800 BEULAH ST", "wheelchair_boarding": 0 }, "geometry": { "type": "Point", "coordinates": [ -77.16724, 38.74689 ] } },
{ "type": "Feature", "properties": { "stop_id": 165, "stop_name": "BERYL RD @ PAULA RD", "wheelchair_boarding": 0 }, "geometry": { "type": "Point", "coordinates": [ -77.158854, 38.802276 ] } },
{ "type": "Feature", "properties": { "stop_id": 166, "stop_name": "BERYL RD @ PAULA RD", "wheelchair_boarding": 0 }, "geometry": { "type": "Point", "coordinates": [ -77.158862, 38.802124 ] } },
{ "type": "Feature", "properties": { "stop_id": 167, "stop_name": "BEULAH ST @ SILVER LAKE BLVD", "wheelchair_boarding": 0 }, "geometry": { "type": "Point", "coordinates": [ -77.156828, 38.763004 ] } },
{ "type": "Feature", "properties": { "stop_id": 168, "stop_name": "BEULAH ST @ STEINWAY ST", "wheelchair_boarding": 0 }, "geometry": { "type": "Point", "coordinates": [ -77.16149, 38.75823 ] } },
{ "type": "Feature", "properties": { "stop_id": 169, "stop_name": "BEULAH ST @ VIEW LA", "wheelchair_boarding": 0 }, "geometry": { "type": "Point", "coordinates": [ -77.16583, 38.74333 ] } },
{ "type": "Feature", "properties": { "stop_id": 170, "stop_name": "BENNINGTON WOODS@ WATERSIDE VIEW DR", "wheelchair_boarding": 0 }, "geometry": { "type": "Point", "coordinates": [ -77.35736, 38.97013 ] } },
{ "type": "Feature", "properties": { "stop_id": 171, "stop_name": "BEULAH ST @ WINDSOR AVE", "wheelchair_boarding": 0 }, "geometry": { "type": "Point", "coordinates": [ -77.15932, 38.76058 ] } },
{ "type": "Feature", "properties": { "stop_id": 175, "stop_name": "BECONTREE LA @ GOLDENRAIN CT", "wheelchair_boarding": 0 }, "geometry": { "type": "Point", "coordinates": [ -77.32991, 38.9682 ] } },
{ "type": "Feature", "properties": { "stop_id": 176, "stop_name": "BECONTREE LA @ GOLDENRAIN CT", "wheelchair_boarding": 0 }, "geometry": { "type": "Point", "coordinates": [ -77.32995, 38.96806 ] } },
{ "type": "Feature", "properties": { "stop_id": 177, "stop_name": "2600 BEACON HILL RD", "wheelchair_boarding": 0 }, "geometry": { "type": "Point", "coordinates": [ -77.07794, 38.77129 ] } },
{ "type": "Feature", "properties": { "stop_id": 178, "stop_name": "2600 BEACON HILL RD", "wheelchair_boarding": 0 }, "geometry": { "type": "Point", "coordinates": [ -77.07855, 38.77137 ] } },
{ "type": "Feature", "properties": { "stop_id": 179, "stop_name": "BEACON HILL RD @ OAK DR", "wheelchair_boarding": 0 }, "geometry": { "type": "Point", "coordinates": [ -77.07498, 38.77024 ] } },
{ "type": "Feature", "properties": { "stop_id": 183, "stop_name": "BURKE LAKE RD @ GRANTHAM ST", "wheelchair_boarding": 0 }, "geometry": { "type": "Point", "coordinates": [ -77.25306, 38.80922 ] } },
{ "type": "Feature", "properties": { "stop_id": 184, "stop_name": "BURKE LAKE RD @ GRANTHAM ST", "wheelchair_boarding": 0 }, "geometry": { "type": "Point", "coordinates": [ -77.25289, 38.80911 ] } },
{ "type": "Feature", "properties": { "stop_id": 185, "stop_name": "BURKE LAKE RD @ LAKE BRADDOCK DR", "wheelchair_boarding": 0 }, "geometry": { "type": "Point", "coordinates": [ -77.26577, 38.80075 ] } },
{ "type": "Feature", "properties": { "stop_id": 186, "stop_name": "BURKE LAKE RD @ LAKE BRADDOCK DR", "wheelchair_boarding": 0 }, "geometry": { "type": "Point", "coordinates": [ -77.26514, 38.80105 ] } },
{ "type": "Feature", "properties": { "stop_id": 187, "stop_name": "RESTON TOWN CTR BAY K", "wheelchair_boarding": 0 }, "geometry": { "type": "Point", "coordinates": [ -77.35789, 38.95715 ] } },
{ "type": "Feature", "properties": { "stop_id": 188, "stop_name": "BLUEMONT WAY @ PRESIDENTS ST", "wheelchair_boarding": 0 }, "geometry": { "type": "Point", "coordinates": [ -77.35575, 38.95751 ] } },
{ "type": "Feature", "properties": { "stop_id": 189, "stop_name": "BLUEMONT WAY @ RESTON PKWY", "wheelchair_boarding": 0 }, "geometry": { "type": "Point", "coordinates": [ -77.35522, 38.95725 ] } },
{ "type": "Feature", "properties": { "stop_id": 190, "stop_name": "BURKE LAKE RD @ ROLLING RD", "wheelchair_boarding": 0 }, "geometry": { "type": "Point", "coordinates": [ -77.25462, 38.80817 ] } },
{ "type": "Feature", "properties": { "stop_id": 191, "stop_name": "BURKE LAKE RD @ KINGS PK LIBRARY", "wheelchair_boarding": 0 }, "geometry": { "type": "Point", "coordinates": [ -77.25628, 38.80707 ] } },
{ "type": "Feature", "properties": { "stop_id": 192, "stop_name": "BURKE LAKE RD @ ROLLING RD", "wheelchair_boarding": 0 }, "geometry": { "type": "Point", "coordinates": [ -77.254485, 38.807992 ] } },
{ "type": "Feature", "properties": { "stop_id": 193, "stop_name": "BURKE LAKE RD @ SIGNAL HILL DR", "wheelchair_boarding": 0 }, "geometry": { "type": "Point", "coordinates": [ -77.25773, 38.80608 ] } },
{ "type": "Feature", "properties": { "stop_id": 194, "stop_name": "BURKE LAKE RD @ SIGNAL HILL DR", "wheelchair_boarding": 0 }, "geometry": { "type": "Point", "coordinates": [ -77.25728, 38.8061 ] } },
{ "type": "Feature", "properties": { "stop_id": 195, "stop_name": "BREN MAR DR @ MERLE PL", "wheelchair_boarding": 0 }, "geometry": { "type": "Point", "coordinates": [ -77.154868, 38.79758 ] } },
{ "type": "Feature", "properties": { "stop_id": 196, "stop_name": "BREN MAR DR @ PHYLLIS LA", "wheelchair_boarding": 0 }, "geometry": { "type": "Point", "coordinates": [ -77.15252, 38.798508 ] } },
{ "type": "Feature", "properties": { "stop_id": 197, "stop_name": "BREN MAR DR @ PHYLLIS LA", "wheelchair_boarding": 0 }, "geometry": { "type": "Point", "coordinates": [ -77.151847, 38.798567 ] } },
{ "type": "Feature", "properties": { "stop_id": 198, "stop_name": "BOSTON BLVD @ FULLERTON RD", "wheelchair_boarding": 0 }, "geometry": { "type": "Point", "coordinates": [ -77.19884, 38.7403 ] } },
{ "type": "Feature", "properties": { "stop_id": 199, "stop_name": "7358 BOSTON BLVD", "wheelchair_boarding": 0 }, "geometry": { "type": "Point", "coordinates": [ -77.199923, 38.739367 ] } },
{ "type": "Feature", "properties": { "stop_id": 200, "stop_name": "7387 BOSTON BLVD", "wheelchair_boarding": 0 }, "geometry": { "type": "Point", "coordinates": [ -77.199996, 38.739016 ] } },
{ "type": "Feature", "properties": { "stop_id": 201, "stop_name": "BRADDOCK RD @ BRADLICK CTR", "wheelchair_boarding": 0 }, "geometry": { "type": "Point", "coordinates": [ -77.18449, 38.81201 ] } },
{ "type": "Feature", "properties": { "stop_id": 202, "stop_name": "BRADDOCK RD @ BACKLICK RD", "wheelchair_boarding": 0 }, "geometry": { "type": "Point", "coordinates": [ -77.18818, 38.81199 ] } },
{ "type": "Feature", "properties": { "stop_id": 203, "stop_name": "BRADDOCK RD @ BACKLICK RD", "wheelchair_boarding": 0 }, "geometry": { "type": "Point", "coordinates": [ -77.18448, 38.81179 ] } },
{ "type": "Feature", "properties": { "stop_id": 204, "stop_name": "BRADDOCK RD @ BRADDOCK GREEN CT", "wheelchair_boarding": 0 }, "geometry": { "type": "Point", "coordinates": [ -77.2804, 38.82286 ] } },
{ "type": "Feature", "properties": { "stop_id": 205, "stop_name": "BRADDOCK RD @ BIRCH LA", "wheelchair_boarding": 0 }, "geometry": { "type": "Point", "coordinates": [ -77.17314, 38.81203 ] } },
{ "type": "Feature", "properties": { "stop_id": 206, "stop_name": "BRADDOCK RD @ WOODLAND DR", "wheelchair_boarding": 0 }, "geometry": { "type": "Point", "coordinates": [ -77.19103, 38.81192 ] } },
{ "type": "Feature", "properties": { "stop_id": 207, "stop_name": "BROADMOOR ST @ BUCKINGHAM PALACE CT", "wheelchair_boarding": 0 }, "geometry": { "type": "Point", "coordinates": [ -77.13275, 38.74832 ] } },
{ "type": "Feature", "properties": { "stop_id": 208, "stop_name": "BRADDOCK RD @ BRADDOCK RD", "wheelchair_boarding": 0 }, "geometry": { "type": "Point", "coordinates": [ -77.28651, 38.82642 ] } },
{ "type": "Feature", "properties": { "stop_id": 209, "stop_name": "BRADDOCK RD @ BURKE STATION RD", "wheelchair_boarding": 0 }, "geometry": { "type": "Point", "coordinates": [ -77.28854, 38.8263 ] } },
{ "type": "Feature", "properties": { "stop_id": 210, "stop_name": "BRADDOCK RD @ BRADWOOD ST", "wheelchair_boarding": 0 }, "geometry": { "type": "Point", "coordinates": [ -77.18911, 38.81174 ] } },
{ "type": "Feature", "properties": { "stop_id": 211, "stop_name": "BRADDOCK RD @ COLUMBIA RD", "wheelchair_boarding": 0 }, "geometry": { "type": "Point", "coordinates": [ -77.17597, 38.812 ] } },
{ "type": "Feature", "properties": { "stop_id": 212, "stop_name": "BRADDOCK RD @ COLUMBIA RD", "wheelchair_boarding": 0 }, "geometry": { "type": "Point", "coordinates": [ -77.17628, 38.81184 ] } },
{ "type": "Feature", "properties": { "stop_id": 213, "stop_name": "BRADDOCK RD @ CARRIAGE PARK RD", "wheelchair_boarding": 0 }, "geometry": { "type": "Point", "coordinates": [ -77.30514, 38.82457 ] } },
{ "type": "Feature", "properties": { "stop_id": 214, "stop_name": "BRADDOCK RD @ CARRIAGE PARK RD", "wheelchair_boarding": 0 }, "geometry": { "type": "Point", "coordinates": [ -77.30531, 38.82426 ] } },
{ "type": "Feature", "properties": { "stop_id": 215, "stop_name": "BRADDOCK RD @ WAKEFIELD CHAPEL RD", "wheelchair_boarding": 0 }, "geometry": { "type": "Point", "coordinates": [ -77.23545, 38.81081 ] } },
{ "type": "Feature", "properties": { "stop_id": 216, "stop_name": "BRADDOCK RD @ DODSON DR", "wheelchair_boarding": 0 }, "geometry": { "type": "Point", "coordinates": [ -77.17946, 38.81202 ] } },
{ "type": "Feature", "properties": { "stop_id": 217, "stop_name": "BRADDOCK RD @ DODSON DR", "wheelchair_boarding": 0 }, "geometry": { "type": "Point", "coordinates": [ -77.1802, 38.81181 ] } },
{ "type": "Feature", "properties": { "stop_id": 218, "stop_name": "BRADDOCK RD @ DEQUINCEY DR", "wheelchair_boarding": 0 }, "geometry": { "type": "Point", "coordinates": [ -77.28003, 38.82215 ] } },
{ "type": "Feature", "properties": { "stop_id": 219, "stop_name": "BRADDOCK RD @ DUNLEIGH DR", "wheelchair_boarding": 0 }, "geometry": { "type": "Point", "coordinates": [ -77.26126, 38.81062 ] } },
{ "type": "Feature", "properties": { "stop_id": 220, "stop_name": "BRADDOCK RD @ FERNDALE ST", "wheelchair_boarding": 0 }, "geometry": { "type": "Point", "coordinates": [ -77.19587, 38.8118 ] } },
{ "type": "Feature", "properties": { "stop_id": 221, "stop_name": "BRADDOCK RD @ FERNDALE ST", "wheelchair_boarding": 0 }, "geometry": { "type": "Point", "coordinates": [ -77.19586, 38.81161 ] } },
{ "type": "Feature", "properties": { "stop_id": 222, "stop_name": "BRADDOCK RD @ FORESTDALE DR", "wheelchair_boarding": 0 }, "geometry": { "type": "Point", "coordinates": [ -77.29996, 38.82636 ] } },
{ "type": "Feature", "properties": { "stop_id": 223, "stop_name": "BRADDOCK RD @ FORESTDALE DR", "wheelchair_boarding": 0 }, "geometry": { "type": "Point", "coordinates": [ -77.29989, 38.8261 ] } },
{ "type": "Feature", "properties": { "stop_id": 224, "stop_name": "BRADDOCK RD @ GLEN PARK RD", "wheelchair_boarding": 0 }, "geometry": { "type": "Point", "coordinates": [ -77.23106, 38.81131 ] } },
{ "type": "Feature", "properties": { "stop_id": 225, "stop_name": "BRADDOCK RD @ GLEN PARK RD", "wheelchair_boarding": 0 }, "geometry": { "type": "Point", "coordinates": [ -77.23106, 38.81096 ] } },
{ "type": "Feature", "properties": { "stop_id": 226, "stop_name": "BRADDOCK RD @ HEREND PL", "wheelchair_boarding": 0 }, "geometry": { "type": "Point", "coordinates": [ -77.28217, 38.82401 ] } },
{ "type": "Feature", "properties": { "stop_id": 227, "stop_name": "BRADDOCK RD @ HEREND PL", "wheelchair_boarding": 0 }, "geometry": { "type": "Point", "coordinates": [ -77.28183, 38.82417 ] } },
{ "type": "Feature", "properties": { "stop_id": 228, "stop_name": "BRADDOCK RD @ HEMING AVE", "wheelchair_boarding": 0 }, "geometry": { "type": "Point", "coordinates": [ -77.2034, 38.81164 ] } },
{ "type": "Feature", "properties": { "stop_id": 229, "stop_name": "BRADDOCK RD @ HEMING AVE", "wheelchair_boarding": 0 }, "geometry": { "type": "Point", "coordinates": [ -77.20413, 38.81129 ] } },
{ "type": "Feature", "properties": { "stop_id": 230, "stop_name": "BRADDOCK RD @ INVERCHAPEL RD", "wheelchair_boarding": 0 }, "geometry": { "type": "Point", "coordinates": [ -77.22866, 38.81138 ] } },
{ "type": "Feature", "properties": { "stop_id": 231, "stop_name": "BRADDOCK RD @ INVERCHAPEL RD", "wheelchair_boarding": 0 }, "geometry": { "type": "Point", "coordinates": [ -77.22793, 38.81099 ] } },
{ "type": "Feature", "properties": { "stop_id": 232, "stop_name": "BRADDOCK RD @ IRVIN PL", "wheelchair_boarding": 0 }, "geometry": { "type": "Point", "coordinates": [ -77.16425, 38.8208 ] } },
{ "type": "Feature", "properties": { "stop_id": 233, "stop_name": "BRADDOCK RD @ IRVIN CT", "wheelchair_boarding": 0 }, "geometry": { "type": "Point", "coordinates": [ -77.16394, 38.82094 ] } },
{ "type": "Feature", "properties": { "stop_id": 234, "stop_name": "BRADDOCK RD @ KINGS PARK DR", "wheelchair_boarding": 0 }, "geometry": { "type": "Point", "coordinates": [ -77.2483, 38.81043 ] } },
{ "type": "Feature", "properties": { "stop_id": 235, "stop_name": "BRADDOCK RD @ MONROE DR", "wheelchair_boarding": 0 }, "geometry": { "type": "Point", "coordinates": [ -77.17346, 38.81182 ] } },
{ "type": "Feature", "properties": { "stop_id": 236, "stop_name": "BRADDOCK RD @ MONTROSE ST", "wheelchair_boarding": 0 }, "geometry": { "type": "Point", "coordinates": [ -77.16476, 38.81898 ] } },
{ "type": "Feature", "properties": { "stop_id": 237, "stop_name": "BRADDOCK RD @ MONTROSE ST", "wheelchair_boarding": 0 }, "geometry": { "type": "Point", "coordinates": [ -77.16499, 38.81899 ] } },
{ "type": "Feature", "properties": { "stop_id": 238, "stop_name": "BRADDOCK RD @ NASH DR", "wheelchair_boarding": 0 }, "geometry": { "type": "Point", "coordinates": [ -77.27591, 38.81868 ] } },
{ "type": "Feature", "properties": { "stop_id": 239, "stop_name": "BRADDOCK RD @ PICKETT RD", "wheelchair_boarding": 0 }, "geometry": { "type": "Point", "coordinates": [ -77.276243, 38.819435 ] } },
{ "type": "Feature", "properties": { "stop_id": 240, "stop_name": "BRADDOCK RD @ PIEDMONT PL", "wheelchair_boarding": 0 }, "geometry": { "type": "Point", "coordinates": [ -77.20132, 38.81136 ] } },
{ "type": "Feature", "properties": { "stop_id": 241, "stop_name": "BRADDOCK RD @ PORT ROYAL RD", "wheelchair_boarding": 0 }, "geometry": { "type": "Point", "coordinates": [ -77.22141, 38.81147 ] } },
{ "type": "Feature", "properties": { "stop_id": 242, "stop_name": "BRADDOCK RD @ QUEENSBERRY AVE", "wheelchair_boarding": 0 }, "geometry": { "type": "Point", "coordinates": [ -77.22493, 38.81106 ] } },
{ "type": "Feature", "properties": { "stop_id": 243, "stop_name": "BRADDOCK RD @ PORT ROYAL RD", "wheelchair_boarding": 0 }, "geometry": { "type": "Point", "coordinates": [ -77.22326, 38.81108 ] } },
{ "type": "Feature", "properties": { "stop_id": 244, "stop_name": "BRADDOCK RD @ RANDOLPH DR", "wheelchair_boarding": 0 }, "geometry": { "type": "Point", "coordinates": [ -77.16844, 38.81638 ] } },
{ "type": "Feature", "properties": { "stop_id": 245, "stop_name": "BRADDOCK RD @ RANDOLPH DR", "wheelchair_boarding": 0 }, "geometry": { "type": "Point", "coordinates": [ -77.16858, 38.81597 ] } },
{ "type": "Feature", "properties": { "stop_id": 246, "stop_name": "BRADDOCK RD @ RED FOX DR E", "wheelchair_boarding": 0 }, "geometry": { "type": "Point", "coordinates": [ -77.2539, 38.81089 ] } },
{ "type": "Feature", "properties": { "stop_id": 247, "stop_name": "BRADDOCK RD @ ROANOKE RIVER RD", "wheelchair_boarding": 0 }, "geometry": { "type": "Point", "coordinates": [ -77.313, 38.82602 ] } },
{ "type": "Feature", "properties": { "stop_id": 248, "stop_name": "BRADDOCK RD @ ROANOKE RIVER RD", "wheelchair_boarding": 0 }, "geometry": { "type": "Point", "coordinates": [ -77.313, 38.82567 ] } },
{ "type": "Feature", "properties": { "stop_id": 249, "stop_name": "9895 BRADDOCK RD", "wheelchair_boarding": 0 }, "geometry": { "type": "Point", "coordinates": [ -77.28599, 38.82607 ] } },
{ "type": "Feature", "properties": { "stop_id": 250, "stop_name": "HAYFIELD RD @ KINGSTOWNE VLG PKWY", "wheelchair_boarding": 0 }, "geometry": { "type": "Point", "coordinates": [ -77.14602, 38.75687 ] } },
{ "type": "Feature", "properties": { "stop_id": 251, "stop_name": "BRADDOCK RD @ RED SPRUCE RD", "wheelchair_boarding": 0 }, "geometry": { "type": "Point", "coordinates": [ -77.29193, 38.82667 ] } },
{ "type": "Feature", "properties": { "stop_id": 252, "stop_name": "BRADDOCK RD @ RED SPRUCE RD", "wheelchair_boarding": 0 }, "geometry": { "type": "Point", "coordinates": [ -77.29242, 38.82638 ] } },
{ "type": "Feature", "properties": { "stop_id": 253, "stop_name": "BRADDOCK RD @ RAVENSWORTH RD", "wheelchair_boarding": 0 }, "geometry": { "type": "Point", "coordinates": [ -77.21105, 38.811548 ] } },
{ "type": "Feature", "properties": { "stop_id": 254, "stop_name": "BRADDOCK RD @ RAVENSWORTH RD", "wheelchair_boarding": 0 }, "geometry": { "type": "Point", "coordinates": [ -77.21052, 38.81123 ] } },
{ "type": "Feature", "properties": { "stop_id": 255, "stop_name": "BRADDOCK RD @ STONE HAVEN DR", "wheelchair_boarding": 0 }, "geometry": { "type": "Point", "coordinates": [ -77.24549, 38.81091 ] } },
{ "type": "Feature", "properties": { "stop_id": 256, "stop_name": "BRADDOCK RD @ STONE HAVEN DR", "wheelchair_boarding": 0 }, "geometry": { "type": "Point", "coordinates": [ -77.24449, 38.81064 ] } },
{ "type": "Feature", "properties": { "stop_id": 257, "stop_name": "BRADDOCK RD @ SIDEBURN RD", "wheelchair_boarding": 0 }, "geometry": { "type": "Point", "coordinates": [ -77.30844, 38.82426 ] } },
{ "type": "Feature", "properties": { "stop_id": 258, "stop_name": "BRADDOCK RD @ SIDEBURN RD", "wheelchair_boarding": 0 }, "geometry": { "type": "Point", "coordinates": [ -77.30726, 38.82385 ] } },
{ "type": "Feature", "properties": { "stop_id": 259, "stop_name": "BRADDOCK RD @ SOUTHAMPTON DR", "wheelchair_boarding": 0 }, "geometry": { "type": "Point", "coordinates": [ -77.24066, 38.81113 ] } },
{ "type": "Feature", "properties": { "stop_id": 260, "stop_name": "BRADDOCK RD @ SOUTHAMPTON DR", "wheelchair_boarding": 0 }, "geometry": { "type": "Point", "coordinates": [ -77.2396, 38.81081 ] } },
{ "type": "Feature", "properties": { "stop_id": 261, "stop_name": "BRADDOCK RD @ SPRING VALLEY DR", "wheelchair_boarding": 0 }, "geometry": { "type": "Point", "coordinates": [ -77.17045, 38.81408 ] } },
{ "type": "Feature", "properties": { "stop_id": 262, "stop_name": "BRADDOCK RD @ SPRING VALLEY DR", "wheelchair_boarding": 0 }, "geometry": { "type": "Point", "coordinates": [ -77.17023, 38.814 ] } },
{ "type": "Feature", "properties": { "stop_id": 263, "stop_name": "BRADDOCK RD @ TAPESTRY DR", "wheelchair_boarding": 0 }, "geometry": { "type": "Point", "coordinates": [ -77.29468, 38.82674 ] } },
{ "type": "Feature", "properties": { "stop_id": 264, "stop_name": "BRADDOCK RD @ TAPESTRY DR", "wheelchair_boarding": 0 }, "geometry": { "type": "Point", "coordinates": [ -77.29514, 38.8264 ] } },
{ "type": "Feature", "properties": { "stop_id": 265, "stop_name": "BRADDOCK RD @ TWINBROOK RD", "wheelchair_boarding": 0 }, "geometry": { "type": "Point", "coordinates": [ -77.27486, 38.81813 ] } },
{ "type": "Feature", "properties": { "stop_id": 266, "stop_name": "BRADDOCK RD @ WAKEFIELD CHAPEL RD", "wheelchair_boarding": 0 }, "geometry": { "type": "Point", "coordinates": [ -77.23584, 38.81115 ] } },
{ "type": "Feature", "properties": { "stop_id": 267, "stop_name": "BROADMOOR ST @ WELCH CT", "wheelchair_boarding": 0 }, "geometry": { "type": "Point", "coordinates": [ -77.13979, 38.74678 ] } },
{ "type": "Feature", "properties": { "stop_id": 268, "stop_name": "BRADDOCK RD @ WOODLAND WAY", "wheelchair_boarding": 0 }, "geometry": { "type": "Point", "coordinates": [ -77.24926, 38.81079 ] } },
{ "type": "Feature", "properties": { "stop_id": 269, "stop_name": "BOWMAN TOWNE DR @ CAMERON GLEN DR", "wheelchair_boarding": 0 }, "geometry": { "type": "Point", "coordinates": [ -77.35882, 38.96227 ] } },
{ "type": "Feature", "properties": { "stop_id": 270, "stop_name": "BOWMAN TOWNE DR @ CAMERON GLEN DR", "wheelchair_boarding": 0 }, "geometry": { "type": "Point", "coordinates": [ -77.35858, 38.96212 ] } },
{ "type": "Feature", "properties": { "stop_id": 271, "stop_name": "BOWMAN TOWNE DR @ FOUNTAIN DR", "wheelchair_boarding": 0 }, "geometry": { "type": "Point", "coordinates": [ -77.35541, 38.96237 ] } },
{ "type": "Feature", "properties": { "stop_id": 272, "stop_name": "BOWMAN TOWNE DR @ FOUNTAIN DR W", "wheelchair_boarding": 0 }, "geometry": { "type": "Point", "coordinates": [ -77.35721, 38.96231 ] } },
{ "type": "Feature", "properties": { "stop_id": 273, "stop_name": "BOWMAN TOWNE DR @ RESTON PKWY", "wheelchair_boarding": 0 }, "geometry": { "type": "Point", "coordinates": [ -77.35475, 38.96226 ] } },
{ "type": "Feature", "properties": { "stop_id": 274, "stop_name": "BURKE RD @ ASHBOURN DR", "wheelchair_boarding": 0 }, "geometry": { "type": "Point", "coordinates": [ -77.27921, 38.80463 ] } },
{ "type": "Feature", "properties": { "stop_id": 275, "stop_name": "HAYFIELD RD @ KINGSTOWNE VLG PKWY W", "wheelchair_boarding": 0 }, "geometry": { "type": "Point", "coordinates": [ -77.146284, 38.756699 ] } },
{ "type": "Feature", "properties": { "stop_id": 276, "stop_name": "BURKE RD @ ASHBOURN DR", "wheelchair_boarding": 0 }, "geometry": { "type": "Point", "coordinates": [ -77.27894, 38.80467 ] } },
{ "type": "Feature", "properties": { "stop_id": 277, "stop_name": "BURGUNDY RD @ EAST DR", "wheelchair_boarding": 0 }, "geometry": { "type": "Point", "coordinates": [ -77.08195, 38.79824 ] } },
{ "type": "Feature", "properties": { "stop_id": 278, "stop_name": "BURKE RD @ LAKE BRADDOCK DR", "wheelchair_boarding": 0 }, "geometry": { "type": "Point", "coordinates": [ -77.27686, 38.80161 ] } },
{ "type": "Feature", "properties": { "stop_id": 279, "stop_name": "BURKE RD @ PEPPERCORN DR", "wheelchair_boarding": 0 }, "geometry": { "type": "Point", "coordinates": [ -77.27845, 38.80361 ] } },
{ "type": "Feature", "properties": { "stop_id": 280, "stop_name": "BURKE RD @ PEPPERCORN DR", "wheelchair_boarding": 0 }, "geometry": { "type": "Point", "coordinates": [ -77.278267, 38.803741 ] } },
{ "type": "Feature", "properties": { "stop_id": 281, "stop_name": "BUCKMAN RD @ ROLLING HILLS AVE", "wheelchair_boarding": 0 }, "geometry": { "type": "Point", "coordinates": [ -77.0917, 38.73942 ] } },
{ "type": "Feature", "properties": { "stop_id": 282, "stop_name": "BUCKMAN RD @ RUSSELL RD", "wheelchair_boarding": 0 }, "geometry": { "type": "Point", "coordinates": [ -77.10232, 38.73585 ] } },
{ "type": "Feature", "properties": { "stop_id": 283, "stop_name": "BELLE VIEW BLVD @ BLUEBILL LA", "wheelchair_boarding": 0 }, "geometry": { "type": "Point", "coordinates": [ -77.064, 38.77502 ] } },
{ "type": "Feature", "properties": { "stop_id": 284, "stop_name": "BELLE VIEW BLVD @ FORT HUNT RD", "wheelchair_boarding": 0 }, "geometry": { "type": "Point", "coordinates": [ -77.0616, 38.775002 ] } },
{ "type": "Feature", "properties": { "stop_id": 285, "stop_name": "BELLE VIEW BLVD @ WAKEFIELD DR", "wheelchair_boarding": 0 }, "geometry": { "type": "Point", "coordinates": [ -77.05985, 38.77519 ] } },
{ "type": "Feature", "properties": { "stop_id": 286, "stop_name": "BENNINGTON WOODS RD @ FIELDTHORN DR", "wheelchair_boarding": 0 }, "geometry": { "type": "Point", "coordinates": [ -77.35743, 38.97219 ] } },
{ "type": "Feature", "properties": { "stop_id": 287, "stop_name": "BENNINGTON WOODS @ HARVEST GREEN DR", "wheelchair_boarding": 0 }, "geometry": { "type": "Point", "coordinates": [ -77.35334, 38.97417 ] } },
{ "type": "Feature", "properties": { "stop_id": 288, "stop_name": "BENNINGTON WOODS RD @ MOSS POINT LA", "wheelchair_boarding": 0 }, "geometry": { "type": "Point", "coordinates": [ -77.35798, 38.97283 ] } },
{ "type": "Feature", "properties": { "stop_id": 289, "stop_name": "BENNINGTON WOODS RD @ STEVENAGE RD", "wheelchair_boarding": 0 }, "geometry": { "type": "Point", "coordinates": [ -77.35877, 38.9682 ] } },
{ "type": "Feature", "properties": { "stop_id": 290, "stop_name": "BENNINGTON WOODS RD@ TRAILS EDGE LA", "wheelchair_boarding": 0 }, "geometry": { "type": "Point", "coordinates": [ -77.35544, 38.97399 ] } },
{ "type": "Feature", "properties": { "stop_id": 291, "stop_name": "BENNINGTON WOODS@ WATERSIDE VIEW DR", "wheelchair_boarding": 0 }, "geometry": { "type": "Point", "coordinates": [ -77.35899, 38.96824 ] } },
{ "type": "Feature", "properties": { "stop_id": 292, "stop_name": "BENNINGTON WOODS RD@ WHISPERHILL DR", "wheelchair_boarding": 0 }, "geometry": { "type": "Point", "coordinates": [ -77.35748, 38.9699 ] } },
{ "type": "Feature", "properties": { "stop_id": 293, "stop_name": "CHAIN BRIDGE RD @ ARMSTRONG ST", "wheelchair_boarding": 0 }, "geometry": { "type": "Point", "coordinates": [ -77.309288, 38.841747 ] } },
{ "type": "Feature", "properties": { "stop_id": 294, "stop_name": "CHAIN BRIDGE RD @ CANFIELD ST", "wheelchair_boarding": 0 }, "geometry": { "type": "Point", "coordinates": [ -77.311598, 38.838454 ] } },
{ "type": "Feature", "properties": { "stop_id": 295, "stop_name": "8560 CINDER BED RD", "wheelchair_boarding": 0 }, "geometry": { "type": "Point", "coordinates": [ -77.19345, 38.72576 ] } },
{ "type": "Feature", "properties": { "stop_id": 296, "stop_name": "8580 CINDER BED RD", "wheelchair_boarding": 0 }, "geometry": { "type": "Point", "coordinates": [ -77.19491, 38.72528 ] } },
{ "type": "Feature", "properties": { "stop_id": 297, "stop_name": "8580 CINDER BED RD", "wheelchair_boarding": 0 }, "geometry": { "type": "Point", "coordinates": [ -77.19477, 38.72517 ] } },
{ "type": "Feature", "properties": { "stop_id": 298, "stop_name": "8560 CINDER BED RD", "wheelchair_boarding": 0 }, "geometry": { "type": "Point", "coordinates": [ -77.193374, 38.725606 ] } },
{ "type": "Feature", "properties": { "stop_id": 305, "stop_name": "CHAIN BRIDGE RD @ WEST DR", "wheelchair_boarding": 0 }, "geometry": { "type": "Point", "coordinates": [ -77.310553, 38.8399 ] } },
{ "type": "Feature", "properties": { "stop_id": 306, "stop_name": "CENTER ST @ PRIDE AVE", "wheelchair_boarding": 0 }, "geometry": { "type": "Point", "coordinates": [ -77.388563, 38.967068 ] } },
{ "type": "Feature", "properties": { "stop_id": 307, "stop_name": "CENTREVILLE RD @ CLEAR LAKE CT", "wheelchair_boarding": 0 }, "geometry": { "type": "Point", "coordinates": [ -77.414933, 38.93091 ] } },
{ "type": "Feature", "properties": { "stop_id": 308, "stop_name": "CENTREVILLE RD @ CLEAR LAKE CT", "wheelchair_boarding": 0 }, "geometry": { "type": "Point", "coordinates": [ -77.41463, 38.93075 ] } },
{ "type": "Feature", "properties": { "stop_id": 309, "stop_name": "CENTREVILLE RD @ COPPERMINE RD", "wheelchair_boarding": 0 }, "geometry": { "type": "Point", "coordinates": [ -77.41337, 38.947543 ] } },
{ "type": "Feature", "properties": { "stop_id": 310, "stop_name": "CENTREVILLE RD @ COPPERMINE RD", "wheelchair_boarding": 0 }, "geometry": { "type": "Point", "coordinates": [ -77.412908, 38.947558 ] } },
{ "type": "Feature", "properties": { "stop_id": 311, "stop_name": "CENTREVILLE RD @ CEDAR RUN LA", "wheelchair_boarding": 0 }, "geometry": { "type": "Point", "coordinates": [ -77.415753, 38.927179 ] } },
{ "type": "Feature", "properties": { "stop_id": 312, "stop_name": "CENTREVILLE RD @ CEDAR RUN LA", "wheelchair_boarding": 0 }, "geometry": { "type": "Point", "coordinates": [ -77.41523, 38.92762 ] } },
{ "type": "Feature", "properties": { "stop_id": 313, "stop_name": "CENTER ST @ FLORIDA AVE", "wheelchair_boarding": 0 }, "geometry": { "type": "Point", "coordinates": [ -77.389539, 38.965332 ] } },
{ "type": "Feature", "properties": { "stop_id": 314, "stop_name": "CENTREVILLE RD @ FLORIS ST", "wheelchair_boarding": 0 }, "geometry": { "type": "Point", "coordinates": [ -77.413645, 38.934621 ] } },
{ "type": "Feature", "properties": { "stop_id": 315, "stop_name": "CENTREVILLE RD @ FLORIS ST", "wheelchair_boarding": 0 }, "geometry": { "type": "Point", "coordinates": [ -77.41346, 38.93413 ] } },
{ "type": "Feature", "properties": { "stop_id": 316, "stop_name": "CENTREVILLE RD @ HIGHLAND MEWS CT", "wheelchair_boarding": 0 }, "geometry": { "type": "Point", "coordinates": [ -77.41776, 38.92103 ] } },
{ "type": "Feature", "properties": { "stop_id": 317, "stop_name": "CENTER ST @ LOCUST ST", "wheelchair_boarding": 0 }, "geometry": { "type": "Point", "coordinates": [ -77.387964, 38.969086 ] } },
{ "type": "Feature", "properties": { "stop_id": 318, "stop_name": "CENTER ST @ LOCUST ST", "wheelchair_boarding": 0 }, "geometry": { "type": "Point", "coordinates": [ -77.387846, 38.968587 ] } },
{ "type": "Feature", "properties": { "stop_id": 321, "stop_name": "CENTREVILLE RD @ MCLEAREN RD", "wheelchair_boarding": 0 }, "geometry": { "type": "Point", "coordinates": [ -77.416895, 38.923141 ] } },
{ "type": "Feature", "properties": { "stop_id": 322, "stop_name": "CENTREVILLE RD @ MCNAIR FARMS DR", "wheelchair_boarding": 0 }, "geometry": { "type": "Point", "coordinates": [ -77.413699, 38.945635 ] } },
{ "type": "Feature", "properties": { "stop_id": 323, "stop_name": "CENTREVILLE RD @ MCNAIR FARMS DR", "wheelchair_boarding": 0 }, "geometry": { "type": "Point", "coordinates": [ -77.413349, 38.945093 ] } },
{ "type": "Feature", "properties": { "stop_id": 324, "stop_name": "CENTREVILLE RD @ OLD CENTREVILLE RD", "wheelchair_boarding": 0 }, "geometry": { "type": "Point", "coordinates": [ -77.413945, 38.944124 ] } },
{ "type": "Feature", "properties": { "stop_id": 325, "stop_name": "CENTREVILLE RD @ PARCHER AVE", "wheelchair_boarding": 0 }, "geometry": { "type": "Point", "coordinates": [ -77.402257, 38.959075 ] } },
{ "type": "Feature", "properties": { "stop_id": 326, "stop_name": "SUNRISE VALLEY DR @ DULLES TECH DR", "wheelchair_boarding": 0 }, "geometry": { "type": "Point", "coordinates": [ -77.411553, 38.953801 ] } },
{ "type": "Feature", "properties": { "stop_id": 327, "stop_name": "CENTREVILLE RD @ VIRGINIA RANDOLPH", "wheelchair_boarding": 0 }, "geometry": { "type": "Point", "coordinates": [ -77.413563, 38.943625 ] } },
{ "type": "Feature", "properties": { "stop_id": 328, "stop_name": "CENTREVILLE RD @ WEST OX RD", "wheelchair_boarding": 0 }, "geometry": { "type": "Point", "coordinates": [ -77.413412, 38.936827 ] } },
{ "type": "Feature", "properties": { "stop_id": 329, "stop_name": "CENTER HARBOR RD @ CHURCH HILL PL", "wheelchair_boarding": 0 }, "geometry": { "type": "Point", "coordinates": [ -77.34647, 38.98006 ] } },
{ "type": "Feature", "properties": { "stop_id": 330, "stop_name": "CENTER HARBOR RD @ HERITAGE OAK WAY", "wheelchair_boarding": 0 }, "geometry": { "type": "Point", "coordinates": [ -77.33914, 38.97993 ] } },
{ "type": "Feature", "properties": { "stop_id": 331, "stop_name": "CENTER HARBOR RD @ NORTH VILLAGE RD", "wheelchair_boarding": 0 }, "geometry": { "type": "Point", "coordinates": [ -77.34483, 38.97956 ] } },
{ "type": "Feature", "properties": { "stop_id": 332, "stop_name": "CHANCELLOR WAY @ ORANGE PLANK RD", "wheelchair_boarding": 0 }, "geometry": { "type": "Point", "coordinates": [ -77.21604, 38.75137 ] } },
{ "type": "Feature", "properties": { "stop_id": 333, "stop_name": "CENTER HARBOR RD @ SUNDIAL DR", "wheelchair_boarding": 0 }, "geometry": { "type": "Point", "coordinates": [ -77.33748, 38.98106 ] } },
{ "type": "Feature", "properties": { "stop_id": 334, "stop_name": "CENTER HARBOR RD @ WATERFRONT RD", "wheelchair_boarding": 0 }, "geometry": { "type": "Point", "coordinates": [ -77.34265, 38.97879 ] } },
{ "type": "Feature", "properties": { "stop_id": 335, "stop_name": "COLTS NECK RD @ COLTS NECK CT", "wheelchair_boarding": 0 }, "geometry": { "type": "Point", "coordinates": [ -77.35799, 38.94333 ] } },
{ "type": "Feature", "properties": { "stop_id": 336, "stop_name": "COLTS NECK RD @ GREYWING CT", "wheelchair_boarding": 0 }, "geometry": { "type": "Point", "coordinates": [ -77.35972, 38.94093 ] } },
{ "type": "Feature", "properties": { "stop_id": 337, "stop_name": "COLTS NECK RD @ GREYWING CT", "wheelchair_boarding": 0 }, "geometry": { "type": "Point", "coordinates": [ -77.35982, 38.94115 ] } },
{ "type": "Feature", "properties": { "stop_id": 338, "stop_name": "COLTS NECK RD @ WINTERTHUR LA", "wheelchair_boarding": 0 }, "geometry": { "type": "Point", "coordinates": [ -77.36088, 38.93921 ] } },
{ "type": "Feature", "properties": { "stop_id": 339, "stop_name": "COLTS NECK RD @ HUNTERS SQUARE CT", "wheelchair_boarding": 0 }, "geometry": { "type": "Point", "coordinates": [ -77.36381, 38.93579 ] } },
{ "type": "Feature", "properties": { "stop_id": 340, "stop_name": "COLTS NECK RD @ HUNTER WOODS PLAZA", "wheelchair_boarding": 0 }, "geometry": { "type": "Point", "coordinates": [ -77.3621, 38.93826 ] } },
{ "type": "Feature", "properties": { "stop_id": 341, "stop_name": "COLTS NECK RD @ HUNTERS SQUARE CT", "wheelchair_boarding": 0 }, "geometry": { "type": "Point", "coordinates": [ -77.363622, 38.935855 ] } },
{ "type": "Feature", "properties": { "stop_id": 342, "stop_name": "COLTS NECK RD @ HUNTERS WOODS PLZ", "wheelchair_boarding": 0 }, "geometry": { "type": "Point", "coordinates": [ -77.36193, 38.93815 ] } },
{ "type": "Feature", "properties": { "stop_id": 346, "stop_name": "COLTS NECK RD @ ROYAL FERN CT", "wheelchair_boarding": 0 }, "geometry": { "type": "Point", "coordinates": [ -77.35826, 38.94321 ] } },
{ "type": "Feature", "properties": { "stop_id": 349, "stop_name": "COLTS NECK RD @ SUNRISE VALLEY DR", "wheelchair_boarding": 0 }, "geometry": { "type": "Point", "coordinates": [ -77.35783, 38.94488 ] } },
{ "type": "Feature", "properties": { "stop_id": 352, "stop_name": "COMMERCE ST @ AMHERST AVE", "wheelchair_boarding": 0 }, "geometry": { "type": "Point", "coordinates": [ -77.18935, 38.7829 ] } },
{ "type": "Feature", "properties": { "stop_id": 353, "stop_name": "COMMERCE ST @ MONTICELLO BLVD", "wheelchair_boarding": 0 }, "geometry": { "type": "Point", "coordinates": [ -77.191819, 38.779848 ] } },
{ "type": "Feature", "properties": { "stop_id": 354, "stop_name": "COLUMBIA PIKE @ BACKLICK RD", "wheelchair_boarding": 0 }, "geometry": { "type": "Point", "coordinates": [ -77.19406, 38.83137 ] } },
{ "type": "Feature", "properties": { "stop_id": 356, "stop_name": "COMMERCE ST @ BOWIE DR", "wheelchair_boarding": 0 }, "geometry": { "type": "Point", "coordinates": [ -77.17725, 38.78047 ] } },
{ "type": "Feature", "properties": { "stop_id": 357, "stop_name": "COMMERCE ST @ BRANDON AVE", "wheelchair_boarding": 0 }, "geometry": { "type": "Point", "coordinates": [ -77.18327, 38.78239 ] } },
{ "type": "Feature", "properties": { "stop_id": 358, "stop_name": "COMMERCE ST @ BRANDON AVE", "wheelchair_boarding": 0 }, "geometry": { "type": "Point", "coordinates": [ -77.182033, 38.782101 ] } },
{ "type": "Feature", "properties": { "stop_id": 364, "stop_name": "COMMERCE ST @ BOWIE DR", "wheelchair_boarding": 0 }, "geometry": { "type": "Point", "coordinates": [ -77.17704, 38.78008 ] } },
{ "type": "Feature", "properties": { "stop_id": 372, "stop_name": "COPPERMINE RD @ MCNAIR FARMS DR", "wheelchair_boarding": 0 }, "geometry": { "type": "Point", "coordinates": [ -77.41091, 38.94759 ] } },
{ "type": "Feature", "properties": { "stop_id": 373, "stop_name": "COPPERMINE RD @ MCNAIR FARMS DR", "wheelchair_boarding": 0 }, "geometry": { "type": "Point", "coordinates": [ -77.411349, 38.947462 ] } },
{ "type": "Feature", "properties": { "stop_id": 374, "stop_name": "COMMERCE ST @ MONTICELLO BLVD", "wheelchair_boarding": 0 }, "geometry": { "type": "Point", "coordinates": [ -77.1915, 38.77913 ] } },
{ "type": "Feature", "properties": { "stop_id": 375, "stop_name": "OLD KEENE MILL RD @ COMMERCE ST", "wheelchair_boarding": 0 }, "geometry": { "type": "Point", "coordinates": [ -77.192261, 38.778271 ] } },
{ "type": "Feature", "properties": { "stop_id": 376, "stop_name": "COMMERCE ST @ SPRINGFIELD PLAZA", "wheelchair_boarding": 0 }, "geometry": { "type": "Point", "coordinates": [ -77.18974, 38.78245 ] } },
{ "type": "Feature", "properties": { "stop_id": 379, "stop_name": "CRESTLEIGH WAY @ BEULAH ST", "wheelchair_boarding": 0 }, "geometry": { "type": "Point", "coordinates": [ -77.165919, 38.75461 ] } },
{ "type": "Feature", "properties": { "stop_id": 380, "stop_name": "CRESTLEIGH WAY @ BIRCHLEIGH WAY", "wheelchair_boarding": 0 }, "geometry": { "type": "Point", "coordinates": [ -77.168759, 38.75657 ] } },
{ "type": "Feature", "properties": { "stop_id": 381, "stop_name": "CRANFORD ST @ EATON WOODS PL", "wheelchair_boarding": 0 }, "geometry": { "type": "Point", "coordinates": [ -77.220034, 38.695405 ] } },
{ "type": "Feature", "properties": { "stop_id": 382, "stop_name": "CRESTLEIGH WAY @ FOXLEIGH WAY", "wheelchair_boarding": 0 }, "geometry": { "type": "Point", "coordinates": [ -77.168139, 38.75583 ] } },
{ "type": "Feature", "properties": { "stop_id": 383, "stop_name": "CRESTLEIGH WAY @ FOXLEIGH WAY", "wheelchair_boarding": 0 }, "geometry": { "type": "Point", "coordinates": [ -77.16848, 38.75589 ] } },
{ "type": "Feature", "properties": { "stop_id": 384, "stop_name": "CRESTLEIGH WAY @ BEULAH ST", "wheelchair_boarding": 0 }, "geometry": { "type": "Point", "coordinates": [ -77.16604, 38.75454 ] } },
{ "type": "Feature", "properties": { "stop_id": 385, "stop_name": "CRANFORD ST @ FRANKLIN WOODS PL", "wheelchair_boarding": 0 }, "geometry": { "type": "Point", "coordinates": [ -77.21974, 38.69531 ] } },
{ "type": "Feature", "properties": { "stop_id": 386, "stop_name": "DEEPFORD ST @ FRONTIER DR", "wheelchair_boarding": 0 }, "geometry": { "type": "Point", "coordinates": [ -77.17126, 38.78415 ] } },
{ "type": "Feature", "properties": { "stop_id": 387, "stop_name": "DRANESVILLE RD @ BUTTER CHURN DR", "wheelchair_boarding": 0 }, "geometry": { "type": "Point", "coordinates": [ -77.37507, 39.00412 ] } },
{ "type": "Feature", "properties": { "stop_id": 388, "stop_name": "DRANESVILLE RD @ BUTTER CHURN DR", "wheelchair_boarding": 0 }, "geometry": { "type": "Point", "coordinates": [ -77.374917, 39.00371 ] } },
{ "type": "Feature", "properties": { "stop_id": 389, "stop_name": "DRANESVILLE RD @ BENNETT ST", "wheelchair_boarding": 0 }, "geometry": { "type": "Point", "coordinates": [ -77.377628, 38.985966 ] } },
{ "type": "Feature", "properties": { "stop_id": 390, "stop_name": "DRANESVILLE RD @ BENNETT ST", "wheelchair_boarding": 0 }, "geometry": { "type": "Point", "coordinates": [ -77.377378, 38.985609 ] } },
{ "type": "Feature", "properties": { "stop_id": 391, "stop_name": "DRANESVILLE RD @ CLIVEDEN ST", "wheelchair_boarding": 0 }, "geometry": { "type": "Point", "coordinates": [ -77.376616, 38.993567 ] } },
{ "type": "Feature", "properties": { "stop_id": 392, "stop_name": "DRANESVILLE RD @ FORTY OAKS DR", "wheelchair_boarding": 0 }, "geometry": { "type": "Point", "coordinates": [ -77.37559, 39.00267 ] } },
{ "type": "Feature", "properties": { "stop_id": 393, "stop_name": "DRANESVILLE RD @ FORTY OAKS DR", "wheelchair_boarding": 0 }, "geometry": { "type": "Point", "coordinates": [ -77.375407, 39.002358 ] } },
{ "type": "Feature", "properties": { "stop_id": 394, "stop_name": "DRANESVILLE RD @ HERNDON PKWY", "wheelchair_boarding": 0 }, "geometry": { "type": "Point", "coordinates": [ -77.378331, 38.982996 ] } },
{ "type": "Feature", "properties": { "stop_id": 395, "stop_name": "DRANESVILLE RD @ HERNDON PKWY", "wheelchair_boarding": 0 }, "geometry": { "type": "Point", "coordinates": [ -77.378199, 38.982512 ] } },
{ "type": "Feature", "properties": { "stop_id": 396, "stop_name": "DRANESVILLE RD @ HIDDENBROOK DR", "wheelchair_boarding": 0 }, "geometry": { "type": "Point", "coordinates": [ -77.37688, 38.99391 ] } },
{ "type": "Feature", "properties": { "stop_id": 397, "stop_name": "DRANESVILLE RD @ KINGSTREAM DR", "wheelchair_boarding": 0 }, "geometry": { "type": "Point", "coordinates": [ -77.376595, 38.991184 ] } },
{ "type": "Feature", "properties": { "stop_id": 398, "stop_name": "DRANESVILLE RD @ KINGSTREAM DR", "wheelchair_boarding": 0 }, "geometry": { "type": "Point", "coordinates": [ -77.37691, 38.99096 ] } },
{ "type": "Feature", "properties": { "stop_id": 399, "stop_name": "DRANESVILLE RD @ LEESBURG PIKE", "wheelchair_boarding": 0 }, "geometry": { "type": "Point", "coordinates": [ -77.37167, 39.01225 ] } },
{ "type": "Feature", "properties": { "stop_id": 400, "stop_name": "DRANESVILLE RD @ LEESBURG PIKE", "wheelchair_boarding": 0 }, "geometry": { "type": "Point", "coordinates": [ -77.37155, 39.01181 ] } },
{ "type": "Feature", "properties": { "stop_id": 401, "stop_name": "DRANESVILLE RD @ OLD HUNT WAY", "wheelchair_boarding": 0 }, "geometry": { "type": "Point", "coordinates": [ -77.377884, 38.983757 ] } },
{ "type": "Feature", "properties": { "stop_id": 402, "stop_name": "DRANESVILLE RD @ POWELLS TAVERN PL", "wheelchair_boarding": 0 }, "geometry": { "type": "Point", "coordinates": [ -77.37675, 38.99968 ] } },
{ "type": "Feature", "properties": { "stop_id": 403, "stop_name": "DRANESVILLE RD @ POWELLS TAVERN PL", "wheelchair_boarding": 0 }, "geometry": { "type": "Point", "coordinates": [ -77.376502, 38.999375 ] } },
{ "type": "Feature", "properties": { "stop_id": 404, "stop_name": "DRANESVILLE RD @ SHALLOW FORD RD", "wheelchair_boarding": 0 }, "geometry": { "type": "Point", "coordinates": [ -77.37686, 38.9965 ] } },
{ "type": "Feature", "properties": { "stop_id": 405, "stop_name": "DRANESVILLE RD @ SHALLOW FORD RD", "wheelchair_boarding": 0 }, "geometry": { "type": "Point", "coordinates": [ -77.376555, 38.996206 ] } },
{ "type": "Feature", "properties": { "stop_id": 406, "stop_name": "DRANESVILLE RD @ THIRD ST", "wheelchair_boarding": 0 }, "geometry": { "type": "Point", "coordinates": [ -77.37866, 38.98155 ] } },
{ "type": "Feature", "properties": { "stop_id": 407, "stop_name": "DRANESVILLE RD @ THIRD ST", "wheelchair_boarding": 0 }, "geometry": { "type": "Point", "coordinates": [ -77.378427, 38.981194 ] } },
{ "type": "Feature", "properties": { "stop_id": 408, "stop_name": "DRANESVILLE RD @ WORCHESTER ST", "wheelchair_boarding": 0 }, "geometry": { "type": "Point", "coordinates": [ -77.37852, 38.97925 ] } },
{ "type": "Feature", "properties": { "stop_id": 410, "stop_name": "DRANESVILLE RD @ WOODSON DR", "wheelchair_boarding": 0 }, "geometry": { "type": "Point", "coordinates": [ -77.37458, 39.00948 ] } },
{ "type": "Feature", "properties": { "stop_id": 411, "stop_name": "DRANESVILLE RD @ WOODSON DR", "wheelchair_boarding": 0 }, "geometry": { "type": "Point", "coordinates": [ -77.374501, 39.009087 ] } },
{ "type": "Feature", "properties": { "stop_id": 412, "stop_name": "DULLES TECHNOLOGY DR @ RIVER BIRCH", "wheelchair_boarding": 0 }, "geometry": { "type": "Point", "coordinates": [ -77.416344, 38.953937 ] } },
{ "type": "Feature", "properties": { "stop_id": 414, "stop_name": "13600 DULLES TECHNOLOGY DR", "wheelchair_boarding": 0 }, "geometry": { "type": "Point", "coordinates": [ -77.41561, 38.95546 ] } },
{ "type": "Feature", "properties": { "stop_id": 415, "stop_name": "DULLES TECH DR @ SUNRISE VALLEY DR", "wheelchair_boarding": 0 }, "geometry": { "type": "Point", "coordinates": [ -77.41375, 38.95653 ] } },
{ "type": "Feature", "properties": { "stop_id": 417, "stop_name": "DULLES TECH DR @ SUNRISE VALLEY DR", "wheelchair_boarding": 0 }, "geometry": { "type": "Point", "coordinates": [ -77.41375, 38.95667 ] } },
{ "type": "Feature", "properties": { "stop_id": 419, "stop_name": "13600 DULLES TECHNOLOGY DR", "wheelchair_boarding": 0 }, "geometry": { "type": "Point", "coordinates": [ -77.41553, 38.95574 ] } },
{ "type": "Feature", "properties": { "stop_id": 421, "stop_name": "6800 EDSALL RD", "wheelchair_boarding": 0 }, "geometry": { "type": "Point", "coordinates": [ -77.181524, 38.80702 ] } },
{ "type": "Feature", "properties": { "stop_id": 422, "stop_name": "EDSALL RD @ CHEROKEE AVE", "wheelchair_boarding": 0 }, "geometry": { "type": "Point", "coordinates": [ -77.16824, 38.80486 ] } },
{ "type": "Feature", "properties": { "stop_id": 424, "stop_name": "EDSALL RD @ DUBLIN AVE", "wheelchair_boarding": 0 }, "geometry": { "type": "Point", "coordinates": [ -77.17968, 38.80709 ] } },
{ "type": "Feature", "properties": { "stop_id": 425, "stop_name": "EDSALL RD @ DUBLIN AVE", "wheelchair_boarding": 0 }, "geometry": { "type": "Point", "coordinates": [ -77.18, 38.80688 ] } },
{ "type": "Feature", "properties": { "stop_id": 426, "stop_name": "EDSALL RD @ EDSALL RIDGE PL", "wheelchair_boarding": 0 }, "geometry": { "type": "Point", "coordinates": [ -77.142996, 38.805193 ] } },
{ "type": "Feature", "properties": { "stop_id": 428, "stop_name": "EDSALL RD @ INDEPENDENCE CIR", "wheelchair_boarding": 0 }, "geometry": { "type": "Point", "coordinates": [ -77.145848, 38.803115 ] } },
{ "type": "Feature", "properties": { "stop_id": 429, "stop_name": "EDSALL RD @ INDUSTRIAL DR", "wheelchair_boarding": 0 }, "geometry": { "type": "Point", "coordinates": [ -77.16972, 38.80539 ] } },
{ "type": "Feature", "properties": { "stop_id": 430, "stop_name": "RICHMOND HWY @ LADSON LA", "wheelchair_boarding": 0 }, "geometry": { "type": "Point", "coordinates": [ -77.087752, 38.740281 ] } },
{ "type": "Feature", "properties": { "stop_id": 431, "stop_name": "EDSALL RD @ WINTER VIEW DR", "wheelchair_boarding": 0 }, "geometry": { "type": "Point", "coordinates": [ -77.144341, 38.804112 ] } },
{ "type": "Feature", "properties": { "stop_id": 433, "stop_name": "EDS DR @ LINCOLN PARK DR", "wheelchair_boarding": 0 }, "geometry": { "type": "Point", "coordinates": [ -77.426478, 38.925936 ] } },
{ "type": "Feature", "properties": { "stop_id": 434, "stop_name": "EDS DR @ AIR & SPACE MUSEUM PKWY", "wheelchair_boarding": 0 }, "geometry": { "type": "Point", "coordinates": [ -77.422545, 38.923284 ] } },
{ "type": "Feature", "properties": { "stop_id": 435, "stop_name": "EDS DR @ MCLEAREN RD", "wheelchair_boarding": 0 }, "geometry": { "type": "Point", "coordinates": [ -77.42533, 38.92784 ] } },
{ "type": "Feature", "properties": { "stop_id": 437, "stop_name": "EDSALL RD @ SOUTH WHITING ST", "wheelchair_boarding": 0 }, "geometry": { "type": "Point", "coordinates": [ -77.13466, 38.80765 ] } },
{ "type": "Feature", "properties": { "stop_id": 438, "stop_name": "EDSALL RD @ SOUTH WHITING ST", "wheelchair_boarding": 0 }, "geometry": { "type": "Point", "coordinates": [ -77.13506, 38.80749 ] } },
{ "type": "Feature", "properties": { "stop_id": 439, "stop_name": "6000 EDSALL RD", "wheelchair_boarding": 0 }, "geometry": { "type": "Point", "coordinates": [ -77.13704, 38.80771 ] } },
{ "type": "Feature", "properties": { "stop_id": 440, "stop_name": "EDSALL RD @ WINTER VIEW DR", "wheelchair_boarding": 0 }, "geometry": { "type": "Point", "coordinates": [ -77.14455, 38.80434 ] } },
{ "type": "Feature", "properties": { "stop_id": 441, "stop_name": "6200 EDSALL RD", "wheelchair_boarding": 0 }, "geometry": { "type": "Point", "coordinates": [ -77.14149, 38.80667 ] } },
{ "type": "Feature", "properties": { "stop_id": 442, "stop_name": "EDSALL RD @ YOAKUM PKWY", "wheelchair_boarding": 0 }, "geometry": { "type": "Point", "coordinates": [ -77.13856, 38.80765 ] } },
{ "type": "Feature", "properties": { "stop_id": 443, "stop_name": "EDSALL RD @ YOAKUM PKWY", "wheelchair_boarding": 0 }, "geometry": { "type": "Point", "coordinates": [ -77.14067, 38.80752 ] } },
{ "type": "Feature", "properties": { "stop_id": 444, "stop_name": "6260 EDSALL RD DE", "wheelchair_boarding": 0 }, "geometry": { "type": "Point", "coordinates": [ -77.1422, 38.80632 ] } },
{ "type": "Feature", "properties": { "stop_id": 446, "stop_name": "EDSALL RD @ EDSALL RIDGE PL", "wheelchair_boarding": 0 }, "geometry": { "type": "Point", "coordinates": [ -77.14325, 38.80539 ] } },
{ "type": "Feature", "properties": { "stop_id": 447, "stop_name": "EISENHOWER AVE @ S VAN DORN ST", "wheelchair_boarding": 0 }, "geometry": { "type": "Point", "coordinates": [ -77.13382, 38.79926 ] } },
{ "type": "Feature", "properties": { "stop_id": 448, "stop_name": "EISENHOWER AVE @ S VAN DORN ST", "wheelchair_boarding": 0 }, "geometry": { "type": "Point", "coordinates": [ -77.133267, 38.79899 ] } },
{ "type": "Feature", "properties": { "stop_id": 449, "stop_name": "1070 ELDEN ST", "wheelchair_boarding": 0 }, "geometry": { "type": "Point", "coordinates": [ -77.396447, 38.966302 ] } },
{ "type": "Feature", "properties": { "stop_id": 450, "stop_name": "ELDEN ST @ CARLISLE DR", "wheelchair_boarding": 0 }, "geometry": { "type": "Point", "coordinates": [ -77.368817, 38.966585 ] } },
{ "type": "Feature", "properties": { "stop_id": 451, "stop_name": "ELDEN ST @ CARLISLE DR", "wheelchair_boarding": 0 }, "geometry": { "type": "Point", "coordinates": [ -77.36838, 38.96632 ] } },
{ "type": "Feature", "properties": { "stop_id": 452, "stop_name": "ELDEN ST @ CENTER ST", "wheelchair_boarding": 0 }, "geometry": { "type": "Point", "coordinates": [ -77.388026, 38.969646 ] } },
{ "type": "Feature", "properties": { "stop_id": 454, "stop_name": "ELECTRIC AVE @ CHESTERTOWN DR", "wheelchair_boarding": 0 }, "geometry": { "type": "Point", "coordinates": [ -77.24185, 38.90117 ] } },
{ "type": "Feature", "properties": { "stop_id": 455, "stop_name": "ELECTRIC AVE @ CHESTERTOWN DR", "wheelchair_boarding": 0 }, "geometry": { "type": "Point", "coordinates": [ -77.24101, 38.90128 ] } },
{ "type": "Feature", "properties": { "stop_id": 456, "stop_name": "NAVY FEDERAL CREDIT UNION", "wheelchair_boarding": 0 }, "geometry": { "type": "Point", "coordinates": [ -77.24367, 38.90186 ] } },
{ "type": "Feature", "properties": { "stop_id": 457, "stop_name": "ELDEN ST @ GRANT ST", "wheelchair_boarding": 0 }, "geometry": { "type": "Point", "coordinates": [ -77.378539, 38.968613 ] } },
{ "type": "Feature", "properties": { "stop_id": 458, "stop_name": "ELDEN ST @ GRANT ST", "wheelchair_boarding": 0 }, "geometry": { "type": "Point", "coordinates": [ -77.37887, 38.96853 ] } },
{ "type": "Feature", "properties": { "stop_id": 459, "stop_name": "ELDEN ST @ HERNDON PKWY", "wheelchair_boarding": 0 }, "geometry": { "type": "Point", "coordinates": [ -77.398979, 38.96308 ] } },
{ "type": "Feature", "properties": { "stop_id": 460, "stop_name": "ELDEN ST @ HERNDON PKWY", "wheelchair_boarding": 0 }, "geometry": { "type": "Point", "coordinates": [ -77.39864, 38.963199 ] } },
{ "type": "Feature", "properties": { "stop_id": 461, "stop_name": "1264 ELDEN ST", "wheelchair_boarding": 0 }, "geometry": { "type": "Point", "coordinates": [ -77.400308, 38.961405 ] } },
{ "type": "Feature", "properties": { "stop_id": 462, "stop_name": "ELDEN ST @ JONQUIL LA", "wheelchair_boarding": 0 }, "geometry": { "type": "Point", "coordinates": [ -77.373899, 38.96756 ] } },
{ "type": "Feature", "properties": { "stop_id": 464, "stop_name": "ELDEN ST @ JACKSON ST", "wheelchair_boarding": 0 }, "geometry": { "type": "Point", "coordinates": [ -77.381474, 38.969285 ] } },
{ "type": "Feature", "properties": { "stop_id": 465, "stop_name": "ELDEN ST @ JONQUIL LA", "wheelchair_boarding": 0 }, "geometry": { "type": "Point", "coordinates": [ -77.37393, 38.96741 ] } },
{ "type": "Feature", "properties": { "stop_id": 466, "stop_name": "ELDEN ST @ LAUREL WAY", "wheelchair_boarding": 0 }, "geometry": { "type": "Point", "coordinates": [ -77.367307, 38.966496 ] } },
{ "type": "Feature", "properties": { "stop_id": 467, "stop_name": "ELDEN ST @ LOCUST ST", "wheelchair_boarding": 0 }, "geometry": { "type": "Point", "coordinates": [ -77.39518, 38.968171 ] } },
{ "type": "Feature", "properties": { "stop_id": 468, "stop_name": "1070 ELDEN ST", "wheelchair_boarding": 0 }, "geometry": { "type": "Point", "coordinates": [ -77.396645, 38.966344 ] } },
{ "type": "Feature", "properties": { "stop_id": 469, "stop_name": "ELDEN ST @ MONROE ST", "wheelchair_boarding": 0 }, "geometry": { "type": "Point", "coordinates": [ -77.383291, 38.969697 ] } },
{ "type": "Feature", "properties": { "stop_id": 470, "stop_name": "ELDEN ST @ MONROE ST", "wheelchair_boarding": 0 }, "geometry": { "type": "Point", "coordinates": [ -77.384089, 38.969609 ] } },
{ "type": "Feature", "properties": { "stop_id": 471, "stop_name": "ELDEN ST @ POST DR", "wheelchair_boarding": 0 }, "geometry": { "type": "Point", "coordinates": [ -77.376373, 38.96813 ] } },
{ "type": "Feature", "properties": { "stop_id": 475, "stop_name": "ELDEN ST @ VAN BUREN ST", "wheelchair_boarding": 0 }, "geometry": { "type": "Point", "coordinates": [ -77.38108, 38.96901 ] } },
{ "type": "Feature", "properties": { "stop_id": 476, "stop_name": "ELECTRIC AVE @ WILLIAMS AVE", "wheelchair_boarding": 0 }, "geometry": { "type": "Point", "coordinates": [ -77.23343, 38.90073 ] } },
{ "type": "Feature", "properties": { "stop_id": 477, "stop_name": "ELECTRIC AVE @ WILLIAMS AVE", "wheelchair_boarding": 0 }, "geometry": { "type": "Point", "coordinates": [ -77.23344, 38.90053 ] } },
{ "type": "Feature", "properties": { "stop_id": 478, "stop_name": "ELDEN ST @ WORLDGATE DR", "wheelchair_boarding": 0 }, "geometry": { "type": "Point", "coordinates": [ -77.401266, 38.959613 ] } },
{ "type": "Feature", "properties": { "stop_id": 479, "stop_name": "1264 ELDEN ST", "wheelchair_boarding": 0 }, "geometry": { "type": "Point", "coordinates": [ -77.400357, 38.960858 ] } },
{ "type": "Feature", "properties": { "stop_id": 480, "stop_name": "ELECTRIC AVE @ CENTRAL AVE", "wheelchair_boarding": 0 }, "geometry": { "type": "Point", "coordinates": [ -77.23127, 38.899786 ] } },
{ "type": "Feature", "properties": { "stop_id": 481, "stop_name": "FAIRFAX COUNTY PKWY @ WHITLERS CREE", "wheelchair_boarding": 0 }, "geometry": { "type": "Point", "coordinates": [ -77.22488, 38.75801 ] } },
{ "type": "Feature", "properties": { "stop_id": 484, "stop_name": "FRANKLIN FARM RD @ CENTREVILLE RD", "wheelchair_boarding": 0 }, "geometry": { "type": "Point", "coordinates": [ -77.420587, 38.913094 ] } },
{ "type": "Feature", "properties": { "stop_id": 485, "stop_name": "FRANKLIN FARM @ CENTREVILLE", "wheelchair_boarding": 0 }, "geometry": { "type": "Point", "coordinates": [ -77.420144, 38.912826 ] } },
{ "type": "Feature", "properties": { "stop_id": 488, "stop_name": "FRANKLIN FARM RD @ FRANKLIN FARM CT", "wheelchair_boarding": 0 }, "geometry": { "type": "Point", "coordinates": [ -77.408154, 38.90738 ] } },
{ "type": "Feature", "properties": { "stop_id": 489, "stop_name": "FRANKLIN FARM RD @ HIDDEN MEADOW DR", "wheelchair_boarding": 0 }, "geometry": { "type": "Point", "coordinates": [ -77.408519, 38.907048 ] } },
{ "type": "Feature", "properties": { "stop_id": 492, "stop_name": "FRANKLIN FARM RD @ OLD DAIRY RD", "wheelchair_boarding": 0 }, "geometry": { "type": "Point", "coordinates": [ -77.413288, 38.909826 ] } },
{ "type": "Feature", "properties": { "stop_id": 493, "stop_name": "FRANKLIN FARM @ OLD DAIRY", "wheelchair_boarding": 0 }, "geometry": { "type": "Point", "coordinates": [ -77.413335, 38.909656 ] } },
{ "type": "Feature", "properties": { "stop_id": 496, "stop_name": "FRANKLIN FARM @ STONE HEATHER", "wheelchair_boarding": 0 }, "geometry": { "type": "Point", "coordinates": [ -77.41053, 38.907829 ] } },
{ "type": "Feature", "properties": { "stop_id": 497, "stop_name": "FRANKLIN FARM RD @ STONE HEATHER DR", "wheelchair_boarding": 0 }, "geometry": { "type": "Point", "coordinates": [ -77.41008, 38.90766 ] } },
{ "type": "Feature", "properties": { "stop_id": 498, "stop_name": "FRANKLIN FARM @ THORNGATE", "wheelchair_boarding": 0 }, "geometry": { "type": "Point", "coordinates": [ -77.418297, 38.910933 ] } },
{ "type": "Feature", "properties": { "stop_id": 499, "stop_name": "FRANKLIN FARM RD @ THORNGATE DR", "wheelchair_boarding": 0 }, "geometry": { "type": "Point", "coordinates": [ -77.417883, 38.91078 ] } },
{ "type": "Feature", "properties": { "stop_id": 501, "stop_name": "FRANKLIN FARM @ TRANQUILITY", "wheelchair_boarding": 0 }, "geometry": { "type": "Point", "coordinates": [ -77.414255, 38.910518 ] } },
{ "type": "Feature", "properties": { "stop_id": 508, "stop_name": "FORT HUNT RD @ ADMIRAL DR", "wheelchair_boarding": 0 }, "geometry": { "type": "Point", "coordinates": [ -77.05733, 38.74999 ] } },
{ "type": "Feature", "properties": { "stop_id": 509, "stop_name": "FORT HUNT RD @ ALEXANDRIA AVE", "wheelchair_boarding": 0 }, "geometry": { "type": "Point", "coordinates": [ -77.05811, 38.74712 ] } },
{ "type": "Feature", "properties": { "stop_id": 510, "stop_name": "FORT HUNT RD @ MARTHA WASHINGTON LI", "wheelchair_boarding": 0 }, "geometry": { "type": "Point", "coordinates": [ -77.06254, 38.77316 ] } },
{ "type": "Feature", "properties": { "stop_id": 511, "stop_name": "FORT HUNT RD @ ELKIN ST", "wheelchair_boarding": 0 }, "geometry": { "type": "Point", "coordinates": [ -77.06063, 38.72229 ] } },
{ "type": "Feature", "properties": { "stop_id": 512, "stop_name": "FORT HUNT RD @ FORT HUNT CT", "wheelchair_boarding": 0 }, "geometry": { "type": "Point", "coordinates": [ -77.05953, 38.76194 ] } },
{ "type": "Feature", "properties": { "stop_id": 513, "stop_name": "FORT HUNT RD @ GAHANT RD", "wheelchair_boarding": 0 }, "geometry": { "type": "Point", "coordinates": [ -77.05733, 38.744 ] } },
{ "type": "Feature", "properties": { "stop_id": 514, "stop_name": "FORT HUNT RD @ HUNTING COVE PL", "wheelchair_boarding": 0 }, "geometry": { "type": "Point", "coordinates": [ -77.061248, 38.785195 ] } },
{ "type": "Feature", "properties": { "stop_id": 515, "stop_name": "FORT HUNT RD @ LAFAYETTE DR", "wheelchair_boarding": 0 }, "geometry": { "type": "Point", "coordinates": [ -77.05485, 38.74059 ] } },
{ "type": "Feature", "properties": { "stop_id": 516, "stop_name": "FORT HUNT RD @ MARINE DR", "wheelchair_boarding": 0 }, "geometry": { "type": "Point", "coordinates": [ -77.05845, 38.75855 ] } },
{ "type": "Feature", "properties": { "stop_id": 517, "stop_name": "7400 FORT HUNT RD", "wheelchair_boarding": 0 }, "geometry": { "type": "Point", "coordinates": [ -77.05766, 38.75692 ] } },
{ "type": "Feature", "properties": { "stop_id": 518, "stop_name": "FORT HUNT RD @ MASON HILL DR", "wheelchair_boarding": 0 }, "geometry": { "type": "Point", "coordinates": [ -77.05742, 38.75674 ] } },
{ "type": "Feature", "properties": { "stop_id": 519, "stop_name": "FORT HUNT RD @ OAKBROOKE AVE", "wheelchair_boarding": 0 }, "geometry": { "type": "Point", "coordinates": [ -77.05491, 38.73528 ] } },
{ "type": "Feature", "properties": { "stop_id": 520, "stop_name": "FORT HUNT RD @ PAUL SPRING RD", "wheelchair_boarding": 0 }, "geometry": { "type": "Point", "coordinates": [ -77.05931, 38.76004 ] } },
{ "type": "Feature", "properties": { "stop_id": 521, "stop_name": "FORT HUNT RD @ PAUL SPRING RD", "wheelchair_boarding": 0 }, "geometry": { "type": "Point", "coordinates": [ -77.05921, 38.76012 ] } },
{ "type": "Feature", "properties": { "stop_id": 522, "stop_name": "FORT HUNT RD @ PLYMOUTH RD", "wheelchair_boarding": 0 }, "geometry": { "type": "Point", "coordinates": [ -77.05922, 38.72525 ] } },
{ "type": "Feature", "properties": { "stop_id": 523, "stop_name": "FORT HUNT RD @ PAUL SPRING PKWY", "wheelchair_boarding": 0 }, "geometry": { "type": "Point", "coordinates": [ -77.05761, 38.74845 ] } },
{ "type": "Feature", "properties": { "stop_id": 524, "stop_name": "FLINT HILL RD @ RAMBLING RD", "wheelchair_boarding": 0 }, "geometry": { "type": "Point", "coordinates": [ -77.280762, 38.892516 ] } },
{ "type": "Feature", "properties": { "stop_id": 525, "stop_name": "FLINT HILL RD @ SUNRISE RD", "wheelchair_boarding": 0 }, "geometry": { "type": "Point", "coordinates": [ -77.283284, 38.895579 ] } },
{ "type": "Feature", "properties": { "stop_id": 526, "stop_name": "FORT HUNT RD @ OLDE TOWNE RD", "wheelchair_boarding": 0 }, "geometry": { "type": "Point", "coordinates": [ -77.06289, 38.77923 ] } },
{ "type": "Feature", "properties": { "stop_id": 527, "stop_name": "FORT HUNT RD @ SWAN TE", "wheelchair_boarding": 0 }, "geometry": { "type": "Point", "coordinates": [ -77.06308, 38.77913 ] } },
{ "type": "Feature", "properties": { "stop_id": 528, "stop_name": "FLINT HILL RD @ VALE RD", "wheelchair_boarding": 0 }, "geometry": { "type": "Point", "coordinates": [ -77.284987, 38.897815 ] } },
{ "type": "Feature", "properties": { "stop_id": 529, "stop_name": "FORT HUNT RD @ WAYNEWOOD BLVD", "wheelchair_boarding": 0 }, "geometry": { "type": "Point", "coordinates": [ -77.05848, 38.72659 ] } },
{ "type": "Feature", "properties": { "stop_id": 530, "stop_name": "FORT HUNT RD @ WAKE FOREST DR", "wheelchair_boarding": 0 }, "geometry": { "type": "Point", "coordinates": [ -77.05986, 38.76817 ] } },
{ "type": "Feature", "properties": { "stop_id": 531, "stop_name": "FORT HUNT RD @ MARTHA WASHINGTON LI", "wheelchair_boarding": 0 }, "geometry": { "type": "Point", "coordinates": [ -77.06234, 38.77338 ] } },
{ "type": "Feature", "properties": { "stop_id": 532, "stop_name": "FORT HUNT RD @ WESTGROVE BLVD", "wheelchair_boarding": 0 }, "geometry": { "type": "Point", "coordinates": [ -77.05977, 38.764 ] } },
{ "type": "Feature", "properties": { "stop_id": 533, "stop_name": "FLORIDA AVE @ ALABAMA DR", "wheelchair_boarding": 0 }, "geometry": { "type": "Point", "coordinates": [ -77.391656, 38.964036 ] } },
{ "type": "Feature", "properties": { "stop_id": 534, "stop_name": "FLORIDA AVE @ CENTER ST", "wheelchair_boarding": 0 }, "geometry": { "type": "Point", "coordinates": [ -77.389849, 38.965057 ] } },
{ "type": "Feature", "properties": { "stop_id": 535, "stop_name": "FLORIDA AVE @ ALABAMA DR", "wheelchair_boarding": 0 }, "geometry": { "type": "Point", "coordinates": [ -77.391892, 38.963966 ] } },
{ "type": "Feature", "properties": { "stop_id": 536, "stop_name": "FAIR LAKES SHOPPING CTR", "wheelchair_boarding": 0 }, "geometry": { "type": "Point", "coordinates": [ -77.39291, 38.85839 ] } },
{ "type": "Feature", "properties": { "stop_id": 537, "stop_name": "FAIR LAKES PKWY @ FAIR LAKES SHOPPI", "wheelchair_boarding": 0 }, "geometry": { "type": "Point", "coordinates": [ -77.389883, 38.860538 ] } },
{ "type": "Feature", "properties": { "stop_id": 538, "stop_name": "FAIR LAKES PKWY @ FAIR LAKES CIR", "wheelchair_boarding": 0 }, "geometry": { "type": "Point", "coordinates": [ -77.378026, 38.860343 ] } },
{ "type": "Feature", "properties": { "stop_id": 539, "stop_name": "FAIR LAKES PKWY @ FAIR KNOLL DR", "wheelchair_boarding": 0 }, "geometry": { "type": "Point", "coordinates": [ -77.3873, 38.86196 ] } },
{ "type": "Feature", "properties": { "stop_id": 540, "stop_name": "FAIR LAKES PKWY @ SHOPPES LN", "wheelchair_boarding": 0 }, "geometry": { "type": "Point", "coordinates": [ -77.38704, 38.86179 ] } },
{ "type": "Feature", "properties": { "stop_id": 541, "stop_name": "FAIR LAKES BLVD @ GREAT HERON DR", "wheelchair_boarding": 0 }, "geometry": { "type": "Point", "coordinates": [ -77.401302, 38.856005 ] } },
{ "type": "Feature", "properties": { "stop_id": 542, "stop_name": "FAIR LAKES PKWY @ LEGATO RD", "wheelchair_boarding": 1 }, "geometry": { "type": "Point", "coordinates": [ -77.36418, 38.8622 ] } },
{ "type": "Feature", "properties": { "stop_id": 543, "stop_name": "FAIR LAKES PKWY @ LEGATO RD", "wheelchair_boarding": 1 }, "geometry": { "type": "Point", "coordinates": [ -77.36438, 38.86189 ] } },
{ "type": "Feature", "properties": { "stop_id": 544, "stop_name": "FAIR LAKES PKWY @ OAK CREEK LA", "wheelchair_boarding": 0 }, "geometry": { "type": "Point", "coordinates": [ -77.375165, 38.859913 ] } },
{ "type": "Feature", "properties": { "stop_id": 545, "stop_name": "FAIR LAKES PKWY @ MARKET COMMONS DR", "wheelchair_boarding": 0 }, "geometry": { "type": "Point", "coordinates": [ -77.375085, 38.859582 ] } },
{ "type": "Feature", "properties": { "stop_id": 546, "stop_name": "FAIR LAKES PROMENADE", "wheelchair_boarding": 0 }, "geometry": { "type": "Point", "coordinates": [ -77.368325, 38.860415 ] } },
{ "type": "Feature", "properties": { "stop_id": 547, "stop_name": "FAIR LAKES PKWY @ WEST OX RD", "wheelchair_boarding": 1 }, "geometry": { "type": "Point", "coordinates": [ -77.369839, 38.859212 ] } },
{ "type": "Feature", "properties": { "stop_id": 548, "stop_name": "FAIR LAKES PROMENADE DR", "wheelchair_boarding": 0 }, "geometry": { "type": "Point", "coordinates": [ -77.368093, 38.860227 ] } },
{ "type": "Feature", "properties": { "stop_id": 549, "stop_name": "FAIR LAKES CIR @ ROGER STOVER DR", "wheelchair_boarding": 0 }, "geometry": { "type": "Point", "coordinates": [ -77.379457, 38.858956 ] } },
{ "type": "Feature", "properties": { "stop_id": 550, "stop_name": "12500 FAIR LAKES CIR", "wheelchair_boarding": 0 }, "geometry": { "type": "Point", "coordinates": [ -77.381088, 38.858428 ] } },
{ "type": "Feature", "properties": { "stop_id": 551, "stop_name": "12750 FAIR LAKES CIR", "wheelchair_boarding": 0 }, "geometry": { "type": "Point", "coordinates": [ -77.386008, 38.858512 ] } },
{ "type": "Feature", "properties": { "stop_id": 552, "stop_name": "FAIR LAKES SHOPPING CTR", "wheelchair_boarding": 0 }, "geometry": { "type": "Point", "coordinates": [ -77.392252, 38.858971 ] } },
{ "type": "Feature", "properties": { "stop_id": 553, "stop_name": "FAIR LAKES BLVD @ SEDGEHURST DR", "wheelchair_boarding": 0 }, "geometry": { "type": "Point", "coordinates": [ -77.39753, 38.856749 ] } },
{ "type": "Feature", "properties": { "stop_id": 554, "stop_name": "FAIR LAKES BLVD @ SEDGEHURST DR", "wheelchair_boarding": 0 }, "geometry": { "type": "Point", "coordinates": [ -77.397306, 38.856585 ] } },
{ "type": "Feature", "properties": { "stop_id": 555, "stop_name": "FAIR LAKES CIR @ SHOPPES LA", "wheelchair_boarding": 0 }, "geometry": { "type": "Point", "coordinates": [ -77.387868, 38.859504 ] } },
{ "type": "Feature", "properties": { "stop_id": 556, "stop_name": "FAIR LAKES CIR @ SHOPPES LA", "wheelchair_boarding": 0 }, "geometry": { "type": "Point", "coordinates": [ -77.387752, 38.859781 ] } },
{ "type": "Feature", "properties": { "stop_id": 557, "stop_name": "12777 FAIR LAKES CIR", "wheelchair_boarding": 0 }, "geometry": { "type": "Point", "coordinates": [ -77.385672, 38.858119 ] } },
{ "type": "Feature", "properties": { "stop_id": 558, "stop_name": "FAIR LAKES CIR @ ARGON PLAZA", "wheelchair_boarding": 1 }, "geometry": { "type": "Point", "coordinates": [ -77.381542, 38.858107 ] } },
{ "type": "Feature", "properties": { "stop_id": 559, "stop_name": "FAIR LAKES PKWY @ WEST OX RD", "wheelchair_boarding": 1 }, "geometry": { "type": "Point", "coordinates": [ -77.37227, 38.85958 ] } },
{ "type": "Feature", "properties": { "stop_id": 560, "stop_name": "SUNRISE VALLEY @ WOOD OAK DR E", "wheelchair_boarding": 0 }, "geometry": { "type": "Point", "coordinates": [ -77.40076, 38.95171 ] } },
{ "type": "Feature", "properties": { "stop_id": 561, "stop_name": "FOX MILL RD @ JOHN MILTON DR", "wheelchair_boarding": 0 }, "geometry": { "type": "Point", "coordinates": [ -77.375328, 38.928881 ] } },
{ "type": "Feature", "properties": { "stop_id": 562, "stop_name": "FOLLIN LA @ VEGA LA", "wheelchair_boarding": 0 }, "geometry": { "type": "Point", "coordinates": [ -77.246299, 38.903974 ] } },
{ "type": "Feature", "properties": { "stop_id": 564, "stop_name": "FORDSON RD @ BEECHCRAFT DR", "wheelchair_boarding": 0 }, "geometry": { "type": "Point", "coordinates": [ -77.086041, 38.753852 ] } },
{ "type": "Feature", "properties": { "stop_id": 565, "stop_name": "FOUNTAIN DR @ BOWMAN TOWNE DR", "wheelchair_boarding": 0 }, "geometry": { "type": "Point", "coordinates": [ -77.35682, 38.96189 ] } },
{ "type": "Feature", "properties": { "stop_id": 566, "stop_name": "FOUNTAIN DR @ BOWMAN TOWNE DR S", "wheelchair_boarding": 0 }, "geometry": { "type": "Point", "coordinates": [ -77.35664, 38.96185 ] } },
{ "type": "Feature", "properties": { "stop_id": 567, "stop_name": "FORDSON RD @ BELVEDERE DR S", "wheelchair_boarding": 0 }, "geometry": { "type": "Point", "coordinates": [ -77.08054, 38.74458 ] } },
{ "type": "Feature", "properties": { "stop_id": 568, "stop_name": "FOLLIN LA @ ECHOLS ST", "wheelchair_boarding": 0 }, "geometry": { "type": "Point", "coordinates": [ -77.249655, 38.906519 ] } },
{ "type": "Feature", "properties": { "stop_id": 569, "stop_name": "FOLLIN LA @ ECHOLS ST", "wheelchair_boarding": 0 }, "geometry": { "type": "Point", "coordinates": [ -77.24922, 38.906341 ] } },
{ "type": "Feature", "properties": { "stop_id": 570, "stop_name": "FOLLIN LN @VEGA LN", "wheelchair_boarding": 0 }, "geometry": { "type": "Point", "coordinates": [ -77.245667, 38.903668 ] } },
{ "type": "Feature", "properties": { "stop_id": 571, "stop_name": "FORDSON RD @ JOSEPH MAKELL CT", "wheelchair_boarding": 0 }, "geometry": { "type": "Point", "coordinates": [ -77.081464, 38.746985 ] } },
{ "type": "Feature", "properties": { "stop_id": 572, "stop_name": "FORDSON RD @ RICHMOND HWY", "wheelchair_boarding": 0 }, "geometry": { "type": "Point", "coordinates": [ -77.08204, 38.74801 ] } },
{ "type": "Feature", "properties": { "stop_id": 573, "stop_name": "FOUNTAIN DR @ BARON CAMERON AVE", "wheelchair_boarding": 0 }, "geometry": { "type": "Point", "coordinates": [ -77.35608, 38.9655 ] } },
{ "type": "Feature", "properties": { "stop_id": 574, "stop_name": "FRYING PAN RD @ COPPERMINE RD", "wheelchair_boarding": 0 }, "geometry": { "type": "Point", "coordinates": [ -77.40526, 38.9428 ] } },
{ "type": "Feature", "properties": { "stop_id": 576, "stop_name": "FRYING PAN RD @ GREG ROY LA", "wheelchair_boarding": 0 }, "geometry": { "type": "Point", "coordinates": [ -77.39599, 38.94598 ] } },
{ "type": "Feature", "properties": { "stop_id": 578, "stop_name": "FRYING PAN RD @ FIELDCREEK DR", "wheelchair_boarding": 0 }, "geometry": { "type": "Point", "coordinates": [ -77.40216, 38.94344 ] } },
{ "type": "Feature", "properties": { "stop_id": 579, "stop_name": "FRYING PAN RD @ FOX MILL RD", "wheelchair_boarding": 0 }, "geometry": { "type": "Point", "coordinates": [ -77.39856, 38.94516 ] } },
{ "type": "Feature", "properties": { "stop_id": 580, "stop_name": "FRYING PAN RD @ FOX MILL RD", "wheelchair_boarding": 0 }, "geometry": { "type": "Point", "coordinates": [ -77.39911, 38.94462 ] } },
{ "type": "Feature", "properties": { "stop_id": 581, "stop_name": "FRYING PAN RD @ SIMPKINS FARM DR", "wheelchair_boarding": 0 }, "geometry": { "type": "Point", "coordinates": [ -77.401697, 38.943862 ] } },
{ "type": "Feature", "properties": { "stop_id": 582, "stop_name": "FAIRFAX COUNTY PKWY @ WHITLERS CREE", "wheelchair_boarding": 0 }, "geometry": { "type": "Point", "coordinates": [ -77.22469, 38.75851 ] } },
{ "type": "Feature", "properties": { "stop_id": 583, "stop_name": "FAIR RIDGE DR @ APPLE ORCHARD CT", "wheelchair_boarding": 0 }, "geometry": { "type": "Point", "coordinates": [ -77.370625, 38.868537 ] } },
{ "type": "Feature", "properties": { "stop_id": 584, "stop_name": "FRANCONIA RD @ CANNON LA", "wheelchair_boarding": 0 }, "geometry": { "type": "Point", "coordinates": [ -77.10033, 38.79165 ] } },
{ "type": "Feature", "properties": { "stop_id": 585, "stop_name": "FRANCONIA RD @ CANNON LA", "wheelchair_boarding": 0 }, "geometry": { "type": "Point", "coordinates": [ -77.100234, 38.791547 ] } },
{ "type": "Feature", "properties": { "stop_id": 586, "stop_name": "FRANCONIA RD @ RIDGE VIEW DR", "wheelchair_boarding": 0 }, "geometry": { "type": "Point", "coordinates": [ -77.105968, 38.791224 ] } },
{ "type": "Feature", "properties": { "stop_id": 587, "stop_name": "FRANCONIA RD @ CLERMONT DR", "wheelchair_boarding": 0 }, "geometry": { "type": "Point", "coordinates": [ -77.108983, 38.79002 ] } },
{ "type": "Feature", "properties": { "stop_id": 588, "stop_name": "FRANCONIA RD @ CLERMONT DR", "wheelchair_boarding": 0 }, "geometry": { "type": "Point", "coordinates": [ -77.1083, 38.79014 ] } },
{ "type": "Feature", "properties": { "stop_id": 589, "stop_name": "FRANCONIA RD @ FRONTIER DR", "wheelchair_boarding": 0 }, "geometry": { "type": "Point", "coordinates": [ -77.17306, 38.777678 ] } },
{ "type": "Feature", "properties": { "stop_id": 590, "stop_name": "FRANCONIA RD @ CRAFT RD", "wheelchair_boarding": 0 }, "geometry": { "type": "Point", "coordinates": [ -77.113775, 38.788958 ] } },
{ "type": "Feature", "properties": { "stop_id": 591, "stop_name": "FRANCONIA RD @ CRAFT RD", "wheelchair_boarding": 0 }, "geometry": { "type": "Point", "coordinates": [ -77.11328, 38.78871 ] } },
{ "type": "Feature", "properties": { "stop_id": 592, "stop_name": "FRONTIER DR @ DEEPFORD ST", "wheelchair_boarding": 0 }, "geometry": { "type": "Point", "coordinates": [ -77.1716, 38.78396 ] } },
{ "type": "Feature", "properties": { "stop_id": 593, "stop_name": "FLAT ROCK RD @ DEER CAP CT", "wheelchair_boarding": 0 }, "geometry": { "type": "Point", "coordinates": [ -77.1511, 38.77444 ] } },
{ "type": "Feature", "properties": { "stop_id": 594, "stop_name": "FRANCONIA RD @ EM ST", "wheelchair_boarding": 0 }, "geometry": { "type": "Point", "coordinates": [ -77.1402, 38.78317 ] } },
{ "type": "Feature", "properties": { "stop_id": 595, "stop_name": "FRANCONIA RD @ FRANCONIA FOREST LA", "wheelchair_boarding": 0 }, "geometry": { "type": "Point", "coordinates": [ -77.151587, 38.781193 ] } },
{ "type": "Feature", "properties": { "stop_id": 596, "stop_name": "FRANCONIA RD @ ROSO ST", "wheelchair_boarding": 0 }, "geometry": { "type": "Point", "coordinates": [ -77.15733, 38.77969 ] } },
{ "type": "Feature", "properties": { "stop_id": 597, "stop_name": "FLAT ROCK RD @ FLAT ROCK CT", "wheelchair_boarding": 0 }, "geometry": { "type": "Point", "coordinates": [ -77.15236, 38.77444 ] } },
{ "type": "Feature", "properties": { "stop_id": 598, "stop_name": "FLEET DR @ FLAT ROCK RD", "wheelchair_boarding": 0 }, "geometry": { "type": "Point", "coordinates": [ -77.15423, 38.77352 ] } },
{ "type": "Feature", "properties": { "stop_id": 599, "stop_name": "FRYE RD @ GAGE RD", "wheelchair_boarding": 0 }, "geometry": { "type": "Point", "coordinates": [ -77.11427, 38.73364 ] } },
{ "type": "Feature", "properties": { "stop_id": 600, "stop_name": "FRYE RD @ GAGE RD", "wheelchair_boarding": 0 }, "geometry": { "type": "Point", "coordinates": [ -77.11398, 38.7334 ] } },
{ "type": "Feature", "properties": { "stop_id": 601, "stop_name": "FRANCONIA RD @ GROVEDALE DR", "wheelchair_boarding": 0 }, "geometry": { "type": "Point", "coordinates": [ -77.15123, 38.78098 ] } },
{ "type": "Feature", "properties": { "stop_id": 602, "stop_name": "FRANCONIA RD @ GUM ST", "wheelchair_boarding": 0 }, "geometry": { "type": "Point", "coordinates": [ -77.12948, 38.78419 ] } },
{ "type": "Feature", "properties": { "stop_id": 603, "stop_name": "FRANCONIA RD @ GUM ST", "wheelchair_boarding": 0 }, "geometry": { "type": "Point", "coordinates": [ -77.12908, 38.78398 ] } },
{ "type": "Feature", "properties": { "stop_id": 604, "stop_name": "FRANCONIA RD @ INWOOD DR", "wheelchair_boarding": 0 }, "geometry": { "type": "Point", "coordinates": [ -77.16293, 38.7787 ] } },
{ "type": "Feature", "properties": { "stop_id": 605, "stop_name": "FLAT ROCK RD @ INDIAN TRAIL CT", "wheelchair_boarding": 0 }, "geometry": { "type": "Point", "coordinates": [ -77.15405, 38.77404 ] } },
{ "type": "Feature", "properties": { "stop_id": 606, "stop_name": "FRANCONIA RD @ JANE WAY", "wheelchair_boarding": 0 }, "geometry": { "type": "Point", "coordinates": [ -77.12035, 38.78695 ] } },
{ "type": "Feature", "properties": { "stop_id": 607, "stop_name": "FRYE RD @ KIDD ST", "wheelchair_boarding": 0 }, "geometry": { "type": "Point", "coordinates": [ -77.11494, 38.73556 ] } },
{ "type": "Feature", "properties": { "stop_id": 609, "stop_name": "FRANCONIA RD @ LA VISTA DR", "wheelchair_boarding": 0 }, "geometry": { "type": "Point", "coordinates": [ -77.11801, 38.788548 ] } },
{ "type": "Feature", "properties": { "stop_id": 610, "stop_name": "FRANCONIA RD @ LA VISTA DR", "wheelchair_boarding": 0 }, "geometry": { "type": "Point", "coordinates": [ -77.11776, 38.78841 ] } },
{ "type": "Feature", "properties": { "stop_id": 611, "stop_name": "FRANCONIA RD @ PEVERILL DR", "wheelchair_boarding": 0 }, "geometry": { "type": "Point", "coordinates": [ -77.11076, 38.789317 ] } },
{ "type": "Feature", "properties": { "stop_id": 612, "stop_name": "FRANCONIA RD @ PEVERILL DR", "wheelchair_boarding": 0 }, "geometry": { "type": "Point", "coordinates": [ -77.11052, 38.78925 ] } },
{ "type": "Feature", "properties": { "stop_id": 613, "stop_name": "FRANCONIA RD @ RIDGE VIEW DR", "wheelchair_boarding": 0 }, "geometry": { "type": "Point", "coordinates": [ -77.105687, 38.791097 ] } },
{ "type": "Feature", "properties": { "stop_id": 614, "stop_name": "FRANCONIA RD @ SABLE DR", "wheelchair_boarding": 0 }, "geometry": { "type": "Point", "coordinates": [ -77.09687, 38.79163 ] } },
{ "type": "Feature", "properties": { "stop_id": 615, "stop_name": "FRANCONIA RD @ SABLE DR", "wheelchair_boarding": 0 }, "geometry": { "type": "Point", "coordinates": [ -77.096836, 38.791442 ] } },
{ "type": "Feature", "properties": { "stop_id": 616, "stop_name": "FRANCONIA RD @ SAINT JOHN DR", "wheelchair_boarding": 0 }, "geometry": { "type": "Point", "coordinates": [ -77.14111, 38.78328 ] } },
{ "type": "Feature", "properties": { "stop_id": 617, "stop_name": "FRANCONIA RD @ SOUTH VAN DORN ST", "wheelchair_boarding": 0 }, "geometry": { "type": "Point", "coordinates": [ -77.137656, 38.783973 ] } },
{ "type": "Feature", "properties": { "stop_id": 618, "stop_name": "FRANCONIA RD @ VILLA ST", "wheelchair_boarding": 0 }, "geometry": { "type": "Point", "coordinates": [ -77.13845, 38.78352 ] } },
{ "type": "Feature", "properties": { "stop_id": 619, "stop_name": "FRANCONIA RD @ VALLEY VIEW DR", "wheelchair_boarding": 0 }, "geometry": { "type": "Point", "coordinates": [ -77.14819, 38.78156 ] } },
{ "type": "Feature", "properties": { "stop_id": 620, "stop_name": "FRANCONIA RD @ WILLOWFIELD WAY", "wheelchair_boarding": 0 }, "geometry": { "type": "Point", "coordinates": [ -77.159253, 38.779722 ] } },
{ "type": "Feature", "properties": { "stop_id": 621, "stop_name": "FRANCONIA RD @ ZEKAN LA", "wheelchair_boarding": 0 }, "geometry": { "type": "Point", "coordinates": [ -77.16, 38.77926 ] } },
{ "type": "Feature", "properties": { "stop_id": 622, "stop_name": "FRANCONIA-SPRINGFIELD @ BONNIEMILL", "wheelchair_boarding": 0 }, "geometry": { "type": "Point", "coordinates": [ -77.19644, 38.76454 ] } },
{ "type": "Feature", "properties": { "stop_id": 623, "stop_name": "F-S PKWY @SPRING VILLAGE DR", "wheelchair_boarding": 0 }, "geometry": { "type": "Point", "coordinates": [ -77.19588, 38.76487 ] } },
{ "type": "Feature", "properties": { "stop_id": 624, "stop_name": "FRONTIER DR @ BUCKSKIN ST", "wheelchair_boarding": 0 }, "geometry": { "type": "Point", "coordinates": [ -77.17171, 38.77887 ] } },
{ "type": "Feature", "properties": { "stop_id": 625, "stop_name": "FRONTIER DR @ BUCKSKIN ST", "wheelchair_boarding": 0 }, "geometry": { "type": "Point", "coordinates": [ -77.17188, 38.77895 ] } },
{ "type": "Feature", "properties": { "stop_id": 626, "stop_name": "LEWIS HIGH SCHOOL", "wheelchair_boarding": 0 }, "geometry": { "type": "Point", "coordinates": [ -77.17182, 38.78162 ] } },
{ "type": "Feature", "properties": { "stop_id": 627, "stop_name": "LEWIS HIGH SCHOOL", "wheelchair_boarding": 0 }, "geometry": { "type": "Point", "coordinates": [ -77.17167, 38.78131 ] } },
{ "type": "Feature", "properties": { "stop_id": 628, "stop_name": "FRONTIER DR @ FRANCONIA RD", "wheelchair_boarding": 0 }, "geometry": { "type": "Point", "coordinates": [ -77.17175, 38.77611 ] } },
{ "type": "Feature", "properties": { "stop_id": 629, "stop_name": "FRONTIER DR @ FRANCONIA RD", "wheelchair_boarding": 0 }, "geometry": { "type": "Point", "coordinates": [ -77.171386, 38.776015 ] } },
{ "type": "Feature", "properties": { "stop_id": 630, "stop_name": "FRONTIER DR @ SPRING MALL RD", "wheelchair_boarding": 0 }, "geometry": { "type": "Point", "coordinates": [ -77.17175, 38.77251 ] } },
{ "type": "Feature", "properties": { "stop_id": 631, "stop_name": "FULLERTON RD @ BACKLICK RD", "wheelchair_boarding": 0 }, "geometry": { "type": "Point", "coordinates": [ -77.18924, 38.74528 ] } },
{ "type": "Feature", "properties": { "stop_id": 632, "stop_name": "FULLERTON RD @ BACKLICK RD", "wheelchair_boarding": 0 }, "geometry": { "type": "Point", "coordinates": [ -77.189821, 38.745314 ] } },
{ "type": "Feature", "properties": { "stop_id": 634, "stop_name": "GALLOWS RD @ ANDERSON DR", "wheelchair_boarding": 0 }, "geometry": { "type": "Point", "coordinates": [ -77.22752, 38.86149 ] } },
{ "type": "Feature", "properties": { "stop_id": 635, "stop_name": "GALLOWS RD @ ARLINGTON BLVD", "wheelchair_boarding": 0 }, "geometry": { "type": "Point", "coordinates": [ -77.22799, 38.86431 ] } },
{ "type": "Feature", "properties": { "stop_id": 636, "stop_name": "GALLOWS RD @ ASTON ST", "wheelchair_boarding": 0 }, "geometry": { "type": "Point", "coordinates": [ -77.21419, 38.85135 ] } },
{ "type": "Feature", "properties": { "stop_id": 637, "stop_name": "GALLOWS RD @ BRIGHT MEADOWS LA", "wheelchair_boarding": 0 }, "geometry": { "type": "Point", "coordinates": [ -77.22557, 38.89097 ] } },
{ "type": "Feature", "properties": { "stop_id": 638, "stop_name": "GALLOWS RD @ BOONE BLVD", "wheelchair_boarding": 0 }, "geometry": { "type": "Point", "coordinates": [ -77.227849, 38.91355 ] } },
{ "type": "Feature", "properties": { "stop_id": 639, "stop_name": "GALLOWS RD @ BOONE BLVD", "wheelchair_boarding": 0 }, "geometry": { "type": "Point", "coordinates": [ -77.22806, 38.91374 ] } },
{ "type": "Feature", "properties": { "stop_id": 640, "stop_name": "GALLOWS RD @ MERRY OAKS LA", "wheelchair_boarding": 0 }, "geometry": { "type": "Point", "coordinates": [ -77.221833, 38.907199 ] } },
{ "type": "Feature", "properties": { "stop_id": 641, "stop_name": "GALLOWS RD @ COTTAGE ST", "wheelchair_boarding": 0 }, "geometry": { "type": "Point", "coordinates": [ -77.22699, 38.88698 ] } },
{ "type": "Feature", "properties": { "stop_id": 642, "stop_name": "GALLOWS RD @ COTTAGE ST", "wheelchair_boarding": 0 }, "geometry": { "type": "Point", "coordinates": [ -77.22726, 38.88697 ] } },
{ "type": "Feature", "properties": { "stop_id": 643, "stop_name": "GALLOWS RD @ DOLCE DR", "wheelchair_boarding": 0 }, "geometry": { "type": "Point", "coordinates": [ -77.20365, 38.8467 ] } },
{ "type": "Feature", "properties": { "stop_id": 644, "stop_name": "GALLOWS RD @ DOLCE DR", "wheelchair_boarding": 0 }, "geometry": { "type": "Point", "coordinates": [ -77.20361, 38.84686 ] } },
{ "type": "Feature", "properties": { "stop_id": 645, "stop_name": "GALLOWS RD @ RAILROAD ST", "wheelchair_boarding": 0 }, "geometry": { "type": "Point", "coordinates": [ -77.22425, 38.89836 ] } },
{ "type": "Feature", "properties": { "stop_id": 646, "stop_name": "GALLOWS RD @ ELECTRIC AVE", "wheelchair_boarding": 0 }, "geometry": { "type": "Point", "coordinates": [ -77.22454, 38.89827 ] } },
{ "type": "Feature", "properties": { "stop_id": 647, "stop_name": "GALLOWS RD @ ELM PL", "wheelchair_boarding": 0 }, "geometry": { "type": "Point", "coordinates": [ -77.22514, 38.89581 ] } },
{ "type": "Feature", "properties": { "stop_id": 648, "stop_name": "GALLOWS RD @ ELM PL", "wheelchair_boarding": 0 }, "geometry": { "type": "Point", "coordinates": [ -77.22485, 38.89594 ] } },
{ "type": "Feature", "properties": { "stop_id": 649, "stop_name": "GALLOWS RD @ EXECUTIVE AVE", "wheelchair_boarding": 0 }, "geometry": { "type": "Point", "coordinates": [ -77.21027, 38.84985 ] } },
{ "type": "Feature", "properties": { "stop_id": 650, "stop_name": "GALLOWS RD @ GATEHOUSE RD", "wheelchair_boarding": 0 }, "geometry": { "type": "Point", "coordinates": [ -77.227064, 38.869607 ] } },
{ "type": "Feature", "properties": { "stop_id": 651, "stop_name": "GALLOWS RD @ GATEHOUSE RD", "wheelchair_boarding": 0 }, "geometry": { "type": "Point", "coordinates": [ -77.22767, 38.86849 ] } },
{ "type": "Feature", "properties": { "stop_id": 654, "stop_name": "GALLOWS RD @ GALLOWS BRANCH RD", "wheelchair_boarding": 0 }, "geometry": { "type": "Point", "coordinates": [ -77.222792, 38.908885 ] } },
{ "type": "Feature", "properties": { "stop_id": 655, "stop_name": "GALLOWS RD @ HEMLOCK DR", "wheelchair_boarding": 0 }, "geometry": { "type": "Point", "coordinates": [ -77.21473, 38.85168 ] } },
{ "type": "Feature", "properties": { "stop_id": 656, "stop_name": "GALLOWS RD @ HOLMES RUN DR", "wheelchair_boarding": 0 }, "geometry": { "type": "Point", "coordinates": [ -77.21786, 38.85282 ] } },
{ "type": "Feature", "properties": { "stop_id": 657, "stop_name": "GALLOWS RD @ ILIFF DR", "wheelchair_boarding": 0 }, "geometry": { "type": "Point", "coordinates": [ -77.22486, 38.892 ] } },
{ "type": "Feature", "properties": { "stop_id": 658, "stop_name": "GALLOWS RD @ ROUTE 29", "wheelchair_boarding": 0 }, "geometry": { "type": "Point", "coordinates": [ -77.22707, 38.873703 ] } },
{ "type": "Feature", "properties": { "stop_id": 659, "stop_name": "GALLOWS RD @ ROUTE 29", "wheelchair_boarding": 0 }, "geometry": { "type": "Point", "coordinates": [ -77.22679, 38.87369 ] } },
{ "type": "Feature", "properties": { "stop_id": 660, "stop_name": "GALLOWS RD @ MADRON LA", "wheelchair_boarding": 0 }, "geometry": { "type": "Point", "coordinates": [ -77.222472, 38.90495 ] } },
{ "type": "Feature", "properties": { "stop_id": 661, "stop_name": "GALLOWS RD @ MADRON LA", "wheelchair_boarding": 0 }, "geometry": { "type": "Point", "coordinates": [ -77.22289, 38.90439 ] } },
{ "type": "Feature", "properties": { "stop_id": 662, "stop_name": "GALLOWS RD @ MADRILLON RD", "wheelchair_boarding": 0 }, "geometry": { "type": "Point", "coordinates": [ -77.225426, 38.911112 ] } },
{ "type": "Feature", "properties": { "stop_id": 664, "stop_name": "GALLOWS RD @ MERRY OAKS LA", "wheelchair_boarding": 0 }, "geometry": { "type": "Point", "coordinates": [ -77.22258, 38.90807 ] } },
{ "type": "Feature", "properties": { "stop_id": 665, "stop_name": "GALLOWS RD @ OAK ST", "wheelchair_boarding": 0 }, "geometry": { "type": "Point", "coordinates": [ -77.22404, 38.9002 ] } },
{ "type": "Feature", "properties": { "stop_id": 666, "stop_name": "GALLOWS RD @ OAK ST", "wheelchair_boarding": 0 }, "geometry": { "type": "Point", "coordinates": [ -77.223719, 38.900282 ] } },
{ "type": "Feature", "properties": { "stop_id": 667, "stop_name": "GALLOWS RD @ PROVIDENCE FOREST DR", "wheelchair_boarding": 0 }, "geometry": { "type": "Point", "coordinates": [ -77.2271, 38.87721 ] } },
{ "type": "Feature", "properties": { "stop_id": 668, "stop_name": "GALLOWS RD @ PRESCOTT DR", "wheelchair_boarding": 0 }, "geometry": { "type": "Point", "coordinates": [ -77.22754, 38.87873 ] } },
{ "type": "Feature", "properties": { "stop_id": 669, "stop_name": "GALLOWS RD @ PRESCOTT DR", "wheelchair_boarding": 0 }, "geometry": { "type": "Point", "coordinates": [ -77.22768, 38.87824 ] } },
{ "type": "Feature", "properties": { "stop_id": 670, "stop_name": "GALLOWS RD @ STRAWBERRY LA", "wheelchair_boarding": 0 }, "geometry": { "type": "Point", "coordinates": [ -77.227303, 38.87134 ] } },
{ "type": "Feature", "properties": { "stop_id": 671, "stop_name": "GALLOWS RD @ THOR DR", "wheelchair_boarding": 0 }, "geometry": { "type": "Point", "coordinates": [ -77.20807, 38.84869 ] } },
{ "type": "Feature", "properties": { "stop_id": 672, "stop_name": "GALLOWS RD @ THOR DR", "wheelchair_boarding": 0 }, "geometry": { "type": "Point", "coordinates": [ -77.20856, 38.8487 ] } },
{ "type": "Feature", "properties": { "stop_id": 673, "stop_name": "GALLOWS RD @ TOWNSEND ST", "wheelchair_boarding": 0 }, "geometry": { "type": "Point", "coordinates": [ -77.22652, 38.860752 ] } },
{ "type": "Feature", "properties": { "stop_id": 674, "stop_name": "GALLOWS RD @ TOWNSEND ST", "wheelchair_boarding": 0 }, "geometry": { "type": "Point", "coordinates": [ -77.22647, 38.85976 ] } },
{ "type": "Feature", "properties": { "stop_id": 675, "stop_name": "GALLOWS RD @ WOODBURN RD", "wheelchair_boarding": 0 }, "geometry": { "type": "Point", "coordinates": [ -77.22587, 38.85747 ] } },
{ "type": "Feature", "properties": { "stop_id": 676, "stop_name": "GALLOWS RD @ TRAMMELL RD", "wheelchair_boarding": 0 }, "geometry": { "type": "Point", "coordinates": [ -77.20628, 38.84796 ] } },
{ "type": "Feature", "properties": { "stop_id": 677, "stop_name": "GALLOWS RD @ WHEATWHEEL LA", "wheelchair_boarding": 0 }, "geometry": { "type": "Point", "coordinates": [ -77.21823, 38.85281 ] } },
{ "type": "Feature", "properties": { "stop_id": 678, "stop_name": "GALLOWS RD @ WOLFTRAP DR", "wheelchair_boarding": 0 }, "geometry": { "type": "Point", "coordinates": [ -77.223225, 38.90213 ] } },
{ "type": "Feature", "properties": { "stop_id": 680, "stop_name": "GALLOWS RD @ WOLFTRAP RD", "wheelchair_boarding": 0 }, "geometry": { "type": "Point", "coordinates": [ -77.22361, 38.90164 ] } },
{ "type": "Feature", "properties": { "stop_id": 681, "stop_name": "GALLOWS @ WILLOW OAKS CORPORATE DR", "wheelchair_boarding": 0 }, "geometry": { "type": "Point", "coordinates": [ -77.227433, 38.86361 ] } },
{ "type": "Feature", "properties": { "stop_id": 682, "stop_name": "GALLOWS RD @ WOODBURN RD", "wheelchair_boarding": 0 }, "geometry": { "type": "Point", "coordinates": [ -77.22561, 38.85807 ] } },
{ "type": "Feature", "properties": { "stop_id": 684, "stop_name": "GOVT CTR PKWY @ FORUM DR E", "wheelchair_boarding": 0 }, "geometry": { "type": "Point", "coordinates": [ -77.355384, 38.851284 ] } },
{ "type": "Feature", "properties": { "stop_id": 685, "stop_name": "GOVT CTR PKWY @ FORUM DR W", "wheelchair_boarding": 0 }, "geometry": { "type": "Point", "coordinates": [ -77.357546, 38.852186 ] } },
{ "type": "Feature", "properties": { "stop_id": 686, "stop_name": "GOVT CTR PKWY @ FORUM DR W", "wheelchair_boarding": 0 }, "geometry": { "type": "Point", "coordinates": [ -77.357641, 38.851938 ] } },
{ "type": "Feature", "properties": { "stop_id": 687, "stop_name": "GOVT CTR PKWY @ FORUM DR E", "wheelchair_boarding": 0 }, "geometry": { "type": "Point", "coordinates": [ -77.355723, 38.851158 ] } },
{ "type": "Feature", "properties": { "stop_id": 688, "stop_name": "GOVT CENTER PKWY @ MONUMENT WAY", "wheelchair_boarding": 0 }, "geometry": { "type": "Point", "coordinates": [ -77.353546, 38.856578 ] } },
{ "type": "Feature", "properties": { "stop_id": 689, "stop_name": "GOVT CTR PKWY @OAKDALE CRESCENT CT", "wheelchair_boarding": 0 }, "geometry": { "type": "Point", "coordinates": [ -77.351486, 38.851608 ] } },
{ "type": "Feature", "properties": { "stop_id": 690, "stop_name": "FAIRFAX COUNTY GOVT CENTER - MAIN BUILDING", "wheelchair_boarding": 0 }, "geometry": { "type": "Point", "coordinates": [ -77.358247, 38.85344 ] } },
{ "type": "Feature", "properties": { "stop_id": 691, "stop_name": "GOVERNMENT CENTER PKWY @ RUNABOUT L", "wheelchair_boarding": 0 }, "geometry": { "type": "Point", "coordinates": [ -77.35232, 38.851428 ] } },
{ "type": "Feature", "properties": { "stop_id": 692, "stop_name": "GUNSTON HILL LA @ GROOM COTTAGE DR", "wheelchair_boarding": 0 }, "geometry": { "type": "Point", "coordinates": [ -77.220058, 38.697528 ] } },
{ "type": "Feature", "properties": { "stop_id": 693, "stop_name": "GLADE DR @ ACTON DR", "wheelchair_boarding": 0 }, "geometry": { "type": "Point", "coordinates": [ -77.33442, 38.925971 ] } },
{ "type": "Feature", "properties": { "stop_id": 694, "stop_name": "GLADE DR @ ANSDEL CT", "wheelchair_boarding": 0 }, "geometry": { "type": "Point", "coordinates": [ -77.357283, 38.931008 ] } },
{ "type": "Feature", "properties": { "stop_id": 695, "stop_name": "GLADE DR @ BRETON CT", "wheelchair_boarding": 0 }, "geometry": { "type": "Point", "coordinates": [ -77.361396, 38.934533 ] } },
{ "type": "Feature", "properties": { "stop_id": 696, "stop_name": "GLADE DR @ CHARTERHOUSE CIR", "wheelchair_boarding": 0 }, "geometry": { "type": "Point", "coordinates": [ -77.357489, 38.931439 ] } },
{ "type": "Feature", "properties": { "stop_id": 697, "stop_name": "GLADE DR @ CROWS NEST LA", "wheelchair_boarding": 0 }, "geometry": { "type": "Point", "coordinates": [ -77.339774, 38.925707 ] } },
{ "type": "Feature", "properties": { "stop_id": 698, "stop_name": "GLADE DR @ COCQUINA DR", "wheelchair_boarding": 0 }, "geometry": { "type": "Point", "coordinates": [ -77.37432, 38.94696 ] } },
{ "type": "Feature", "properties": { "stop_id": 699, "stop_name": "GLADE DR @ COCQUINA DR", "wheelchair_boarding": 0 }, "geometry": { "type": "Point", "coordinates": [ -77.374554, 38.946813 ] } },
{ "type": "Feature", "properties": { "stop_id": 700, "stop_name": "GLADE DR @ COMPASS POINT LA", "wheelchair_boarding": 0 }, "geometry": { "type": "Point", "coordinates": [ -77.333979, 38.92613 ] } },
{ "type": "Feature", "properties": { "stop_id": 701, "stop_name": "GLADE DR @ DOSINIA CT", "wheelchair_boarding": 0 }, "geometry": { "type": "Point", "coordinates": [ -77.36859, 38.94164 ] } },
{ "type": "Feature", "properties": { "stop_id": 702, "stop_name": "GLADE DR @ FREETOWN CT", "wheelchair_boarding": 0 }, "geometry": { "type": "Point", "coordinates": [ -77.36777, 38.93588 ] } },
{ "type": "Feature", "properties": { "stop_id": 703, "stop_name": "GLADE DR @ FREETOWN DR", "wheelchair_boarding": 0 }, "geometry": { "type": "Point", "coordinates": [ -77.36796, 38.93592 ] } },
{ "type": "Feature", "properties": { "stop_id": 704, "stop_name": "GLADE DRIVE @ GREEN RANGE DRIVE", "wheelchair_boarding": 0 }, "geometry": { "type": "Point", "coordinates": [ -77.36746, 38.937 ] } },
{ "type": "Feature", "properties": { "stop_id": 705, "stop_name": "GLADE DR @ GREEN RANGE DR S", "wheelchair_boarding": 0 }, "geometry": { "type": "Point", "coordinates": [ -77.367539, 38.937171 ] } },
{ "type": "Feature", "properties": { "stop_id": 706, "stop_name": "GLADE DR @ LAUREL GLADE CT", "wheelchair_boarding": 0 }, "geometry": { "type": "Point", "coordinates": [ -77.36807, 38.94163 ] } },
{ "type": "Feature", "properties": { "stop_id": 707, "stop_name": "GLADE DR @ MARGINELLA DR", "wheelchair_boarding": 0 }, "geometry": { "type": "Point", "coordinates": [ -77.3751, 38.94484 ] } },
{ "type": "Feature", "properties": { "stop_id": 708, "stop_name": "GLADE DR @ MARGINELLA DR", "wheelchair_boarding": 0 }, "geometry": { "type": "Point", "coordinates": [ -77.37479, 38.94454 ] } },
{ "type": "Feature", "properties": { "stop_id": 709, "stop_name": "GLADE DR @ MIDDLE CREEK LA", "wheelchair_boarding": 0 }, "geometry": { "type": "Point", "coordinates": [ -77.353299, 38.929693 ] } },
{ "type": "Feature", "properties": { "stop_id": 710, "stop_name": "GLADE DR @ GREEN RANGE DR N", "wheelchair_boarding": 0 }, "geometry": { "type": "Point", "coordinates": [ -77.36639, 38.93937 ] } },
{ "type": "Feature", "properties": { "stop_id": 711, "stop_name": "GLADE DR @ MILLRACE LA", "wheelchair_boarding": 0 }, "geometry": { "type": "Point", "coordinates": [ -77.36618, 38.93945 ] } },
{ "type": "Feature", "properties": { "stop_id": 712, "stop_name": "GLADE DR @ OLD TRAIL DR", "wheelchair_boarding": 0 }, "geometry": { "type": "Point", "coordinates": [ -77.348528, 38.926765 ] } },
{ "type": "Feature", "properties": { "stop_id": 713, "stop_name": "GLADE DR @ QUARTERMASTER LA", "wheelchair_boarding": 0 }, "geometry": { "type": "Point", "coordinates": [ -77.337045, 38.925843 ] } },
{ "type": "Feature", "properties": { "stop_id": 714, "stop_name": "GLADE DR @ QUARTERMASTER LA", "wheelchair_boarding": 0 }, "geometry": { "type": "Point", "coordinates": [ -77.336473, 38.925771 ] } },
{ "type": "Feature", "properties": { "stop_id": 715, "stop_name": "GLADE DR @ RIDGEHAMPTON CT", "wheelchair_boarding": 0 }, "geometry": { "type": "Point", "coordinates": [ -77.36537, 38.9348 ] } },
{ "type": "Feature", "properties": { "stop_id": 716, "stop_name": "GLADE DR @ RED MAPLE LA", "wheelchair_boarding": 0 }, "geometry": { "type": "Point", "coordinates": [ -77.348589, 38.926657 ] } },
{ "type": "Feature", "properties": { "stop_id": 717, "stop_name": "GLADE DR @ ROSEDOWN DR", "wheelchair_boarding": 0 }, "geometry": { "type": "Point", "coordinates": [ -77.37239, 38.9425 ] } },
{ "type": "Feature", "properties": { "stop_id": 718, "stop_name": "GLADE DR @ ROSEDOWN DR", "wheelchair_boarding": 0 }, "geometry": { "type": "Point", "coordinates": [ -77.37249, 38.94239 ] } },
{ "type": "Feature", "properties": { "stop_id": 719, "stop_name": "GLADE DR @ RESTON PKWY", "wheelchair_boarding": 0 }, "geometry": { "type": "Point", "coordinates": [ -77.36565, 38.93458 ] } },
{ "type": "Feature", "properties": { "stop_id": 720, "stop_name": "GLADE DR @ SUGARBERRY CT", "wheelchair_boarding": 0 }, "geometry": { "type": "Point", "coordinates": [ -77.353765, 38.929585 ] } },
{ "type": "Feature", "properties": { "stop_id": 721, "stop_name": "GLADE DR @ SOAPSTONE DR", "wheelchair_boarding": 0 }, "geometry": { "type": "Point", "coordinates": [ -77.344945, 38.926172 ] } },
{ "type": "Feature", "properties": { "stop_id": 722, "stop_name": "GLADE DR @ TWIN BRANCHES RD", "wheelchair_boarding": 0 }, "geometry": { "type": "Point", "coordinates": [ -77.325382, 38.931371 ] } },
{ "type": "Feature", "properties": { "stop_id": 724, "stop_name": "GLADE DR @ TRIPLE CROWN RD", "wheelchair_boarding": 0 }, "geometry": { "type": "Point", "coordinates": [ -77.351874, 38.927667 ] } },
{ "type": "Feature", "properties": { "stop_id": 725, "stop_name": "GLADE DR @ TRIPLE CROWN RD", "wheelchair_boarding": 0 }, "geometry": { "type": "Point", "coordinates": [ -77.351854, 38.927967 ] } },
{ "type": "Feature", "properties": { "stop_id": 726, "stop_name": "GLADE DR @ TIMBERHEAD LA", "wheelchair_boarding": 0 }, "geometry": { "type": "Point", "coordinates": [ -77.329925, 38.927645 ] } },
{ "type": "Feature", "properties": { "stop_id": 727, "stop_name": "GLADE DR @ TIMBERHEAD LA", "wheelchair_boarding": 0 }, "geometry": { "type": "Point", "coordinates": [ -77.329994, 38.927395 ] } },
{ "type": "Feature", "properties": { "stop_id": 728, "stop_name": "GLADE DR @ THRUSH RIDGE RD", "wheelchair_boarding": 0 }, "geometry": { "type": "Point", "coordinates": [ -77.327897, 38.929241 ] } },
{ "type": "Feature", "properties": { "stop_id": 729, "stop_name": "GLADE DR @ THRUSH RIDGE RD", "wheelchair_boarding": 0 }, "geometry": { "type": "Point", "coordinates": [ -77.327638, 38.92926 ] } },
{ "type": "Feature", "properties": { "stop_id": 730, "stop_name": "GLADE DR @ TWIN BRANCHES RD", "wheelchair_boarding": 0 }, "geometry": { "type": "Point", "coordinates": [ -77.325314, 38.931282 ] } },
{ "type": "Feature", "properties": { "stop_id": 731, "stop_name": "GREENSBORO DR @ INTERNATIONAL DR", "wheelchair_boarding": 0 }, "geometry": { "type": "Point", "coordinates": [ -77.227807, 38.92273 ] } },
{ "type": "Feature", "properties": { "stop_id": 732, "stop_name": "HERNDON HARBOR HOUSE", "wheelchair_boarding": 0 }, "geometry": { "type": "Point", "coordinates": [ -77.38875, 38.97396 ] } },
{ "type": "Feature", "properties": { "stop_id": 733, "stop_name": "GREENSBORO DR @ SOLUTIONS DR", "wheelchair_boarding": 0 }, "geometry": { "type": "Point", "coordinates": [ -77.230662, 38.923079 ] } },
{ "type": "Feature", "properties": { "stop_id": 734, "stop_name": "GREENSBORO DR @ PINNACLE DR", "wheelchair_boarding": 0 }, "geometry": { "type": "Point", "coordinates": [ -77.230497, 38.922668 ] } },
{ "type": "Feature", "properties": { "stop_id": 735, "stop_name": "GLADE DR @ TUMBLETREE WAY", "wheelchair_boarding": 0 }, "geometry": { "type": "Point", "coordinates": [ -77.340178, 38.925612 ] } },
{ "type": "Feature", "properties": { "stop_id": 736, "stop_name": "GREENSBORO DR @ THE ROTONDA", "wheelchair_boarding": 1 }, "geometry": { "type": "Point", "coordinates": [ -77.233668, 38.926145 ] } },
{ "type": "Feature", "properties": { "stop_id": 737, "stop_name": "GREENSBORO DR @ THE ROTONDA", "wheelchair_boarding": 0 }, "geometry": { "type": "Point", "coordinates": [ -77.233692, 38.925945 ] } },
{ "type": "Feature", "properties": { "stop_id": 738, "stop_name": "GREENSBORO DR @ SILVER HILL DR", "wheelchair_boarding": 0 }, "geometry": { "type": "Point", "coordinates": [ -77.232191, 38.924419 ] } },
{ "type": "Feature", "properties": { "stop_id": 739, "stop_name": "GREENSBORO DR @ SILVER HILL DR", "wheelchair_boarding": 0 }, "geometry": { "type": "Point", "coordinates": [ -77.232231, 38.924755 ] } },
{ "type": "Feature", "properties": { "stop_id": 740, "stop_name": "GUINEA RD @ BRONTE DR", "wheelchair_boarding": 0 }, "geometry": { "type": "Point", "coordinates": [ -77.27827, 38.80955 ] } },
{ "type": "Feature", "properties": { "stop_id": 741, "stop_name": "GUINEA RD @ BRONTE DR", "wheelchair_boarding": 0 }, "geometry": { "type": "Point", "coordinates": [ -77.27823, 38.80915 ] } },
{ "type": "Feature", "properties": { "stop_id": 742, "stop_name": "GUINEA RD @ FALMEAD RD E", "wheelchair_boarding": 0 }, "geometry": { "type": "Point", "coordinates": [ -77.292, 38.79956 ] } },
{ "type": "Feature", "properties": { "stop_id": 743, "stop_name": "GUINEA RD @ HARFORD LA", "wheelchair_boarding": 0 }, "geometry": { "type": "Point", "coordinates": [ -77.26886, 38.81061 ] } },
{ "type": "Feature", "properties": { "stop_id": 744, "stop_name": "GUINEA RD @ LAKEPOINTE DR", "wheelchair_boarding": 0 }, "geometry": { "type": "Point", "coordinates": [ -77.28506, 38.80166 ] } },
{ "type": "Feature", "properties": { "stop_id": 745, "stop_name": "GUINEA RD @ LAKEPOINTE DR", "wheelchair_boarding": 0 }, "geometry": { "type": "Point", "coordinates": [ -77.28526, 38.80119 ] } },
{ "type": "Feature", "properties": { "stop_id": 746, "stop_name": "GUINEA RD @ OLLEY LA", "wheelchair_boarding": 0 }, "geometry": { "type": "Point", "coordinates": [ -77.26845, 38.81043 ] } },
{ "type": "Feature", "properties": { "stop_id": 747, "stop_name": "GUINEA RD @ PIERRPONT ST", "wheelchair_boarding": 0 }, "geometry": { "type": "Point", "coordinates": [ -77.28233, 38.80439 ] } },
{ "type": "Feature", "properties": { "stop_id": 748, "stop_name": "GUINEA RD @ PIERRPONT ST", "wheelchair_boarding": 0 }, "geometry": { "type": "Point", "coordinates": [ -77.28276, 38.80422 ] } },
{ "type": "Feature", "properties": { "stop_id": 749, "stop_name": "GUINEA RD @ QUEENS WOODS DR", "wheelchair_boarding": 0 }, "geometry": { "type": "Point", "coordinates": [ -77.27298, 38.81021 ] } },
{ "type": "Feature", "properties": { "stop_id": 750, "stop_name": "GUINEA RD @ SANDY LEWIS DR", "wheelchair_boarding": 0 }, "geometry": { "type": "Point", "coordinates": [ -77.29253, 38.79929 ] } },
{ "type": "Feature", "properties": { "stop_id": 751, "stop_name": "G W PKWY @ VERNON VIEW DR", "wheelchair_boarding": 0 }, "geometry": { "type": "Point", "coordinates": [ -77.063, 38.71027 ] } },
{ "type": "Feature", "properties": { "stop_id": 752, "stop_name": "HANOVER AVE @ BATH ST", "wheelchair_boarding": 0 }, "geometry": { "type": "Point", "coordinates": [ -77.1937, 38.78409 ] } },
{ "type": "Feature", "properties": { "stop_id": 753, "stop_name": "HANOVER AVE @ CHARLOTTE ST", "wheelchair_boarding": 0 }, "geometry": { "type": "Point", "coordinates": [ -77.19411, 38.78356 ] } },
{ "type": "Feature", "properties": { "stop_id": 754, "stop_name": "HANOVER AVE @ ESSEX AVE", "wheelchair_boarding": 0 }, "geometry": { "type": "Point", "coordinates": [ -77.19369, 38.78652 ] } },
{ "type": "Feature", "properties": { "stop_id": 755, "stop_name": "HANOVER AVE @ ESSEX AVE", "wheelchair_boarding": 0 }, "geometry": { "type": "Point", "coordinates": [ -77.19324, 38.78575 ] } },
{ "type": "Feature", "properties": { "stop_id": 756, "stop_name": "HANOVER AVE @ EXMORE ST", "wheelchair_boarding": 0 }, "geometry": { "type": "Point", "coordinates": [ -77.19456, 38.78159 ] } },
{ "type": "Feature", "properties": { "stop_id": 757, "stop_name": "HANOVER AVE @ FALMOUTH ST", "wheelchair_boarding": 0 }, "geometry": { "type": "Point", "coordinates": [ -77.19485, 38.78111 ] } },
{ "type": "Feature", "properties": { "stop_id": 758, "stop_name": "HANOVER AVE @ FLOYD AVE", "wheelchair_boarding": 0 }, "geometry": { "type": "Point", "coordinates": [ -77.19505, 38.78884 ] } },
{ "type": "Feature", "properties": { "stop_id": 759, "stop_name": "HANOVER AVE @ FLOYD AVE", "wheelchair_boarding": 0 }, "geometry": { "type": "Point", "coordinates": [ -77.1945, 38.78823 ] } },
{ "type": "Feature", "properties": { "stop_id": 760, "stop_name": "HARRISON LA @ GROVETON ST", "wheelchair_boarding": 0 }, "geometry": { "type": "Point", "coordinates": [ -77.093632, 38.770498 ] } },
{ "type": "Feature", "properties": { "stop_id": 761, "stop_name": "HARRISON LA @ GROVETON ST", "wheelchair_boarding": 0 }, "geometry": { "type": "Point", "coordinates": [ -77.093788, 38.770378 ] } },
{ "type": "Feature", "properties": { "stop_id": 763, "stop_name": "HAYFIELD RD @ ROCK CLIFF LA", "wheelchair_boarding": 0 }, "geometry": { "type": "Point", "coordinates": [ -77.15034, 38.76177 ] } },
{ "type": "Feature", "properties": { "stop_id": 764, "stop_name": "HAYFIELD RD @ SPRING FAIRE CT", "wheelchair_boarding": 0 }, "geometry": { "type": "Point", "coordinates": [ -77.14977, 38.76158 ] } },
{ "type": "Feature", "properties": { "stop_id": 765, "stop_name": "HELMSDALE LA @ AMESBURY CT", "wheelchair_boarding": 0 }, "geometry": { "type": "Point", "coordinates": [ -77.137963, 38.755291 ] } },
{ "type": "Feature", "properties": { "stop_id": 766, "stop_name": "HELMSDALE LA @ BLANFORD CT", "wheelchair_boarding": 0 }, "geometry": { "type": "Point", "coordinates": [ -77.141076, 38.755459 ] } },
{ "type": "Feature", "properties": { "stop_id": 767, "stop_name": "HELMSDALE LA @ BRIGHOUSE CT", "wheelchair_boarding": 0 }, "geometry": { "type": "Point", "coordinates": [ -77.140814, 38.755126 ] } },
{ "type": "Feature", "properties": { "stop_id": 768, "stop_name": "HELMSDALE LA @ DUDDINGTON DR", "wheelchair_boarding": 0 }, "geometry": { "type": "Point", "coordinates": [ -77.138253, 38.755456 ] } },
{ "type": "Feature", "properties": { "stop_id": 769, "stop_name": "HELMSDALE LA @ LUND CT", "wheelchair_boarding": 0 }, "geometry": { "type": "Point", "coordinates": [ -77.131498, 38.752376 ] } },
{ "type": "Feature", "properties": { "stop_id": 770, "stop_name": "TELEGRAPH RD @ HELMSDALE LA", "wheelchair_boarding": 0 }, "geometry": { "type": "Point", "coordinates": [ -77.13745, 38.75546 ] } },
{ "type": "Feature", "properties": { "stop_id": 771, "stop_name": "HINSON FARM RD @ TIS WELL DR", "wheelchair_boarding": 0 }, "geometry": { "type": "Point", "coordinates": [ -77.07747, 38.73795 ] } },
{ "type": "Feature", "properties": { "stop_id": 772, "stop_name": "HIGHLAND ST @ BRUNSWICK ST", "wheelchair_boarding": 0 }, "geometry": { "type": "Point", "coordinates": [ -77.18802, 38.7912 ] } },
{ "type": "Feature", "properties": { "stop_id": 773, "stop_name": "HIGHLAND ST @ BRUNSWICK ST", "wheelchair_boarding": 0 }, "geometry": { "type": "Point", "coordinates": [ -77.18841, 38.79109 ] } },
{ "type": "Feature", "properties": { "stop_id": 774, "stop_name": "HIGHLAND ST @ DINWIDDIE ST", "wheelchair_boarding": 0 }, "geometry": { "type": "Point", "coordinates": [ -77.19054, 38.79161 ] } },
{ "type": "Feature", "properties": { "stop_id": 775, "stop_name": "HIGHLAND ST @ DINWIDDIE ST", "wheelchair_boarding": 0 }, "geometry": { "type": "Point", "coordinates": [ -77.19054, 38.79148 ] } },
{ "type": "Feature", "properties": { "stop_id": 776, "stop_name": "HIGHLAND ST @ GLOUCESTER AVE", "wheelchair_boarding": 0 }, "geometry": { "type": "Point", "coordinates": [ -77.19222, 38.79232 ] } },
{ "type": "Feature", "properties": { "stop_id": 777, "stop_name": "HIGHLAND ST @ HANOVER AVE", "wheelchair_boarding": 0 }, "geometry": { "type": "Point", "coordinates": [ -77.19541, 38.79351 ] } },
{ "type": "Feature", "properties": { "stop_id": 778, "stop_name": "BEACON HILL RD @ RICHMOND HWY", "wheelchair_boarding": 0 }, "geometry": { "type": "Point", "coordinates": [ -77.080622, 38.772009 ] } },
{ "type": "Feature", "properties": { "stop_id": 779, "stop_name": "HOOES RD @ ADRIENNE GLEN AVE", "wheelchair_boarding": 0 }, "geometry": { "type": "Point", "coordinates": [ -77.23559, 38.75674 ] } },
{ "type": "Feature", "properties": { "stop_id": 780, "stop_name": "HOLLAND RD @ DEREK RD", "wheelchair_boarding": 0 }, "geometry": { "type": "Point", "coordinates": [ -77.07885, 38.73943 ] } },
{ "type": "Feature", "properties": { "stop_id": 781, "stop_name": "HOOES RD @ FAIRFAX COUNTY PKWY", "wheelchair_boarding": 0 }, "geometry": { "type": "Point", "coordinates": [ -77.24445, 38.75014 ] } },
{ "type": "Feature", "properties": { "stop_id": 783, "stop_name": "HOOES RD @ HOOES RD", "wheelchair_boarding": 0 }, "geometry": { "type": "Point", "coordinates": [ -77.24991, 38.74514 ] } },
{ "type": "Feature", "properties": { "stop_id": 784, "stop_name": "HOOES RD @ INNISFREE DR", "wheelchair_boarding": 0 }, "geometry": { "type": "Point", "coordinates": [ -77.24262, 38.75409 ] } },
{ "type": "Feature", "properties": { "stop_id": 785, "stop_name": "HOOES RD @ 8520 HOOES RD", "wheelchair_boarding": 0 }, "geometry": { "type": "Point", "coordinates": [ -77.23978, 38.7556 ] } },
{ "type": "Feature", "properties": { "stop_id": 786, "stop_name": "HOOES RD @ LAUREN DR", "wheelchair_boarding": 0 }, "geometry": { "type": "Point", "coordinates": [ -77.24481, 38.7521 ] } },
{ "type": "Feature", "properties": { "stop_id": 787, "stop_name": "HOOES RD @ LINDEN TREE LA", "wheelchair_boarding": 0 }, "geometry": { "type": "Point", "coordinates": [ -77.233899, 38.75738 ] } },
{ "type": "Feature", "properties": { "stop_id": 788, "stop_name": "HOOES RD @ POHICK RD", "wheelchair_boarding": 0 }, "geometry": { "type": "Point", "coordinates": [ -77.24787, 38.74592 ] } },
{ "type": "Feature", "properties": { "stop_id": 789, "stop_name": "HOOES RD @ SCARBOROUGH ST", "wheelchair_boarding": 0 }, "geometry": { "type": "Point", "coordinates": [ -77.23507, 38.75632 ] } },
{ "type": "Feature", "properties": { "stop_id": 790, "stop_name": "HOOES RD @ GAMBRILL RD", "wheelchair_boarding": 0 }, "geometry": { "type": "Point", "coordinates": [ -77.23417, 38.75664 ] } },
{ "type": "Feature", "properties": { "stop_id": 791, "stop_name": "HOOES DR @ SHADY PALM DR", "wheelchair_boarding": 0 }, "geometry": { "type": "Point", "coordinates": [ -77.23604, 38.75585 ] } },
{ "type": "Feature", "properties": { "stop_id": 792, "stop_name": "HOOES RD @ SYDENSTRICKER RD", "wheelchair_boarding": 0 }, "geometry": { "type": "Point", "coordinates": [ -77.238429, 38.756 ] } },
{ "type": "Feature", "properties": { "stop_id": 793, "stop_name": "HERNDON PKWY @ SUMMERFIELD DR", "wheelchair_boarding": 0 }, "geometry": { "type": "Point", "coordinates": [ -77.40613, 38.96929 ] } },
{ "type": "Feature", "properties": { "stop_id": 794, "stop_name": "HERNDON PKWY @ BAYSHIRE LA", "wheelchair_boarding": 0 }, "geometry": { "type": "Point", "coordinates": [ -77.40366, 38.97668 ] } },
{ "type": "Feature", "properties": { "stop_id": 795, "stop_name": "HERNDON PKWY @ BAYSHIRE LA", "wheelchair_boarding": 0 }, "geometry": { "type": "Point", "coordinates": [ -77.40408, 38.976376 ] } },
{ "type": "Feature", "properties": { "stop_id": 796, "stop_name": "HERNDON PKWY @ BUCHANNAN DR", "wheelchair_boarding": 1 }, "geometry": { "type": "Point", "coordinates": [ -77.37191, 38.96517 ] } },
{ "type": "Feature", "properties": { "stop_id": 797, "stop_name": "HERNDON PKWY @ CAMPBELL WAY", "wheelchair_boarding": 0 }, "geometry": { "type": "Point", "coordinates": [ -77.39441, 38.95991 ] } },
{ "type": "Feature", "properties": { "stop_id": 798, "stop_name": "HERNDON PKWY @ CAVENDISH ST", "wheelchair_boarding": 0 }, "geometry": { "type": "Point", "coordinates": [ -77.37107, 38.98025 ] } },
{ "type": "Feature", "properties": { "stop_id": 799, "stop_name": "HERNDON PKWY @ CAMPBELL WAY", "wheelchair_boarding": 0 }, "geometry": { "type": "Point", "coordinates": [ -77.39484, 38.95987 ] } },
{ "type": "Feature", "properties": { "stop_id": 800, "stop_name": "HERNDON PKWY @ CAVENDISH ST", "wheelchair_boarding": 0 }, "geometry": { "type": "Point", "coordinates": [ -77.370679, 38.98019 ] } },
{ "type": "Feature", "properties": { "stop_id": 801, "stop_name": "HERNDON PKWY @ CORDELL WAY", "wheelchair_boarding": 0 }, "geometry": { "type": "Point", "coordinates": [ -77.37162, 38.967748 ] } },
{ "type": "Feature", "properties": { "stop_id": 803, "stop_name": "HERNDON PKWY @ CRESTVIEW DR", "wheelchair_boarding": 0 }, "geometry": { "type": "Point", "coordinates": [ -77.39948, 38.97783 ] } },
{ "type": "Feature", "properties": { "stop_id": 804, "stop_name": "HERNDON PKWY @ ELDEN ST W", "wheelchair_boarding": 0 }, "geometry": { "type": "Point", "coordinates": [ -77.40018, 38.96339 ] } },
{ "type": "Feature", "properties": { "stop_id": 805, "stop_name": "HERNDON PKWY @ CAVALIER DR", "wheelchair_boarding": 0 }, "geometry": { "type": "Point", "coordinates": [ -77.38929, 38.97976 ] } },
{ "type": "Feature", "properties": { "stop_id": 806, "stop_name": "HERNDON PKWY @ PALMER DR", "wheelchair_boarding": 0 }, "geometry": { "type": "Point", "coordinates": [ -77.39219, 38.95888 ] } },
{ "type": "Feature", "properties": { "stop_id": 807, "stop_name": "HERNDON PKWY @ DULLES PL", "wheelchair_boarding": 0 }, "geometry": { "type": "Point", "coordinates": [ -77.4057, 38.97301 ] } },
{ "type": "Feature", "properties": { "stop_id": 808, "stop_name": "HERNDON PKWY @ DULLES PL", "wheelchair_boarding": 0 }, "geometry": { "type": "Point", "coordinates": [ -77.40559, 38.97268 ] } },
{ "type": "Feature", "properties": { "stop_id": 809, "stop_name": "HERNDON PKWY @ ELDEN ST S", "wheelchair_boarding": 0 }, "geometry": { "type": "Point", "coordinates": [ -77.39817, 38.96207 ] } },
{ "type": "Feature", "properties": { "stop_id": 810, "stop_name": "HERNDON PKWY @ EARLY FALL CT", "wheelchair_boarding": 0 }, "geometry": { "type": "Point", "coordinates": [ -77.40323, 38.96625 ] } },
{ "type": "Feature", "properties": { "stop_id": 813, "stop_name": "1110 HERNDON PKWY", "wheelchair_boarding": 0 }, "geometry": { "type": "Point", "coordinates": [ -77.39993, 38.96347 ] } },
{ "type": "Feature", "properties": { "stop_id": 814, "stop_name": "HERNDON PKWY @ EXCHANGE PL", "wheelchair_boarding": 0 }, "geometry": { "type": "Point", "coordinates": [ -77.3799, 38.95491 ] } },
{ "type": "Feature", "properties": { "stop_id": 815, "stop_name": "HERNDON PKWY @ EXCHANGE PL", "wheelchair_boarding": 0 }, "geometry": { "type": "Point", "coordinates": [ -77.380506, 38.954465 ] } },
{ "type": "Feature", "properties": { "stop_id": 816, "stop_name": "HERNDON PKWY @ 570 HERNDON PKWY", "wheelchair_boarding": 0 }, "geometry": { "type": "Point", "coordinates": [ -77.38437, 38.95506 ] } },
{ "type": "Feature", "properties": { "stop_id": 817, "stop_name": "HERNDON PKWY @ VAN BUREN ST", "wheelchair_boarding": 0 }, "geometry": { "type": "Point", "coordinates": [ -77.38654, 38.95595 ] } },
{ "type": "Feature", "properties": { "stop_id": 818, "stop_name": "HERNDON PKWY @ FAIRBROOK DR", "wheelchair_boarding": 0 }, "geometry": { "type": "Point", "coordinates": [ -77.37843, 38.95621 ] } },
{ "type": "Feature", "properties": { "stop_id": 819, "stop_name": "HERNDON PKWY @ FAIRBROOK DR", "wheelchair_boarding": 0 }, "geometry": { "type": "Point", "coordinates": [ -77.37843, 38.955837 ] } },
{ "type": "Feature", "properties": { "stop_id": 824, "stop_name": "HERNDON PKWY @ GRANT ST", "wheelchair_boarding": 0 }, "geometry": { "type": "Point", "coordinates": [ -77.38181, 38.98213 ] } },
{ "type": "Feature", "properties": { "stop_id": 825, "stop_name": "HERNDON PKWY @ GROVE ST", "wheelchair_boarding": 0 }, "geometry": { "type": "Point", "coordinates": [ -77.371391, 38.963195 ] } },
{ "type": "Feature", "properties": { "stop_id": 826, "stop_name": "400 HERNDON PKWY", "wheelchair_boarding": 0 }, "geometry": { "type": "Point", "coordinates": [ -77.37233, 38.9616 ] } },
{ "type": "Feature", "properties": { "stop_id": 827, "stop_name": "HERNDON PKWY @ JUNIPER CT", "wheelchair_boarding": 0 }, "geometry": { "type": "Point", "coordinates": [ -77.39669, 38.9606 ] } },
{ "type": "Feature", "properties": { "stop_id": 828, "stop_name": "HERNDON PKWY @ LEONA LA", "wheelchair_boarding": 0 }, "geometry": { "type": "Point", "coordinates": [ -77.370195, 38.973449 ] } },
{ "type": "Feature", "properties": { "stop_id": 829, "stop_name": "HERNDON PKWY @ LEONA LA", "wheelchair_boarding": 0 }, "geometry": { "type": "Point", "coordinates": [ -77.370223, 38.974286 ] } },
{ "type": "Feature", "properties": { "stop_id": 830, "stop_name": "HERNDON PKWY @ MISSOURI AVE", "wheelchair_boarding": 0 }, "geometry": { "type": "Point", "coordinates": [ -77.38929, 38.95806 ] } },
{ "type": "Feature", "properties": { "stop_id": 831, "stop_name": "HERNDON PKWY @ MISSOURI AVE", "wheelchair_boarding": 0 }, "geometry": { "type": "Point", "coordinates": [ -77.38973, 38.95805 ] } },
{ "type": "Feature", "properties": { "stop_id": 833, "stop_name": "HERNDON PKWY @ MONROE ST", "wheelchair_boarding": 0 }, "geometry": { "type": "Point", "coordinates": [ -77.38554, 38.98276 ] } },
{ "type": "Feature", "properties": { "stop_id": 834, "stop_name": "HERNDON PKWY @ PALMER DR", "wheelchair_boarding": 0 }, "geometry": { "type": "Point", "coordinates": [ -77.39174, 38.95901 ] } },
{ "type": "Feature", "properties": { "stop_id": 835, "stop_name": "HERNDON PKWY @ ELDEN ST", "wheelchair_boarding": 0 }, "geometry": { "type": "Point", "coordinates": [ -77.39802, 38.96221 ] } },
{ "type": "Feature", "properties": { "stop_id": 837, "stop_name": "HERNDON PKWY @ QUEENS ROW ST", "wheelchair_boarding": 0 }, "geometry": { "type": "Point", "coordinates": [ -77.37094, 38.97672 ] } },
{ "type": "Feature", "properties": { "stop_id": 838, "stop_name": "HERNDON PKWY @ RENEAU WAY", "wheelchair_boarding": 0 }, "geometry": { "type": "Point", "coordinates": [ -77.37011, 38.97019 ] } },
{ "type": "Feature", "properties": { "stop_id": 839, "stop_name": "HERNDON PKWY @ STERLING RD", "wheelchair_boarding": 0 }, "geometry": { "type": "Point", "coordinates": [ -77.404868, 38.974884 ] } },
{ "type": "Feature", "properties": { "stop_id": 840, "stop_name": "HERNDON PKWY @ STERLING RD", "wheelchair_boarding": 0 }, "geometry": { "type": "Point", "coordinates": [ -77.40451, 38.97505 ] } },
{ "type": "Feature", "properties": { "stop_id": 842, "stop_name": "HERNDON PKWY @ SPRING ST", "wheelchair_boarding": 0 }, "geometry": { "type": "Point", "coordinates": [ -77.373525, 38.959783 ] } },
{ "type": "Feature", "properties": { "stop_id": 843, "stop_name": "HERNDON PKWY @ SPRING ST", "wheelchair_boarding": 0 }, "geometry": { "type": "Point", "coordinates": [ -77.37513, 38.95838 ] } },
{ "type": "Feature", "properties": { "stop_id": 844, "stop_name": "HERNDON PKWY @ SPRING ST", "wheelchair_boarding": 0 }, "geometry": { "type": "Point", "coordinates": [ -77.374699, 38.958376 ] } },
{ "type": "Feature", "properties": { "stop_id": 845, "stop_name": "HERNDON PKWY @ SPRING ST", "wheelchair_boarding": 0 }, "geometry": { "type": "Point", "coordinates": [ -77.373435, 38.959347 ] } },
{ "type": "Feature", "properties": { "stop_id": 846, "stop_name": "HERNDON PKWY @ HERNDON POLICE DEPT", "wheelchair_boarding": 0 }, "geometry": { "type": "Point", "coordinates": [ -77.371939, 38.961625 ] } },
{ "type": "Feature", "properties": { "stop_id": 847, "stop_name": "HERNDON PKWY @ SPRINGTIDE PL", "wheelchair_boarding": 0 }, "geometry": { "type": "Point", "coordinates": [ -77.40466, 38.96746 ] } },
{ "type": "Feature", "properties": { "stop_id": 848, "stop_name": "HERNDON PKWY @ SPRINGTIDE PL", "wheelchair_boarding": 0 }, "geometry": { "type": "Point", "coordinates": [ -77.40486, 38.96733 ] } },
{ "type": "Feature", "properties": { "stop_id": 849, "stop_name": "HERNDON PKWY @ SUMMERFIELD DR", "wheelchair_boarding": 0 }, "geometry": { "type": "Point", "coordinates": [ -77.40668, 38.97002 ] } },
{ "type": "Feature", "properties": { "stop_id": 850, "stop_name": "HERNDON PKWY @ SUMMERFIELD DR", "wheelchair_boarding": 0 }, "geometry": { "type": "Point", "coordinates": [ -77.40274, 38.96621 ] } },
{ "type": "Feature", "properties": { "stop_id": 851, "stop_name": "HERNDON PKWY @ TAMARACK WAY", "wheelchair_boarding": 0 }, "geometry": { "type": "Point", "coordinates": [ -77.371164, 38.967674 ] } },
{ "type": "Feature", "properties": { "stop_id": 852, "stop_name": "HERNDON PKWY @ VAN BUREN ST", "wheelchair_boarding": 0 }, "geometry": { "type": "Point", "coordinates": [ -77.387595, 38.957085 ] } },
{ "type": "Feature", "properties": { "stop_id": 853, "stop_name": "HERNDON PKWY @ 570 HERNDON PKWY", "wheelchair_boarding": 0 }, "geometry": { "type": "Point", "coordinates": [ -77.38415, 38.95482 ] } },
{ "type": "Feature", "properties": { "stop_id": 855, "stop_name": "HUNTINGTON AVE @ BISCAYNE DR", "wheelchair_boarding": 0 }, "geometry": { "type": "Point", "coordinates": [ -77.07168, 38.79454 ] } },
{ "type": "Feature", "properties": { "stop_id": 858, "stop_name": "HUMMER RD @ FRONTAGE RD", "wheelchair_boarding": 0 }, "geometry": { "type": "Point", "coordinates": [ -77.21048, 38.83365 ] } },
{ "type": "Feature", "properties": { "stop_id": 859, "stop_name": "HUNTINGTON AVE @ HUNTING CREEK RD", "wheelchair_boarding": 0 }, "geometry": { "type": "Point", "coordinates": [ -77.06605, 38.79105 ] } },
{ "type": "Feature", "properties": { "stop_id": 860, "stop_name": "HUMMER RD @ HORSESHOE DR", "wheelchair_boarding": 0 }, "geometry": { "type": "Point", "coordinates": [ -77.20983, 38.83571 ] } },
{ "type": "Feature", "properties": { "stop_id": 861, "stop_name": "HUNTINGTON AVE @ INDIAN DR", "wheelchair_boarding": 0 }, "geometry": { "type": "Point", "coordinates": [ -77.07655, 38.79685 ] } },
{ "type": "Feature", "properties": { "stop_id": 863, "stop_name": "HUMMER RD @ MARSHALL DR", "wheelchair_boarding": 0 }, "geometry": { "type": "Point", "coordinates": [ -77.20455, 38.84449 ] } },
{ "type": "Feature", "properties": { "stop_id": 864, "stop_name": "HUMMER RD @ MARSHALL DR", "wheelchair_boarding": 0 }, "geometry": { "type": "Point", "coordinates": [ -77.20471, 38.84412 ] } },
{ "type": "Feature", "properties": { "stop_id": 865, "stop_name": "HUNTINGTON AVE@ METROVIEW PKWY", "wheelchair_boarding": 0 }, "geometry": { "type": "Point", "coordinates": [ -77.07656, 38.79707 ] } },
{ "type": "Feature", "properties": { "stop_id": 866, "stop_name": "HUMMER RD @ ROYCE ST", "wheelchair_boarding": 0 }, "geometry": { "type": "Point", "coordinates": [ -77.208503, 38.838772 ] } },
{ "type": "Feature", "properties": { "stop_id": 867, "stop_name": "HUMMER RD @ ROYCE CT", "wheelchair_boarding": 0 }, "geometry": { "type": "Point", "coordinates": [ -77.20841, 38.83843 ] } },
{ "type": "Feature", "properties": { "stop_id": 868, "stop_name": "HUNTER MILL RD @ SUNRISE VALLEY DR", "wheelchair_boarding": 0 }, "geometry": { "type": "Point", "coordinates": [ -77.312722, 38.943453 ] } },
{ "type": "Feature", "properties": { "stop_id": 869, "stop_name": "HUMMER RD @ WALTON LA", "wheelchair_boarding": 0 }, "geometry": { "type": "Point", "coordinates": [ -77.20727, 38.84106 ] } },
{ "type": "Feature", "properties": { "stop_id": 870, "stop_name": "HUNTERS WOODS FELLOWSHIP HOUSE", "wheelchair_boarding": 0 }, "geometry": { "type": "Point", "coordinates": [ -77.36106, 38.93708 ] } },
{ "type": "Feature", "properties": { "stop_id": 871, "stop_name": "HUNTERS WOODS VILLAGE CTR", "wheelchair_boarding": 0 }, "geometry": { "type": "Point", "coordinates": [ -77.36207, 38.93748 ] } },
{ "type": "Feature", "properties": { "stop_id": 874, "stop_name": "INTERNATIONAL DR @ LINCOLN CIR", "wheelchair_boarding": 0 }, "geometry": { "type": "Point", "coordinates": [ -77.232062, 38.928488 ] } },
{ "type": "Feature", "properties": { "stop_id": 875, "stop_name": "INTERNATIONAL DR @ FLETCHER ST", "wheelchair_boarding": 0 }, "geometry": { "type": "Point", "coordinates": [ -77.22537, 38.91661 ] } },
{ "type": "Feature", "properties": { "stop_id": 876, "stop_name": "INTERNATIONAL DR @ CHAIN BRIDGE RD", "wheelchair_boarding": 0 }, "geometry": { "type": "Point", "coordinates": [ -77.22548, 38.91847 ] } },
{ "type": "Feature", "properties": { "stop_id": 882, "stop_name": "8000 JONES BRANCH DR", "wheelchair_boarding": 0 }, "geometry": { "type": "Point", "coordinates": [ -77.221254, 38.931553 ] } },
{ "type": "Feature", "properties": { "stop_id": 883, "stop_name": "JONES BRANCH DR @ FREDDIE MAC CTR", "wheelchair_boarding": 0 }, "geometry": { "type": "Point", "coordinates": [ -77.224893, 38.931648 ] } },
{ "type": "Feature", "properties": { "stop_id": 884, "stop_name": "JONES BRANCH DR @ LINCOLN CTR", "wheelchair_boarding": 0 }, "geometry": { "type": "Point", "coordinates": [ -77.230243, 38.932056 ] } },
{ "type": "Feature", "properties": { "stop_id": 885, "stop_name": "JONES BRANCH DR @ PARK RUN DR", "wheelchair_boarding": 0 }, "geometry": { "type": "Point", "coordinates": [ -77.226817, 38.93203 ] } },
{ "type": "Feature", "properties": { "stop_id": 886, "stop_name": "JONES BRANCH DR @ PARK RUN DR", "wheelchair_boarding": 0 }, "geometry": { "type": "Point", "coordinates": [ -77.22745, 38.931929 ] } },
{ "type": "Feature", "properties": { "stop_id": 887, "stop_name": "JONES BRANCH DR @ WESTPARK DR", "wheelchair_boarding": 0 }, "geometry": { "type": "Point", "coordinates": [ -77.217587, 38.926421 ] } },
{ "type": "Feature", "properties": { "stop_id": 888, "stop_name": "7940 JONES BRANCH DR", "wheelchair_boarding": 0 }, "geometry": { "type": "Point", "coordinates": [ -77.216763, 38.930519 ] } },
{ "type": "Feature", "properties": { "stop_id": 889, "stop_name": "JONES BRANCH DR @ WESTBRANCH DR", "wheelchair_boarding": 0 }, "geometry": { "type": "Point", "coordinates": [ -77.218885, 38.931557 ] } },
{ "type": "Feature", "properties": { "stop_id": 890, "stop_name": "JOHN MARR DR @ TOM DAVIS DR", "wheelchair_boarding": 0 }, "geometry": { "type": "Point", "coordinates": [ -77.189759, 38.830478 ] } },
{ "type": "Feature", "properties": { "stop_id": 891, "stop_name": "JOSEPH SIEWICK DR @ ALDER WOODS DR", "wheelchair_boarding": 0 }, "geometry": { "type": "Point", "coordinates": [ -77.38194, 38.88266 ] } },
{ "type": "Feature", "properties": { "stop_id": 892, "stop_name": "KING CENTRE DR @ BARCLAY DR", "wheelchair_boarding": 0 }, "geometry": { "type": "Point", "coordinates": [ -77.13789, 38.76824 ] } },
{ "type": "Feature", "properties": { "stop_id": 893, "stop_name": "KING CENTER DR @ BARCLAY DR", "wheelchair_boarding": 0 }, "geometry": { "type": "Point", "coordinates": [ -77.138388, 38.76769 ] } },
{ "type": "Feature", "properties": { "stop_id": 894, "stop_name": "KING CENTRE DR @ SIR VICEROY DR", "wheelchair_boarding": 0 }, "geometry": { "type": "Point", "coordinates": [ -77.134066, 38.769427 ] } },
{ "type": "Feature", "properties": { "stop_id": 895, "stop_name": "S KINGS HWY @ LANTERN PL", "wheelchair_boarding": 0 }, "geometry": { "type": "Point", "coordinates": [ -77.11327, 38.76925 ] } },
{ "type": "Feature", "properties": { "stop_id": 896, "stop_name": "KINROSS CIR @ ALLNESS LA", "wheelchair_boarding": 0 }, "geometry": { "type": "Point", "coordinates": [ -77.41627, 38.91513 ] } },
{ "type": "Feature", "properties": { "stop_id": 897, "stop_name": "KINGSBURY RD @ BROADMOOR ST", "wheelchair_boarding": 0 }, "geometry": { "type": "Point", "coordinates": [ -77.13227, 38.7496 ] } },
{ "type": "Feature", "properties": { "stop_id": 900, "stop_name": "3210 KINROSS CIR", "wheelchair_boarding": 0 }, "geometry": { "type": "Point", "coordinates": [ -77.40964, 38.91371 ] } },
{ "type": "Feature", "properties": { "stop_id": 901, "stop_name": "KINROSS CIR @ KILBRENNAN CT", "wheelchair_boarding": 0 }, "geometry": { "type": "Point", "coordinates": [ -77.41894, 38.91712 ] } },
{ "type": "Feature", "properties": { "stop_id": 902, "stop_name": "SACRAMENTO DR @ RICHMOND HWY", "wheelchair_boarding": 0 }, "geometry": { "type": "Point", "coordinates": [ -77.125834, 38.720826 ] } },
{ "type": "Feature", "properties": { "stop_id": 903, "stop_name": "KINROSS CIR @ KINBRACE RD", "wheelchair_boarding": 0 }, "geometry": { "type": "Point", "coordinates": [ -77.413, 38.91436 ] } },
{ "type": "Feature", "properties": { "stop_id": 904, "stop_name": "KINGSTOWNE BLVD @ KINGSTOWNE VILLAG", "wheelchair_boarding": 0 }, "geometry": { "type": "Point", "coordinates": [ -77.139232, 38.769674 ] } },
{ "type": "Feature", "properties": { "stop_id": 905, "stop_name": "KINGSTOWNE BLVD @ KINGSTOWNE VILLAG", "wheelchair_boarding": 0 }, "geometry": { "type": "Point", "coordinates": [ -77.137847, 38.770097 ] } },
{ "type": "Feature", "properties": { "stop_id": 907, "stop_name": "KINROSS CIR @ RAVENSCRAIG CT", "wheelchair_boarding": 0 }, "geometry": { "type": "Point", "coordinates": [ -77.41542, 38.91474 ] } },
{ "type": "Feature", "properties": { "stop_id": 910, "stop_name": "KINROSS CIR @ STONE HEATHER DR", "wheelchair_boarding": 0 }, "geometry": { "type": "Point", "coordinates": [ -77.4073, 38.91465 ] } },
{ "type": "Feature", "properties": { "stop_id": 912, "stop_name": "KINGSTOWNE VLG PKWY @ ASHBY LA", "wheelchair_boarding": 0 }, "geometry": { "type": "Point", "coordinates": [ -77.14935, 38.75511 ] } },
{ "type": "Feature", "properties": { "stop_id": 913, "stop_name": "KINGSTOWNE VLG PKWY @ ASHBY LA", "wheelchair_boarding": 0 }, "geometry": { "type": "Point", "coordinates": [ -77.14903, 38.75505 ] } },
{ "type": "Feature", "properties": { "stop_id": 914, "stop_name": "KINGSTOWNE VLG PKWY @ ALDERMAN DR", "wheelchair_boarding": 0 }, "geometry": { "type": "Point", "coordinates": [ -77.165214, 38.751212 ] } },
{ "type": "Feature", "properties": { "stop_id": 915, "stop_name": "KINGSTOWNE VLG PKWY @ BEULAH ST", "wheelchair_boarding": 0 }, "geometry": { "type": "Point", "coordinates": [ -77.16557, 38.75122 ] } },
{ "type": "Feature", "properties": { "stop_id": 916, "stop_name": "KINGSTOWNE VLG PKWY @ BRADMORE ST", "wheelchair_boarding": 0 }, "geometry": { "type": "Point", "coordinates": [ -77.14493, 38.75734 ] } },
{ "type": "Feature", "properties": { "stop_id": 917, "stop_name": "KINGSTOWNE VILLAGE PKWY @ DARDEN RO", "wheelchair_boarding": 0 }, "geometry": { "type": "Point", "coordinates": [ -77.16161, 38.74973 ] } },
{ "type": "Feature", "properties": { "stop_id": 918, "stop_name": "KINGSTOWNE VILLAGE PKWY @ EDGEWARE", "wheelchair_boarding": 0 }, "geometry": { "type": "Point", "coordinates": [ -77.14231, 38.76268 ] } },
{ "type": "Feature", "properties": { "stop_id": 919, "stop_name": "KINGSTOWNE VLG PKWY @ HAYFIELD RD", "wheelchair_boarding": 0 }, "geometry": { "type": "Point", "coordinates": [ -77.14522, 38.75674 ] } },
{ "type": "Feature", "properties": { "stop_id": 920, "stop_name": "KINGSTOWNE VILLAGE PKWY @ JOUST LN", "wheelchair_boarding": 0 }, "geometry": { "type": "Point", "coordinates": [ -77.14193, 38.76312 ] } },
{ "type": "Feature", "properties": { "stop_id": 921, "stop_name": "KINGSTOWNE VILLAGE PKWY @ JOUST LN", "wheelchair_boarding": 0 }, "geometry": { "type": "Point", "coordinates": [ -77.14372, 38.76038 ] } },
{ "type": "Feature", "properties": { "stop_id": 922, "stop_name": "KINGSTOWNE VLG @ KING CENTRE DR", "wheelchair_boarding": 0 }, "geometry": { "type": "Point", "coordinates": [ -77.14028, 38.76749 ] } },
{ "type": "Feature", "properties": { "stop_id": 923, "stop_name": "KINGSTOWNE VLG @ LITTLETHORPE LA", "wheelchair_boarding": 0 }, "geometry": { "type": "Point", "coordinates": [ -77.15904, 38.75046 ] } },
{ "type": "Feature", "properties": { "stop_id": 924, "stop_name": "KINGSTOWNE VLG PKWY @ NORHAM DR", "wheelchair_boarding": 0 }, "geometry": { "type": "Point", "coordinates": [ -77.14418, 38.75793 ] } },
{ "type": "Feature", "properties": { "stop_id": 925, "stop_name": "KINGSTOWNE @ SUMMER RIDGE RD", "wheelchair_boarding": 0 }, "geometry": { "type": "Point", "coordinates": [ -77.143483, 38.760183 ] } },
{ "type": "Feature", "properties": { "stop_id": 926, "stop_name": "KINGSTOWNE VLG @ STONE WHEAT CT", "wheelchair_boarding": 0 }, "geometry": { "type": "Point", "coordinates": [ -77.16249, 38.74985 ] } },
{ "type": "Feature", "properties": { "stop_id": 927, "stop_name": "KINGSTOWNE VLG @ TALIAFERRO WAY", "wheelchair_boarding": 0 }, "geometry": { "type": "Point", "coordinates": [ -77.15773, 38.75145 ] } },
{ "type": "Feature", "properties": { "stop_id": 928, "stop_name": "KINGSTOWNE VLG @ VILLAGE PARK DR", "wheelchair_boarding": 0 }, "geometry": { "type": "Point", "coordinates": [ -77.15144, 38.7537 ] } },
{ "type": "Feature", "properties": { "stop_id": 929, "stop_name": "KINGSTOWNE VILLAGE PKWY @ PARK VILL", "wheelchair_boarding": 0 }, "geometry": { "type": "Point", "coordinates": [ -77.15138, 38.75352 ] } },
{ "type": "Feature", "properties": { "stop_id": 930, "stop_name": "KINGSTOWNE @ WINDHAM HILL RUN", "wheelchair_boarding": 0 }, "geometry": { "type": "Point", "coordinates": [ -77.15846, 38.75079 ] } },
{ "type": "Feature", "properties": { "stop_id": 931, "stop_name": "LAWYERS RD @ BLUE SPRUCE RD", "wheelchair_boarding": 0 }, "geometry": { "type": "Point", "coordinates": [ -77.358251, 38.923004 ] } },
{ "type": "Feature", "properties": { "stop_id": 932, "stop_name": "LAWYERS RD @ BLUE SPRUCE RD", "wheelchair_boarding": 0 }, "geometry": { "type": "Point", "coordinates": [ -77.358208, 38.922794 ] } },
{ "type": "Feature", "properties": { "stop_id": 933, "stop_name": "LAWYERS RD @ CHARLESTOWN LA", "wheelchair_boarding": 0 }, "geometry": { "type": "Point", "coordinates": [ -77.354194, 38.922468 ] } },
{ "type": "Feature", "properties": { "stop_id": 934, "stop_name": "LAWYERS RD @ CHARLESTOWN LA", "wheelchair_boarding": 0 }, "geometry": { "type": "Point", "coordinates": [ -77.354558, 38.922391 ] } },
{ "type": "Feature", "properties": { "stop_id": 935, "stop_name": "LAWYERS RD @ CROSSFIELDS WAY", "wheelchair_boarding": 0 }, "geometry": { "type": "Point", "coordinates": [ -77.37592, 38.91817 ] } },
{ "type": "Feature", "properties": { "stop_id": 936, "stop_name": "LAWYERS RD @ DANIEL WEBSTER DR", "wheelchair_boarding": 0 }, "geometry": { "type": "Point", "coordinates": [ -77.37416, 38.92281 ] } },
{ "type": "Feature", "properties": { "stop_id": 937, "stop_name": "LAWYERS RD @ FARRIER LA", "wheelchair_boarding": 0 }, "geometry": { "type": "Point", "coordinates": [ -77.370051, 38.924687 ] } },
{ "type": "Feature", "properties": { "stop_id": 938, "stop_name": "LAWRENCE ST @ FRYE RD", "wheelchair_boarding": 0 }, "geometry": { "type": "Point", "coordinates": [ -77.11525, 38.73777 ] } },
{ "type": "Feature", "properties": { "stop_id": 939, "stop_name": "LAWYERS RD @ GLENBROOKE WOODS DR", "wheelchair_boarding": 0 }, "geometry": { "type": "Point", "coordinates": [ -77.37842, 38.91454 ] } },
{ "type": "Feature", "properties": { "stop_id": 940, "stop_name": "LAWYERS RD @ GOLDCUP LA", "wheelchair_boarding": 0 }, "geometry": { "type": "Point", "coordinates": [ -77.351187, 38.921592 ] } },
{ "type": "Feature", "properties": { "stop_id": 941, "stop_name": "LAWRENCE ST @ IMPERIAL ST", "wheelchair_boarding": 0 }, "geometry": { "type": "Point", "coordinates": [ -77.11314, 38.73803 ] } },
{ "type": "Feature", "properties": { "stop_id": 942, "stop_name": "LAWRENCE ST @ KEMPER ST", "wheelchair_boarding": 0 }, "geometry": { "type": "Point", "coordinates": [ -77.11311, 38.73794 ] } },
{ "type": "Feature", "properties": { "stop_id": 943, "stop_name": "LAWRENCE ST @ KIDD ST", "wheelchair_boarding": 0 }, "geometry": { "type": "Point", "coordinates": [ -77.11093, 38.73835 ] } },
{ "type": "Feature", "properties": { "stop_id": 944, "stop_name": "LAWRENCE ST @ KIDD ST", "wheelchair_boarding": 0 }, "geometry": { "type": "Point", "coordinates": [ -77.11138, 38.73819 ] } },
{ "type": "Feature", "properties": { "stop_id": 945, "stop_name": "LAWYERS RD @ LAWYERS RD", "wheelchair_boarding": 0 }, "geometry": { "type": "Point", "coordinates": [ -77.37337, 38.92424 ] } },
{ "type": "Feature", "properties": { "stop_id": 946, "stop_name": "LAWYERS RD @ LEWIS ST", "wheelchair_boarding": 0 }, "geometry": { "type": "Point", "coordinates": [ -77.273403, 38.903877 ] } },
{ "type": "Feature", "properties": { "stop_id": 947, "stop_name": "LAWRENCE ST @ LAKE PARK DR", "wheelchair_boarding": 0 }, "geometry": { "type": "Point", "coordinates": [ -77.1075, 38.73924 ] } },
{ "type": "Feature", "properties": { "stop_id": 948, "stop_name": "LAWYERS RD @ GLENBROOKE WOODS DR", "wheelchair_boarding": 0 }, "geometry": { "type": "Point", "coordinates": [ -77.37836, 38.91513 ] } },
{ "type": "Feature", "properties": { "stop_id": 949, "stop_name": "LAWYERS RD @ RIDERS LA", "wheelchair_boarding": 0 }, "geometry": { "type": "Point", "coordinates": [ -77.350318, 38.921163 ] } },
{ "type": "Feature", "properties": { "stop_id": 950, "stop_name": "LAWRENCE ST @ CENTRAL PARK DR", "wheelchair_boarding": 0 }, "geometry": { "type": "Point", "coordinates": [ -77.10975, 38.73861 ] } },
{ "type": "Feature", "properties": { "stop_id": 951, "stop_name": "LAWYERS RD @ SESKEY GLEN CT", "wheelchair_boarding": 0 }, "geometry": { "type": "Point", "coordinates": [ -77.37386, 38.92285 ] } },
{ "type": "Feature", "properties": { "stop_id": 952, "stop_name": "LAWYERS RD @ STEEPLECHASE DR", "wheelchair_boarding": 0 }, "geometry": { "type": "Point", "coordinates": [ -77.362142, 38.923938 ] } },
{ "type": "Feature", "properties": { "stop_id": 953, "stop_name": "LAWYERS RD @ STEEPLECHASE DR", "wheelchair_boarding": 0 }, "geometry": { "type": "Point", "coordinates": [ -77.362671, 38.92383 ] } },
{ "type": "Feature", "properties": { "stop_id": 954, "stop_name": "LAWYERS RD @ TACK LA", "wheelchair_boarding": 0 }, "geometry": { "type": "Point", "coordinates": [ -77.36933, 38.924473 ] } },
{ "type": "Feature", "properties": { "stop_id": 955, "stop_name": "LAWYERS RD @ VIKING DR", "wheelchair_boarding": 0 }, "geometry": { "type": "Point", "coordinates": [ -77.37565, 38.91914 ] } },
{ "type": "Feature", "properties": { "stop_id": 956, "stop_name": "LAWYERS RD @ WEST ST", "wheelchair_boarding": 0 }, "geometry": { "type": "Point", "coordinates": [ -77.269269, 38.902335 ] } },
{ "type": "Feature", "properties": { "stop_id": 957, "stop_name": "LAWYERS RD @ WINDOVER AVE", "wheelchair_boarding": 0 }, "geometry": { "type": "Point", "coordinates": [ -77.271282, 38.903481 ] } },
{ "type": "Feature", "properties": { "stop_id": 958, "stop_name": "LAKE BRADDOCK DR @ BURKE RD", "wheelchair_boarding": 0 }, "geometry": { "type": "Point", "coordinates": [ -77.27643, 38.8013 ] } },
{ "type": "Feature", "properties": { "stop_id": 959, "stop_name": "LAKE BRADDOCK DR @ BURKE RD", "wheelchair_boarding": 0 }, "geometry": { "type": "Point", "coordinates": [ -77.27604, 38.80125 ] } },
{ "type": "Feature", "properties": { "stop_id": 960, "stop_name": "LAKE BRADDOCK DR @ BROMYARD CT", "wheelchair_boarding": 0 }, "geometry": { "type": "Point", "coordinates": [ -77.2676, 38.80553 ] } },
{ "type": "Feature", "properties": { "stop_id": 961, "stop_name": "LAKE BRADDOCK DR @ BROMYARD CT", "wheelchair_boarding": 0 }, "geometry": { "type": "Point", "coordinates": [ -77.26721, 38.80544 ] } },
{ "type": "Feature", "properties": { "stop_id": 962, "stop_name": "LAKE BRADDOCK DR @ BURDETT RD", "wheelchair_boarding": 0 }, "geometry": { "type": "Point", "coordinates": [ -77.27414, 38.80375 ] } },
{ "type": "Feature", "properties": { "stop_id": 963, "stop_name": "LAKE BRADDOCK DR @ COTHERSTONE CT", "wheelchair_boarding": 0 }, "geometry": { "type": "Point", "coordinates": [ -77.26784, 38.80192 ] } },
{ "type": "Feature", "properties": { "stop_id": 964, "stop_name": "LAKE BRADDOCK DR @ COTHERSTONE CT", "wheelchair_boarding": 0 }, "geometry": { "type": "Point", "coordinates": [ -77.2674, 38.80167 ] } },
{ "type": "Feature", "properties": { "stop_id": 965, "stop_name": "LOCKHEED BLVD @ JON PAUL DR", "wheelchair_boarding": 0 }, "geometry": { "type": "Point", "coordinates": [ -77.090851, 38.759777 ] } },
{ "type": "Feature", "properties": { "stop_id": 966, "stop_name": "LAKE BRADDOCK DR @ LIGHTHOUSE LA", "wheelchair_boarding": 0 }, "geometry": { "type": "Point", "coordinates": [ -77.27416, 38.80527 ] } },
{ "type": "Feature", "properties": { "stop_id": 967, "stop_name": "LAKE BRADDOCK DR @ MERSEA CT", "wheelchair_boarding": 0 }, "geometry": { "type": "Point", "coordinates": [ -77.26756, 38.80341 ] } },
{ "type": "Feature", "properties": { "stop_id": 968, "stop_name": "LAKE BRADDOCK DR @ MERSEA CT", "wheelchair_boarding": 0 }, "geometry": { "type": "Point", "coordinates": [ -77.2673, 38.80341 ] } },
{ "type": "Feature", "properties": { "stop_id": 969, "stop_name": "LAKE BRADDOCK DR @ OLLEY LA", "wheelchair_boarding": 0 }, "geometry": { "type": "Point", "coordinates": [ -77.26848, 38.80604 ] } },
{ "type": "Feature", "properties": { "stop_id": 970, "stop_name": "LAKE BRADDOCK DR @ OLLEY LA", "wheelchair_boarding": 0 }, "geometry": { "type": "Point", "coordinates": [ -77.26917, 38.80578 ] } },
{ "type": "Feature", "properties": { "stop_id": 971, "stop_name": "LAKE BRADDOCK DR @ TRIPOLIS CT", "wheelchair_boarding": 0 }, "geometry": { "type": "Point", "coordinates": [ -77.27056, 38.80561 ] } },
{ "type": "Feature", "properties": { "stop_id": 972, "stop_name": "LAKE BRADDOCK DR @ TRIPOLIS CT", "wheelchair_boarding": 0 }, "geometry": { "type": "Point", "coordinates": [ -77.27094, 38.80545 ] } },
{ "type": "Feature", "properties": { "stop_id": 973, "stop_name": "LAKE BRADDOCK DR @ WALLINGFORD DR", "wheelchair_boarding": 0 }, "geometry": { "type": "Point", "coordinates": [ -77.27421, 38.80554 ] } },
{ "type": "Feature", "properties": { "stop_id": 974, "stop_name": "LAKE BRADDOCK DR @ WESTPORT LA", "wheelchair_boarding": 0 }, "geometry": { "type": "Point", "coordinates": [ -77.27511, 38.80187 ] } },
{ "type": "Feature", "properties": { "stop_id": 975, "stop_name": "LAKE BRADDOCK DR @ WESTPORT LA", "wheelchair_boarding": 0 }, "geometry": { "type": "Point", "coordinates": [ -77.27473, 38.80182 ] } },
{ "type": "Feature", "properties": { "stop_id": 976, "stop_name": "LAUREL CREST DR @ BITTERROOT CT", "wheelchair_boarding": 0 }, "geometry": { "type": "Point", "coordinates": [ -77.226846, 38.716398 ] } },
{ "type": "Feature", "properties": { "stop_id": 977, "stop_name": "LAUREL CREST@ WESTERN HEMLOCK WAY E", "wheelchair_boarding": 0 }, "geometry": { "type": "Point", "coordinates": [ -77.230929, 38.717726 ] } },
{ "type": "Feature", "properties": { "stop_id": 979, "stop_name": "LAUREL CREST DR @ SILVERBROOK RD", "wheelchair_boarding": 0 }, "geometry": { "type": "Point", "coordinates": [ -77.235374, 38.717723 ] } },
{ "type": "Feature", "properties": { "stop_id": 980, "stop_name": "LEESBURG PIKE @ LAUREL HILL RD", "wheelchair_boarding": 0 }, "geometry": { "type": "Point", "coordinates": [ -77.252, 38.93936 ] } },
{ "type": "Feature", "properties": { "stop_id": 981, "stop_name": "LENCLAIR ST @ MEMORIAL ST", "wheelchair_boarding": 0 }, "geometry": { "type": "Point", "coordinates": [ -77.086223, 38.770724 ] } },
{ "type": "Feature", "properties": { "stop_id": 982, "stop_name": "LAKE FAIRFAX DR @ HUNT CLUB RD", "wheelchair_boarding": 0 }, "geometry": { "type": "Point", "coordinates": [ -77.319291, 38.974163 ] } },
{ "type": "Feature", "properties": { "stop_id": 983, "stop_name": "ROUTE 50 @ FAIR RIDGE DR", "wheelchair_boarding": 0 }, "geometry": { "type": "Point", "coordinates": [ -77.369098, 38.869894 ] } },
{ "type": "Feature", "properties": { "stop_id": 984, "stop_name": "ROUTE 50 @ PLAZA LN", "wheelchair_boarding": 0 }, "geometry": { "type": "Point", "coordinates": [ -77.400953, 38.882584 ] } },
{ "type": "Feature", "properties": { "stop_id": 985, "stop_name": "ROUTE 50 @ PLAZA LN", "wheelchair_boarding": 0 }, "geometry": { "type": "Point", "coordinates": [ -77.39984, 38.881747 ] } },
{ "type": "Feature", "properties": { "stop_id": 986, "stop_name": "ROUTE 50 @ MAJESTIC LN", "wheelchair_boarding": 0 }, "geometry": { "type": "Point", "coordinates": [ -77.393933, 38.879524 ] } },
{ "type": "Feature", "properties": { "stop_id": 987, "stop_name": "ROUTE 50 @ MUIRFIELD LN", "wheelchair_boarding": 0 }, "geometry": { "type": "Point", "coordinates": [ -77.397277, 38.881158 ] } },
{ "type": "Feature", "properties": { "stop_id": 989, "stop_name": "ROUTE 50 @ STRINGFELLOW RD", "wheelchair_boarding": 0 }, "geometry": { "type": "Point", "coordinates": [ -77.405134, 38.883834 ] } },
{ "type": "Feature", "properties": { "stop_id": 990, "stop_name": "LAKE NEWPORT RD @ ARBOR GLEN WAY", "wheelchair_boarding": 0 }, "geometry": { "type": "Point", "coordinates": [ -77.352054, 38.977885 ] } },
{ "type": "Feature", "properties": { "stop_id": 991, "stop_name": "LAKE NEWPORT RD @ DEER POINT WAY", "wheelchair_boarding": 0 }, "geometry": { "type": "Point", "coordinates": [ -77.355419, 38.98033 ] } },
{ "type": "Feature", "properties": { "stop_id": 992, "stop_name": "STRINGFELLOW RD @ BLUEBERRY LA", "wheelchair_boarding": 0 }, "geometry": { "type": "Point", "coordinates": [ -77.406383, 38.883643 ] } },
{ "type": "Feature", "properties": { "stop_id": 993, "stop_name": "LAKE NEWPORT RD @ POPLAR GROVE DR", "wheelchair_boarding": 0 }, "geometry": { "type": "Point", "coordinates": [ -77.359148, 38.979218 ] } },
{ "type": "Feature", "properties": { "stop_id": 994, "stop_name": "LAKE NEWPORT RD @ WOODCREST DR", "wheelchair_boarding": 0 }, "geometry": { "type": "Point", "coordinates": [ -77.354025, 38.979452 ] } },
{ "type": "Feature", "properties": { "stop_id": 997, "stop_name": "LORTON STATION BLVD @ GRANDWIND DR", "wheelchair_boarding": 0 }, "geometry": { "type": "Point", "coordinates": [ -77.2119, 38.70833 ] } },
{ "type": "Feature", "properties": { "stop_id": 998, "stop_name": "LORTON RD @ LEWIS CHAPEL RD", "wheelchair_boarding": 0 }, "geometry": { "type": "Point", "coordinates": [ -77.21686, 38.70412 ] } },
{ "type": "Feature", "properties": { "stop_id": 999, "stop_name": "LOISDALE RD @ LOISDALE CT", "wheelchair_boarding": 0 }, "geometry": { "type": "Point", "coordinates": [ -77.17735, 38.77534 ] } },
{ "type": "Feature", "properties": { "stop_id": 1000, "stop_name": "LOISDALE RD @ LOIS DR", "wheelchair_boarding": 0 }, "geometry": { "type": "Point", "coordinates": [ -77.18277, 38.75814 ] } },
{ "type": "Feature", "properties": { "stop_id": 1001, "stop_name": "LORTON RD @ LORTON STATION BLVD", "wheelchair_boarding": 0 }, "geometry": { "type": "Point", "coordinates": [ -77.21136, 38.70476 ] } },
{ "type": "Feature", "properties": { "stop_id": 1002, "stop_name": "LOISDALE RD @ LOISDALE CT", "wheelchair_boarding": 0 }, "geometry": { "type": "Point", "coordinates": [ -77.17682, 38.77537 ] } },
{ "type": "Feature", "properties": { "stop_id": 1003, "stop_name": "LOCKHEED BLVD @ SAUL RD", "wheelchair_boarding": 0 }, "geometry": { "type": "Point", "coordinates": [ -77.091542, 38.75999 ] } },
{ "type": "Feature", "properties": { "stop_id": 1004, "stop_name": "LORTON RD @ SANGER ST", "wheelchair_boarding": 0 }, "geometry": { "type": "Point", "coordinates": [ -77.227157, 38.704481 ] } },
{ "type": "Feature", "properties": { "stop_id": 1005, "stop_name": "LORTON RD @ TIMARAND DR", "wheelchair_boarding": 0 }, "geometry": { "type": "Point", "coordinates": [ -77.217644, 38.703962 ] } },
{ "type": "Feature", "properties": { "stop_id": 1006, "stop_name": "LEESBURG PIKE @ ATWOOD RD", "wheelchair_boarding": 0 }, "geometry": { "type": "Point", "coordinates": [ -77.26922, 38.95453 ] } },
{ "type": "Feature", "properties": { "stop_id": 1007, "stop_name": "LEESBURG PIKE @ BEULAH RD", "wheelchair_boarding": 0 }, "geometry": { "type": "Point", "coordinates": [ -77.27459, 38.95771 ] } },
{ "type": "Feature", "properties": { "stop_id": 1009, "stop_name": "LEESBURG PIKE @ CARPERS FARM WAY", "wheelchair_boarding": 0 }, "geometry": { "type": "Point", "coordinates": [ -77.29166, 38.96726 ] } },
{ "type": "Feature", "properties": { "stop_id": 1011, "stop_name": "LEESBURG PIKE @ COLVIN RUN RD W", "wheelchair_boarding": 0 }, "geometry": { "type": "Point", "coordinates": [ -77.304248, 38.974351 ] } },
{ "type": "Feature", "properties": { "stop_id": 1012, "stop_name": "LEESBURG PIKE @ COLVIN RUN RD E", "wheelchair_boarding": 0 }, "geometry": { "type": "Point", "coordinates": [ -77.29121, 38.96741 ] } },
{ "type": "Feature", "properties": { "stop_id": 1013, "stop_name": "LEESBURG PIKE @ DELTA GLEN CT", "wheelchair_boarding": 0 }, "geometry": { "type": "Point", "coordinates": [ -77.30357, 38.97351 ] } },
{ "type": "Feature", "properties": { "stop_id": 1016, "stop_name": "LEESBURG PIKE @ FORESTVILLE DR", "wheelchair_boarding": 0 }, "geometry": { "type": "Point", "coordinates": [ -77.27493, 38.95832 ] } },
{ "type": "Feature", "properties": { "stop_id": 1017, "stop_name": "LEESBURG PIKE @ LEWINSVILLE RD", "wheelchair_boarding": 0 }, "geometry": { "type": "Point", "coordinates": [ -77.255489, 38.94358 ] } },
{ "type": "Feature", "properties": { "stop_id": 1018, "stop_name": "LEESBURG PIKE @ LEWINSVILLE RD", "wheelchair_boarding": 0 }, "geometry": { "type": "Point", "coordinates": [ -77.25506, 38.94252 ] } },
{ "type": "Feature", "properties": { "stop_id": 1019, "stop_name": "LEESBURG PIKE @ LYONS ST", "wheelchair_boarding": 0 }, "geometry": { "type": "Point", "coordinates": [ -77.26858, 38.95381 ] } },
{ "type": "Feature", "properties": { "stop_id": 1020, "stop_name": "LEESBURG PIKE @ MIDDLETON RIDGE RD", "wheelchair_boarding": 0 }, "geometry": { "type": "Point", "coordinates": [ -77.28015, 38.9621 ] } },
{ "type": "Feature", "properties": { "stop_id": 1022, "stop_name": "LAKE PLEASANT DR @ SAINT DENNIS DR", "wheelchair_boarding": 0 }, "geometry": { "type": "Point", "coordinates": [ -77.2179, 38.74196 ] } },
{ "type": "Feature", "properties": { "stop_id": 1025, "stop_name": "LEESBURG PIKE @ TYSONS CORNER CTR", "wheelchair_boarding": 0 }, "geometry": { "type": "Point", "coordinates": [ -77.22502, 38.91479 ] } },
{ "type": "Feature", "properties": { "stop_id": 1026, "stop_name": "LEESBURG PIKE @ TOWLSTON RD", "wheelchair_boarding": 0 }, "geometry": { "type": "Point", "coordinates": [ -77.26483, 38.95177 ] } },
{ "type": "Feature", "properties": { "stop_id": 1027, "stop_name": "LEESBURG PIKE @ TOWLSTON RD", "wheelchair_boarding": 0 }, "geometry": { "type": "Point", "coordinates": [ -77.26519, 38.95163 ] } },
{ "type": "Feature", "properties": { "stop_id": 1029, "stop_name": "LEESBURG PIKE @ WOLFTRAP RUN RD", "wheelchair_boarding": 0 }, "geometry": { "type": "Point", "coordinates": [ -77.25791, 38.94588 ] } },
{ "type": "Feature", "properties": { "stop_id": 1030, "stop_name": "LEESBURG PIKE @ WOLFTRAP RUN RD", "wheelchair_boarding": 0 }, "geometry": { "type": "Point", "coordinates": [ -77.25803, 38.94551 ] } },
{ "type": "Feature", "properties": { "stop_id": 1031, "stop_name": "LITTLE RIVER TPKE @ BROOKSIDE DR", "wheelchair_boarding": 0 }, "geometry": { "type": "Point", "coordinates": [ -77.14995, 38.81969 ] } },
{ "type": "Feature", "properties": { "stop_id": 1032, "stop_name": "LITTLE RIVER TPKE @ CHOWAN AVE", "wheelchair_boarding": 0 }, "geometry": { "type": "Point", "coordinates": [ -77.151384, 38.819617 ] } },
{ "type": "Feature", "properties": { "stop_id": 1033, "stop_name": "LITTLE RIVER TURNPIKE @ MARKHAM ST", "wheelchair_boarding": 0 }, "geometry": { "type": "Point", "coordinates": [ -77.20168, 38.83155 ] } },
{ "type": "Feature", "properties": { "stop_id": 1034, "stop_name": "LITTLE RIVER TURNPIKE @ MARKHAM ST", "wheelchair_boarding": 0 }, "geometry": { "type": "Point", "coordinates": [ -77.19924, 38.8309 ] } },
{ "type": "Feature", "properties": { "stop_id": 1035, "stop_name": "LITTLE RIVER TURNPIKE @ MEDFORD DR", "wheelchair_boarding": 0 }, "geometry": { "type": "Point", "coordinates": [ -77.2043, 38.83194 ] } },
{ "type": "Feature", "properties": { "stop_id": 1036, "stop_name": "LITTLE RIVER TPKE @ DUKE ST", "wheelchair_boarding": 0 }, "geometry": { "type": "Point", "coordinates": [ -77.14154, 38.81786 ] } },
{ "type": "Feature", "properties": { "stop_id": 1037, "stop_name": "LITTLE RIVER TPKE@ ANNANDALE RD", "wheelchair_boarding": 0 }, "geometry": { "type": "Point", "coordinates": [ -77.19812, 38.8309 ] } },
{ "type": "Feature", "properties": { "stop_id": 1038, "stop_name": "LITTLE RIVER TURNPIKE @ HUMMER RD", "wheelchair_boarding": 0 }, "geometry": { "type": "Point", "coordinates": [ -77.21053, 38.83289 ] } },
{ "type": "Feature", "properties": { "stop_id": 1039, "stop_name": "LITTLE RIVER TPKE @ VIRGINIA ST", "wheelchair_boarding": 0 }, "geometry": { "type": "Point", "coordinates": [ -77.15873, 38.82141 ] } },
{ "type": "Feature", "properties": { "stop_id": 1040, "stop_name": "LITTLE RIVER TURNPIKE @ WOODLAND RD", "wheelchair_boarding": 0 }, "geometry": { "type": "Point", "coordinates": [ -77.20737, 38.83246 ] } },
{ "type": "Feature", "properties": { "stop_id": 1041, "stop_name": "LORTON STATION BLVD @ GRAYSONS MILL", "wheelchair_boarding": 0 }, "geometry": { "type": "Point", "coordinates": [ -77.209186, 38.716471 ] } },
{ "type": "Feature", "properties": { "stop_id": 1042, "stop_name": "LORTON STATION BLVD @ GRAYSONS MILL", "wheelchair_boarding": 0 }, "geometry": { "type": "Point", "coordinates": [ -77.20865, 38.716156 ] } },
{ "type": "Feature", "properties": { "stop_id": 1043, "stop_name": "LORTON STATION BLVD @ GRANDWIND DR", "wheelchair_boarding": 0 }, "geometry": { "type": "Point", "coordinates": [ -77.21203, 38.70804 ] } },
{ "type": "Feature", "properties": { "stop_id": 1044, "stop_name": "LORTON STATION BLVD @ LORTON RD", "wheelchair_boarding": 0 }, "geometry": { "type": "Point", "coordinates": [ -77.21132, 38.70571 ] } },
{ "type": "Feature", "properties": { "stop_id": 1045, "stop_name": "LORTON STATION BLVD @ OLD BEECH CT", "wheelchair_boarding": 0 }, "geometry": { "type": "Point", "coordinates": [ -77.21112, 38.70585 ] } },
{ "type": "Feature", "properties": { "stop_id": 1046, "stop_name": "LORTON STN BLVD @ PERCY SIMMS DR", "wheelchair_boarding": 0 }, "geometry": { "type": "Point", "coordinates": [ -77.21337, 38.71295 ] } },
{ "type": "Feature", "properties": { "stop_id": 1047, "stop_name": "LORTON STN BLVD @ PERCY SIMMS DR", "wheelchair_boarding": 0 }, "geometry": { "type": "Point", "coordinates": [ -77.213761, 38.71301 ] } },
{ "type": "Feature", "properties": { "stop_id": 1048, "stop_name": "MAPLE AVE @ BEULAH RD NE", "wheelchair_boarding": 0 }, "geometry": { "type": "Point", "coordinates": [ -77.25791, 38.90752 ] } },
{ "type": "Feature", "properties": { "stop_id": 1049, "stop_name": "MAPLE AVE @ BRANCH RD", "wheelchair_boarding": 0 }, "geometry": { "type": "Point", "coordinates": [ -77.259126, 38.90631 ] } },
{ "type": "Feature", "properties": { "stop_id": 1050, "stop_name": "MAPLE AVE @ CENTER ST", "wheelchair_boarding": 0 }, "geometry": { "type": "Point", "coordinates": [ -77.2651, 38.90178 ] } },
{ "type": "Feature", "properties": { "stop_id": 1051, "stop_name": "MAPLE AVE @ CENTER ST", "wheelchair_boarding": 0 }, "geometry": { "type": "Point", "coordinates": [ -77.264401, 38.902093 ] } },
{ "type": "Feature", "properties": { "stop_id": 1052, "stop_name": "MAPLE AVE @ EAST ST", "wheelchair_boarding": 0 }, "geometry": { "type": "Point", "coordinates": [ -77.25548, 38.90945 ] } },
{ "type": "Feature", "properties": { "stop_id": 1053, "stop_name": "MAPLE AVE @ EAST ST", "wheelchair_boarding": 0 }, "geometry": { "type": "Point", "coordinates": [ -77.255766, 38.908984 ] } },
{ "type": "Feature", "properties": { "stop_id": 1054, "stop_name": "MAPLE AVE @ FOLLIN LA", "wheelchair_boarding": 0 }, "geometry": { "type": "Point", "coordinates": [ -77.254915, 38.909654 ] } },
{ "type": "Feature", "properties": { "stop_id": 1055, "stop_name": "MAPLE AVE@ GLYNDON ST", "wheelchair_boarding": 0 }, "geometry": { "type": "Point", "coordinates": [ -77.26057, 38.90536 ] } },
{ "type": "Feature", "properties": { "stop_id": 1056, "stop_name": "MAPLE AVE @ LAWYERS RD", "wheelchair_boarding": 0 }, "geometry": { "type": "Point", "coordinates": [ -77.26727, 38.90003 ] } },
{ "type": "Feature", "properties": { "stop_id": 1057, "stop_name": "MALCOLM RD @ NUTLEY ST", "wheelchair_boarding": 0 }, "geometry": { "type": "Point", "coordinates": [ -77.277611, 38.902049 ] } },
{ "type": "Feature", "properties": { "stop_id": 1058, "stop_name": "MALCOLM RD @ ORCHARD ST", "wheelchair_boarding": 0 }, "geometry": { "type": "Point", "coordinates": [ -77.281088, 38.900007 ] } },
{ "type": "Feature", "properties": { "stop_id": 1059, "stop_name": "MALCOLM RD @ OAK VALE CT", "wheelchair_boarding": 0 }, "geometry": { "type": "Point", "coordinates": [ -77.282489, 38.899189 ] } },
{ "type": "Feature", "properties": { "stop_id": 1060, "stop_name": "MAPLE AVE @ PARK ST", "wheelchair_boarding": 0 }, "geometry": { "type": "Point", "coordinates": [ -77.26197, 38.90431 ] } },
{ "type": "Feature", "properties": { "stop_id": 1061, "stop_name": "MAPLE AVE @ PARK ST", "wheelchair_boarding": 0 }, "geometry": { "type": "Point", "coordinates": [ -77.263236, 38.903033 ] } },
{ "type": "Feature", "properties": { "stop_id": 1062, "stop_name": "MAPLE AVE @ GLYNDON ST", "wheelchair_boarding": 0 }, "geometry": { "type": "Point", "coordinates": [ -77.261814, 38.904162 ] } },
{ "type": "Feature", "properties": { "stop_id": 1064, "stop_name": "MANCHESTER BLVD @ ROCK RIDGE LA", "wheelchair_boarding": 0 }, "geometry": { "type": "Point", "coordinates": [ -77.148354, 38.764261 ] } },
{ "type": "Feature", "properties": { "stop_id": 1065, "stop_name": "MANCHESTER BLVD@ SILVER LAKE BLVD", "wheelchair_boarding": 0 }, "geometry": { "type": "Point", "coordinates": [ -77.154298, 38.765066 ] } },
{ "type": "Feature", "properties": { "stop_id": 1066, "stop_name": "MULBERRY BOTTOM LN @ LAURAL VALLEY", "wheelchair_boarding": 0 }, "geometry": { "type": "Point", "coordinates": [ -77.21689, 38.74669 ] } },
{ "type": "Feature", "properties": { "stop_id": 1067, "stop_name": "MARY BALDWIN DR @ SMITHWAY DR", "wheelchair_boarding": 0 }, "geometry": { "type": "Point", "coordinates": [ -77.07347, 38.76839 ] } },
{ "type": "Feature", "properties": { "stop_id": 1068, "stop_name": "MARY BALDWIN DR @ SMITHWAY DR", "wheelchair_boarding": 0 }, "geometry": { "type": "Point", "coordinates": [ -77.07314, 38.76822 ] } },
{ "type": "Feature", "properties": { "stop_id": 1070, "stop_name": "MEMORIAL ST @ SOUTH KINGS HWY", "wheelchair_boarding": 0 }, "geometry": { "type": "Point", "coordinates": [ -77.090871, 38.773681 ] } },
{ "type": "Feature", "properties": { "stop_id": 1071, "stop_name": "MEMORIAL ST @ SOUTH KINGS HWY", "wheelchair_boarding": 0 }, "geometry": { "type": "Point", "coordinates": [ -77.090738, 38.773624 ] } },
{ "type": "Feature", "properties": { "stop_id": 1072, "stop_name": "MCNAIR FARMS DR @ COPPERMINE RD", "wheelchair_boarding": 0 }, "geometry": { "type": "Point", "coordinates": [ -77.40963, 38.94705 ] } },
{ "type": "Feature", "properties": { "stop_id": 1073, "stop_name": "MCNAIR FARMS DR @ MASONS FERRY DR", "wheelchair_boarding": 0 }, "geometry": { "type": "Point", "coordinates": [ -77.40876, 38.94776 ] } },
{ "type": "Feature", "properties": { "stop_id": 1074, "stop_name": "MANCHESTER LAKES DR @ MANCHESTER BL", "wheelchair_boarding": 0 }, "geometry": { "type": "Point", "coordinates": [ -77.145196, 38.768055 ] } },
{ "type": "Feature", "properties": { "stop_id": 1077, "stop_name": "MANCHESTER LAKES @ OLD BRENTFORD CT", "wheelchair_boarding": 0 }, "geometry": { "type": "Point", "coordinates": [ -77.149328, 38.767178 ] } },
{ "type": "Feature", "properties": { "stop_id": 1079, "stop_name": "MANCHESTER LAKES @ SCHOONMAKER CT", "wheelchair_boarding": 0 }, "geometry": { "type": "Point", "coordinates": [ -77.150997, 38.764636 ] } },
{ "type": "Feature", "properties": { "stop_id": 1080, "stop_name": "MT VERNON MEM HWY @ CHERRYTREE DR", "wheelchair_boarding": 0 }, "geometry": { "type": "Point", "coordinates": [ -77.102221, 38.713399 ] } },
{ "type": "Feature", "properties": { "stop_id": 1081, "stop_name": "MT VERNON MEM HWY @ CHERRYTREE DR", "wheelchair_boarding": 0 }, "geometry": { "type": "Point", "coordinates": [ -77.10203, 38.71318 ] } },
{ "type": "Feature", "properties": { "stop_id": 1082, "stop_name": "MOUNT VERNON MEMORIAL HWY @ FOREST", "wheelchair_boarding": 0 }, "geometry": { "type": "Point", "coordinates": [ -77.11079, 38.70864 ] } },
{ "type": "Feature", "properties": { "stop_id": 1083, "stop_name": "MOUNT VERNON MEMORIAL HWY @ FOREST", "wheelchair_boarding": 0 }, "geometry": { "type": "Point", "coordinates": [ -77.11088, 38.70846 ] } },
{ "type": "Feature", "properties": { "stop_id": 1084, "stop_name": "MT VERN MEM HWY @ FERRY LANDING RD", "wheelchair_boarding": 0 }, "geometry": { "type": "Point", "coordinates": [ -77.1177, 38.70759 ] } },
{ "type": "Feature", "properties": { "stop_id": 1085, "stop_name": "MT VERNON MEM HWY @ GRIST MILL RD", "wheelchair_boarding": 0 }, "geometry": { "type": "Point", "coordinates": [ -77.1256, 38.7092 ] } },
{ "type": "Feature", "properties": { "stop_id": 1086, "stop_name": "MT VERNON MEM HWY @ GRIST MILL RD", "wheelchair_boarding": 0 }, "geometry": { "type": "Point", "coordinates": [ -77.12572, 38.70907 ] } },
{ "type": "Feature", "properties": { "stop_id": 1087, "stop_name": "MT VERNON MEM HWY @ MT VERNON RD", "wheelchair_boarding": 0 }, "geometry": { "type": "Point", "coordinates": [ -77.1287, 38.71055 ] } },
{ "type": "Feature", "properties": { "stop_id": 1088, "stop_name": "MT VERNON MEM HWY @ MT VERNON RD", "wheelchair_boarding": 0 }, "geometry": { "type": "Point", "coordinates": [ -77.12847, 38.71054 ] } },
{ "type": "Feature", "properties": { "stop_id": 1089, "stop_name": "MOUNT VERNON MEMORIAL HWY @ OLD MIL", "wheelchair_boarding": 0 }, "geometry": { "type": "Point", "coordinates": [ -77.11686, 38.70772 ] } },
{ "type": "Feature", "properties": { "stop_id": 1090, "stop_name": "MT VERNON MEM HWY @ OLD MILL RD", "wheelchair_boarding": 0 }, "geometry": { "type": "Point", "coordinates": [ -77.10088, 38.71394 ] } },
{ "type": "Feature", "properties": { "stop_id": 1091, "stop_name": "MOUNT VERNON MEMORIAL HWY @ PATTON", "wheelchair_boarding": 0 }, "geometry": { "type": "Point", "coordinates": [ -77.12242, 38.70836 ] } },
{ "type": "Feature", "properties": { "stop_id": 1092, "stop_name": "MT VERNON MEM HWY @ PATTON BLVD", "wheelchair_boarding": 0 }, "geometry": { "type": "Point", "coordinates": [ -77.12283, 38.7083 ] } },
{ "type": "Feature", "properties": { "stop_id": 1093, "stop_name": "MOUNT VERNON MEMORIAL HWY @ RICHMON", "wheelchair_boarding": 0 }, "geometry": { "type": "Point", "coordinates": [ -77.13244, 38.71598 ] } },
{ "type": "Feature", "properties": { "stop_id": 1094, "stop_name": "MOUNT VERNON MEMORIAL HWY @ RICHMON", "wheelchair_boarding": 0 }, "geometry": { "type": "Point", "coordinates": [ -77.13216, 38.71602 ] } },
{ "type": "Feature", "properties": { "stop_id": 1095, "stop_name": "MT VERNON MEM HWY @ SOUTHWOOD DR", "wheelchair_boarding": 0 }, "geometry": { "type": "Point", "coordinates": [ -77.10601, 38.71083 ] } },
{ "type": "Feature", "properties": { "stop_id": 1096, "stop_name": "MT VERNON MEM HWY @ SOUTHWOOD DR", "wheelchair_boarding": 0 }, "geometry": { "type": "Point", "coordinates": [ -77.10545, 38.71102 ] } },
{ "type": "Feature", "properties": { "stop_id": 1097, "stop_name": "MONUMENT DR @ FAIRFAX CORNER AVE", "wheelchair_boarding": 0 }, "geometry": { "type": "Point", "coordinates": [ -77.357041, 38.856522 ] } },
{ "type": "Feature", "properties": { "stop_id": 1098, "stop_name": "MONUMENT DR @ FAIRFAX CORNER AVE", "wheelchair_boarding": 0 }, "geometry": { "type": "Point", "coordinates": [ -77.356356, 38.856235 ] } },
{ "type": "Feature", "properties": { "stop_id": 1099, "stop_name": "MONUMENT DR @ FAIR LAKES PROMENADE", "wheelchair_boarding": 0 }, "geometry": { "type": "Point", "coordinates": [ -77.365858, 38.86052 ] } },
{ "type": "Feature", "properties": { "stop_id": 1100, "stop_name": "MONUMENT DR @ FAIR LAKES PROMENADE", "wheelchair_boarding": 0 }, "geometry": { "type": "Point", "coordinates": [ -77.365227, 38.860283 ] } },
{ "type": "Feature", "properties": { "stop_id": 1101, "stop_name": "MONUMENT DR @ FAIR RIDGE DR", "wheelchair_boarding": 1 }, "geometry": { "type": "Point", "coordinates": [ -77.37185, 38.866368 ] } },
{ "type": "Feature", "properties": { "stop_id": 1103, "stop_name": "MONUMENT DR @ MONUMENT HILL WAY", "wheelchair_boarding": 0 }, "geometry": { "type": "Point", "coordinates": [ -77.351479, 38.856076 ] } },
{ "type": "Feature", "properties": { "stop_id": 1104, "stop_name": "MONUMENT DR @ MONUMENT WAY", "wheelchair_boarding": 1 }, "geometry": { "type": "Point", "coordinates": [ -77.353918, 38.856306 ] } },
{ "type": "Feature", "properties": { "stop_id": 1107, "stop_name": "MONUMENT DR @ POLO DR", "wheelchair_boarding": 1 }, "geometry": { "type": "Point", "coordinates": [ -77.367797, 38.863118 ] } },
{ "type": "Feature", "properties": { "stop_id": 1108, "stop_name": "MONUMENT DR @ PARK VISTA BLVD", "wheelchair_boarding": 1 }, "geometry": { "type": "Point", "coordinates": [ -77.349915, 38.853992 ] } },
{ "type": "Feature", "properties": { "stop_id": 1109, "stop_name": "MT VERNON HWY @ ALBEE LA", "wheelchair_boarding": 0 }, "geometry": { "type": "Point", "coordinates": [ -77.09218, 38.73359 ] } },
{ "type": "Feature", "properties": { "stop_id": 1110, "stop_name": "MOUNT VERNON HWY @ BATTERSEA LN (S)", "wheelchair_boarding": 0 }, "geometry": { "type": "Point", "coordinates": [ -77.09048, 38.72368 ] } },
{ "type": "Feature", "properties": { "stop_id": 1111, "stop_name": "MOUNT VERNON HWY @ BATTERSEA LN (S)", "wheelchair_boarding": 0 }, "geometry": { "type": "Point", "coordinates": [ -77.09032, 38.7235 ] } },
{ "type": "Feature", "properties": { "stop_id": 1112, "stop_name": "MT VERNON HWY @ CUNNINGHAM DR", "wheelchair_boarding": 0 }, "geometry": { "type": "Point", "coordinates": [ -77.08924, 38.7175 ] } },
{ "type": "Feature", "properties": { "stop_id": 1113, "stop_name": "MOUNT VERNON MEMORIAL HWY @ GRIST M", "wheelchair_boarding": 0 }, "geometry": { "type": "Point", "coordinates": [ -77.131266, 38.714165 ] } },
{ "type": "Feature", "properties": { "stop_id": 1114, "stop_name": "MOUNT VERNON MEMOIRIAL HWY @ GRIST", "wheelchair_boarding": 0 }, "geometry": { "type": "Point", "coordinates": [ -77.13099, 38.71413 ] } },
{ "type": "Feature", "properties": { "stop_id": 1115, "stop_name": "MORNING VIEW LA @ ISLAND CREEK CT", "wheelchair_boarding": 0 }, "geometry": { "type": "Point", "coordinates": [ -77.17101, 38.74975 ] } },
{ "type": "Feature", "properties": { "stop_id": 1116, "stop_name": "MORNING VIEW LA @ JOHN THOMAS DR", "wheelchair_boarding": 0 }, "geometry": { "type": "Point", "coordinates": [ -77.17092, 38.74857 ] } },
{ "type": "Feature", "properties": { "stop_id": 1117, "stop_name": "MT VERN MEM HWY @ MT VERNON HWY W", "wheelchair_boarding": 0 }, "geometry": { "type": "Point", "coordinates": [ -77.08884, 38.71225 ] } },
{ "type": "Feature", "properties": { "stop_id": 1118, "stop_name": "MT VERN MEM HWY @ MT VERNON HWY E", "wheelchair_boarding": 0 }, "geometry": { "type": "Point", "coordinates": [ -77.088104, 38.711607 ] } },
{ "type": "Feature", "properties": { "stop_id": 1119, "stop_name": "MT VERNON HWY @ SUNNY VIEW DR", "wheelchair_boarding": 0 }, "geometry": { "type": "Point", "coordinates": [ -77.0915, 38.73581 ] } },
{ "type": "Feature", "properties": { "stop_id": 1120, "stop_name": "MORNING VIEW LA @ TASSIA DR", "wheelchair_boarding": 0 }, "geometry": { "type": "Point", "coordinates": [ -77.16959, 38.74557 ] } },
{ "type": "Feature", "properties": { "stop_id": 1121, "stop_name": "MORNING VIEW LA @ THOMAS GRANT DR", "wheelchair_boarding": 0 }, "geometry": { "type": "Point", "coordinates": [ -77.16957, 38.75145 ] } },
{ "type": "Feature", "properties": { "stop_id": 1123, "stop_name": "NEW DOMINION PKWY @ FOUNTAIN DR", "wheelchair_boarding": 0 }, "geometry": { "type": "Point", "coordinates": [ -77.35743, 38.96066 ] } },
{ "type": "Feature", "properties": { "stop_id": 1125, "stop_name": "NEW DOMINION PKWY @ RESTON PKWY", "wheelchair_boarding": 0 }, "geometry": { "type": "Point", "coordinates": [ -77.35548, 38.9604 ] } },
{ "type": "Feature", "properties": { "stop_id": 1128, "stop_name": "NEWINGTON FRST AVE@CURVING CREEK CT", "wheelchair_boarding": 0 }, "geometry": { "type": "Point", "coordinates": [ -77.24261, 38.73876 ] } },
{ "type": "Feature", "properties": { "stop_id": 1129, "stop_name": "NEWINGTON FRST AVE@CURVING CREEK CT", "wheelchair_boarding": 0 }, "geometry": { "type": "Point", "coordinates": [ -77.24276, 38.73849 ] } },
{ "type": "Feature", "properties": { "stop_id": 1131, "stop_name": "NEWINGTON FRST AVE@FALLING LEAF RD", "wheelchair_boarding": 0 }, "geometry": { "type": "Point", "coordinates": [ -77.2398, 38.743 ] } },
{ "type": "Feature", "properties": { "stop_id": 1133, "stop_name": "NEWINGTON FIRST AVE @ SUMMER BREEZE", "wheelchair_boarding": 0 }, "geometry": { "type": "Point", "coordinates": [ -77.24019, 38.74043 ] } },
{ "type": "Feature", "properties": { "stop_id": 1134, "stop_name": "NEWINGTON FRST AVE@TREASURE TREE CT", "wheelchair_boarding": 0 }, "geometry": { "type": "Point", "coordinates": [ -77.2504, 38.74023 ] } },
{ "type": "Feature", "properties": { "stop_id": 1136, "stop_name": "NEWINGTON FRST AVE @ WILLOWDALE CT", "wheelchair_boarding": 0 }, "geometry": { "type": "Point", "coordinates": [ -77.24654, 38.73819 ] } },
{ "type": "Feature", "properties": { "stop_id": 1137, "stop_name": "NEW GUINEA RD @ COLONY VIEW DR", "wheelchair_boarding": 0 }, "geometry": { "type": "Point", "coordinates": [ -77.301034, 38.799686 ] } },
{ "type": "Feature", "properties": { "stop_id": 1138, "stop_name": "NORTH KINGS HWY @ FAIRHAVEN AVE", "wheelchair_boarding": 0 }, "geometry": { "type": "Point", "coordinates": [ -77.07768, 38.7862 ] } },
{ "type": "Feature", "properties": { "stop_id": 1139, "stop_name": "NORTH KINGS HWY @ FAIRHAVEN AVE", "wheelchair_boarding": 0 }, "geometry": { "type": "Point", "coordinates": [ -77.0779, 38.78607 ] } },
{ "type": "Feature", "properties": { "stop_id": 1140, "stop_name": "NORTH KINGS HWY @ FORT DR", "wheelchair_boarding": 0 }, "geometry": { "type": "Point", "coordinates": [ -77.07635, 38.78919 ] } },
{ "type": "Feature", "properties": { "stop_id": 1141, "stop_name": "NORTH KINGS HWY @ FORT DR", "wheelchair_boarding": 0 }, "geometry": { "type": "Point", "coordinates": [ -77.07659, 38.78923 ] } },
{ "type": "Feature", "properties": { "stop_id": 1142, "stop_name": "N KINGS HWY @ 6000 N KINGS HWY", "wheelchair_boarding": 0 }, "geometry": { "type": "Point", "coordinates": [ -77.07752, 38.78764 ] } },
{ "type": "Feature", "properties": { "stop_id": 1143, "stop_name": "NORTH KINGS HWY @ JAMAICA DR", "wheelchair_boarding": 0 }, "geometry": { "type": "Point", "coordinates": [ -77.0777, 38.78478 ] } },
{ "type": "Feature", "properties": { "stop_id": 1144, "stop_name": "NORTH KINGS HWY @ POAG ST", "wheelchair_boarding": 0 }, "geometry": { "type": "Point", "coordinates": [ -77.07883, 38.78224 ] } },
{ "type": "Feature", "properties": { "stop_id": 1145, "stop_name": "NORTH KINGS HWY @ SCHOOL ST", "wheelchair_boarding": 0 }, "geometry": { "type": "Point", "coordinates": [ -77.07817, 38.78408 ] } },
{ "type": "Feature", "properties": { "stop_id": 1146, "stop_name": "NORTON RD @ KINGS CROSS RD", "wheelchair_boarding": 0 }, "geometry": { "type": "Point", "coordinates": [ -77.09325, 38.7946 ] } },
{ "type": "Feature", "properties": { "stop_id": 1147, "stop_name": "NORTON RD @ KINGS CROSS RD", "wheelchair_boarding": 0 }, "geometry": { "type": "Point", "coordinates": [ -77.09343, 38.79451 ] } },
{ "type": "Feature", "properties": { "stop_id": 1148, "stop_name": "NORTHUMBERLAND RD @ LAKE PLEASANT D", "wheelchair_boarding": 0 }, "geometry": { "type": "Point", "coordinates": [ -77.21521, 38.73538 ] } },
{ "type": "Feature", "properties": { "stop_id": 1149, "stop_name": "N SHORE DR @ NORTHGATE SQ", "wheelchair_boarding": 0 }, "geometry": { "type": "Point", "coordinates": [ -77.33613, 38.97023 ] } },
{ "type": "Feature", "properties": { "stop_id": 1150, "stop_name": "NORTHUMBERLAND RD @ ROLLING RD", "wheelchair_boarding": 0 }, "geometry": { "type": "Point", "coordinates": [ -77.20966, 38.73071 ] } },
{ "type": "Feature", "properties": { "stop_id": 1151, "stop_name": "N SHORE DR @ BECONTREE LA", "wheelchair_boarding": 0 }, "geometry": { "type": "Point", "coordinates": [ -77.33117, 38.9699 ] } },
{ "type": "Feature", "properties": { "stop_id": 1152, "stop_name": "N SHORE DR @ CAMERON CRESCENT DR", "wheelchair_boarding": 0 }, "geometry": { "type": "Point", "coordinates": [ -77.33921, 38.96941 ] } },
{ "type": "Feature", "properties": { "stop_id": 1153, "stop_name": "N SHORE DR @ LAKE ANNE VILLAGE CTR", "wheelchair_boarding": 0 }, "geometry": { "type": "Point", "coordinates": [ -77.34012, 38.97003 ] } },
{ "type": "Feature", "properties": { "stop_id": 1154, "stop_name": "N SHORE DR @ CLUBHOUSE RD", "wheelchair_boarding": 0 }, "geometry": { "type": "Point", "coordinates": [ -77.34673, 38.9641 ] } },
{ "type": "Feature", "properties": { "stop_id": 1155, "stop_name": "N SHORE DR @ N SHORE DR", "wheelchair_boarding": 0 }, "geometry": { "type": "Point", "coordinates": [ -77.34581, 38.96487 ] } },
{ "type": "Feature", "properties": { "stop_id": 1156, "stop_name": "N SHORE DR @ CHARTER OAK CT", "wheelchair_boarding": 0 }, "geometry": { "type": "Point", "coordinates": [ -77.34883, 38.95913 ] } },
{ "type": "Feature", "properties": { "stop_id": 1157, "stop_name": "N SHORE DR @ CHARTER OAK CT", "wheelchair_boarding": 0 }, "geometry": { "type": "Point", "coordinates": [ -77.34885, 38.95893 ] } },
{ "type": "Feature", "properties": { "stop_id": 1158, "stop_name": "N SHORE DR @ FAIRWAY DR", "wheelchair_boarding": 0 }, "geometry": { "type": "Point", "coordinates": [ -77.34471, 38.96546 ] } },
{ "type": "Feature", "properties": { "stop_id": 1159, "stop_name": "N SHORE DR @ FAIRWAY DR", "wheelchair_boarding": 0 }, "geometry": { "type": "Point", "coordinates": [ -77.3443, 38.96536 ] } },
{ "type": "Feature", "properties": { "stop_id": 1160, "stop_name": "N SHORE DR @ FOREST EDGE DR", "wheelchair_boarding": 0 }, "geometry": { "type": "Point", "coordinates": [ -77.33137, 38.96995 ] } },
{ "type": "Feature", "properties": { "stop_id": 1161, "stop_name": "N SHORE DR @ GREENMONT CT", "wheelchair_boarding": 0 }, "geometry": { "type": "Point", "coordinates": [ -77.32988, 38.97034 ] } },
{ "type": "Feature", "properties": { "stop_id": 1162, "stop_name": "N SHORE DR @ GREENMONT CT", "wheelchair_boarding": 0 }, "geometry": { "type": "Point", "coordinates": [ -77.32976, 38.97025 ] } },
{ "type": "Feature", "properties": { "stop_id": 1163, "stop_name": "N SHORE DR @ GOLF VIEW CT", "wheelchair_boarding": 0 }, "geometry": { "type": "Point", "coordinates": [ -77.34513, 38.95658 ] } },
{ "type": "Feature", "properties": { "stop_id": 1164, "stop_name": "N SHORE DR @ HICKORY CL", "wheelchair_boarding": 0 }, "geometry": { "type": "Point", "coordinates": [ -77.3431, 38.96653 ] } },
{ "type": "Feature", "properties": { "stop_id": 1165, "stop_name": "N SHORE DR @ IVY OAK SQ N", "wheelchair_boarding": 0 }, "geometry": { "type": "Point", "coordinates": [ -77.34816, 38.95849 ] } },
{ "type": "Feature", "properties": { "stop_id": 1166, "stop_name": "N SHORE DR @ IVY OAK SQ", "wheelchair_boarding": 0 }, "geometry": { "type": "Point", "coordinates": [ -77.34732, 38.95725 ] } },
{ "type": "Feature", "properties": { "stop_id": 1167, "stop_name": "N SHORE DR @ IVY OAK SQ S", "wheelchair_boarding": 0 }, "geometry": { "type": "Point", "coordinates": [ -77.34705, 38.95725 ] } },
{ "type": "Feature", "properties": { "stop_id": 1168, "stop_name": "N SHORE DR @ LINKS DR E", "wheelchair_boarding": 0 }, "geometry": { "type": "Point", "coordinates": [ -77.33882, 38.95797 ] } },
{ "type": "Feature", "properties": { "stop_id": 1169, "stop_name": "N SHORE DR @ LINKS DR E", "wheelchair_boarding": 0 }, "geometry": { "type": "Point", "coordinates": [ -77.33794, 38.95835 ] } },
{ "type": "Feature", "properties": { "stop_id": 1170, "stop_name": "N SHORE DR @ LINKS DR W", "wheelchair_boarding": 0 }, "geometry": { "type": "Point", "coordinates": [ -77.34291, 38.95637 ] } },
{ "type": "Feature", "properties": { "stop_id": 1171, "stop_name": "N SHORE DR @ LINKS DR W", "wheelchair_boarding": 0 }, "geometry": { "type": "Point", "coordinates": [ -77.34232, 38.95601 ] } },
{ "type": "Feature", "properties": { "stop_id": 1172, "stop_name": "N SHORE DR @ MOORINGS DR", "wheelchair_boarding": 0 }, "geometry": { "type": "Point", "coordinates": [ -77.33853, 38.96933 ] } },
{ "type": "Feature", "properties": { "stop_id": 1173, "stop_name": "INOVA MT VERNON HOSPITAL", "wheelchair_boarding": 0 }, "geometry": { "type": "Point", "coordinates": [ -77.076109, 38.740494 ] } },
{ "type": "Feature", "properties": { "stop_id": 1174, "stop_name": "N SHORE DR @ MAPLE RIDGE RD", "wheelchair_boarding": 0 }, "geometry": { "type": "Point", "coordinates": [ -77.34358, 38.9683 ] } },
{ "type": "Feature", "properties": { "stop_id": 1175, "stop_name": "N SHORE DR @ WASHINGTON PLZ W", "wheelchair_boarding": 0 }, "geometry": { "type": "Point", "coordinates": [ -77.3434, 38.96843 ] } },
{ "type": "Feature", "properties": { "stop_id": 1176, "stop_name": "N SHORE DR @ NORTHGATE SQ", "wheelchair_boarding": 0 }, "geometry": { "type": "Point", "coordinates": [ -77.33549, 38.96997 ] } },
{ "type": "Feature", "properties": { "stop_id": 1177, "stop_name": "N SHORE DR @ CLUBHOUSE RD", "wheelchair_boarding": 0 }, "geometry": { "type": "Point", "coordinates": [ -77.34635, 38.96454 ] } },
{ "type": "Feature", "properties": { "stop_id": 1178, "stop_name": "N SHORE DR @ TEMPORARY RD", "wheelchair_boarding": 0 }, "geometry": { "type": "Point", "coordinates": [ -77.35032, 38.95996 ] } },
{ "type": "Feature", "properties": { "stop_id": 1179, "stop_name": "N SHORE DR @ OUTLET RD", "wheelchair_boarding": 0 }, "geometry": { "type": "Point", "coordinates": [ -77.35043, 38.95991 ] } },
{ "type": "Feature", "properties": { "stop_id": 1181, "stop_name": "N SHORE DR @ WEDGE DR", "wheelchair_boarding": 0 }, "geometry": { "type": "Point", "coordinates": [ -77.33621, 38.95822 ] } },
{ "type": "Feature", "properties": { "stop_id": 1182, "stop_name": "N SHORE DR @ RING RD", "wheelchair_boarding": 0 }, "geometry": { "type": "Point", "coordinates": [ -77.32723, 38.97005 ] } },
{ "type": "Feature", "properties": { "stop_id": 1183, "stop_name": "N SHORE DR @ RING RD", "wheelchair_boarding": 0 }, "geometry": { "type": "Point", "coordinates": [ -77.32687, 38.96998 ] } },
{ "type": "Feature", "properties": { "stop_id": 1185, "stop_name": "N SHORE DR @ LAKE ANNE VILLAGE CTR", "wheelchair_boarding": 0 }, "geometry": { "type": "Point", "coordinates": [ -77.3404, 38.9701 ] } },
{ "type": "Feature", "properties": { "stop_id": 1186, "stop_name": "N SHORE DR @ WATERVIEW CL", "wheelchair_boarding": 0 }, "geometry": { "type": "Point", "coordinates": [ -77.34293, 38.96643 ] } },
{ "type": "Feature", "properties": { "stop_id": 1187, "stop_name": "N SHORE DR @ WEDGE DR", "wheelchair_boarding": 0 }, "geometry": { "type": "Point", "coordinates": [ -77.33577, 38.95826 ] } },
{ "type": "Feature", "properties": { "stop_id": 1188, "stop_name": "N SHORE DR @ WIEHLE AVE", "wheelchair_boarding": 0 }, "geometry": { "type": "Point", "coordinates": [ -77.33443, 38.96992 ] } },
{ "type": "Feature", "properties": { "stop_id": 1189, "stop_name": "N SHORE DR @ WIEHLE AVE", "wheelchair_boarding": 0 }, "geometry": { "type": "Point", "coordinates": [ -77.33267, 38.96967 ] } },
{ "type": "Feature", "properties": { "stop_id": 1190, "stop_name": "N SHORE DR @ FELLOWSHIP SQ", "wheelchair_boarding": 0 }, "geometry": { "type": "Point", "coordinates": [ -77.34209, 38.9694 ] } },
{ "type": "Feature", "properties": { "stop_id": 1191, "stop_name": "N SHORE DR @ WASHINGTON PLZ", "wheelchair_boarding": 0 }, "geometry": { "type": "Point", "coordinates": [ -77.34214, 38.96913 ] } },
{ "type": "Feature", "properties": { "stop_id": 1192, "stop_name": "LAKE ANNE FELLOWSHIP HOUSE", "wheelchair_boarding": 0 }, "geometry": { "type": "Point", "coordinates": [ -77.34275, 38.96951 ] } },
{ "type": "Feature", "properties": { "stop_id": 1193, "stop_name": "NORTH SHORE DR @ WAINWRIGHT DR (N)", "wheelchair_boarding": 0 }, "geometry": { "type": "Point", "coordinates": [ -77.34957, 38.96384 ] } },
{ "type": "Feature", "properties": { "stop_id": 1194, "stop_name": "N SHORE DR @ WAINWRIGHT DR N", "wheelchair_boarding": 0 }, "geometry": { "type": "Point", "coordinates": [ -77.34875, 38.96384 ] } },
{ "type": "Feature", "properties": { "stop_id": 1195, "stop_name": "NORTH SHORE DR @ WAINWRIGHT DR (SOU", "wheelchair_boarding": 0 }, "geometry": { "type": "Point", "coordinates": [ -77.35083, 38.96295 ] } },
{ "type": "Feature", "properties": { "stop_id": 1196, "stop_name": "NORTH SHORE DR @ WAINWRIGHT DR (SOU", "wheelchair_boarding": 0 }, "geometry": { "type": "Point", "coordinates": [ -77.35025, 38.96334 ] } },
{ "type": "Feature", "properties": { "stop_id": 1197, "stop_name": "NUTLEY ST @ COURTHOUSE RD", "wheelchair_boarding": 0 }, "geometry": { "type": "Point", "coordinates": [ -77.271137, 38.891062 ] } },
{ "type": "Feature", "properties": { "stop_id": 1198, "stop_name": "NUTLEY ST @ COURTHOUSE RD", "wheelchair_boarding": 0 }, "geometry": { "type": "Point", "coordinates": [ -77.27132, 38.89095 ] } },
{ "type": "Feature", "properties": { "stop_id": 1199, "stop_name": "NUTLEY ST @ KINGSLEY RD", "wheelchair_boarding": 0 }, "geometry": { "type": "Point", "coordinates": [ -77.26832, 38.884 ] } },
{ "type": "Feature", "properties": { "stop_id": 1200, "stop_name": "NUTLEY ST @ KINGSLEY RD", "wheelchair_boarding": 0 }, "geometry": { "type": "Point", "coordinates": [ -77.26798, 38.88377 ] } },
{ "type": "Feature", "properties": { "stop_id": 1201, "stop_name": "NUTLEY ST @ ROLAND ST", "wheelchair_boarding": 0 }, "geometry": { "type": "Point", "coordinates": [ -77.27273, 38.89277 ] } },
{ "type": "Feature", "properties": { "stop_id": 1202, "stop_name": "NUTLEY ST @ ROLAND ST", "wheelchair_boarding": 0 }, "geometry": { "type": "Point", "coordinates": [ -77.272574, 38.892927 ] } },
{ "type": "Feature", "properties": { "stop_id": 1203, "stop_name": "NUTLEY ST @ TAPAWINGO RD", "wheelchair_boarding": 0 }, "geometry": { "type": "Point", "coordinates": [ -77.26942, 38.88652 ] } },
{ "type": "Feature", "properties": { "stop_id": 1204, "stop_name": "NUTLEY ST @ TAPAWINGO RD", "wheelchair_boarding": 0 }, "geometry": { "type": "Point", "coordinates": [ -77.26905, 38.88626 ] } },
{ "type": "Feature", "properties": { "stop_id": 1205, "stop_name": "OLD KEENE MILL RD @ AINSWORTH AVE", "wheelchair_boarding": 0 }, "geometry": { "type": "Point", "coordinates": [ -77.226406, 38.78069 ] } },
{ "type": "Feature", "properties": { "stop_id": 1206, "stop_name": "OLD KEENE MILL RD @ AINSWORTH AVE", "wheelchair_boarding": 0 }, "geometry": { "type": "Point", "coordinates": [ -77.22611, 38.78046 ] } },
{ "type": "Feature", "properties": { "stop_id": 1207, "stop_name": "OLD KEENE MILL RD @ BARDU AVE", "wheelchair_boarding": 0 }, "geometry": { "type": "Point", "coordinates": [ -77.222958, 38.780111 ] } },
{ "type": "Feature", "properties": { "stop_id": 1208, "stop_name": "OLD KEENE MILL RD @ BYRON AVE", "wheelchair_boarding": 0 }, "geometry": { "type": "Point", "coordinates": [ -77.20219, 38.77593 ] } },
{ "type": "Feature", "properties": { "stop_id": 1209, "stop_name": "OLD KEENE MILL RD @ CARRLEIGH PKWY", "wheelchair_boarding": 0 }, "geometry": { "type": "Point", "coordinates": [ -77.228978, 38.780271 ] } },
{ "type": "Feature", "properties": { "stop_id": 1210, "stop_name": "OLD KEENE MILL RD @ CARRLEIGH PKWY", "wheelchair_boarding": 0 }, "geometry": { "type": "Point", "coordinates": [ -77.22843, 38.78014 ] } },
{ "type": "Feature", "properties": { "stop_id": 1211, "stop_name": "OLD KEENE MILL RD @ COMMERCE ST", "wheelchair_boarding": 0 }, "geometry": { "type": "Point", "coordinates": [ -77.19179, 38.77802 ] } },
{ "type": "Feature", "properties": { "stop_id": 1212, "stop_name": "OLD KEENE MILL RD @ ENGLISH IVY CT", "wheelchair_boarding": 0 }, "geometry": { "type": "Point", "coordinates": [ -77.239289, 38.777733 ] } },
{ "type": "Feature", "properties": { "stop_id": 1213, "stop_name": "OLD KEENE MILL RD @ FIELD MASTER DR", "wheelchair_boarding": 0 }, "geometry": { "type": "Point", "coordinates": [ -77.25528, 38.77294 ] } },
{ "type": "Feature", "properties": { "stop_id": 1214, "stop_name": "OLD KEENE MILL RD @ GREELEY BLVD", "wheelchair_boarding": 0 }, "geometry": { "type": "Point", "coordinates": [ -77.21641, 38.77618 ] } },
{ "type": "Feature", "properties": { "stop_id": 1215, "stop_name": "OLD KEENE MILL RD @ GREELEY BLVD", "wheelchair_boarding": 0 }, "geometry": { "type": "Point", "coordinates": [ -77.21564, 38.77562 ] } },
{ "type": "Feature", "properties": { "stop_id": 1216, "stop_name": "OLD KEENE MILL RD @ HARWOOD PL", "wheelchair_boarding": 0 }, "geometry": { "type": "Point", "coordinates": [ -77.21018, 38.77437 ] } },
{ "type": "Feature", "properties": { "stop_id": 1217, "stop_name": "OLD KEENE MILL RD @ HARWOOD PL", "wheelchair_boarding": 0 }, "geometry": { "type": "Point", "coordinates": [ -77.21014, 38.77411 ] } },
{ "type": "Feature", "properties": { "stop_id": 1218, "stop_name": "OLD KEENE MILL RD @ HANOVER AVE", "wheelchair_boarding": 0 }, "geometry": { "type": "Point", "coordinates": [ -77.19528, 38.7777 ] } },
{ "type": "Feature", "properties": { "stop_id": 1219, "stop_name": "OLD KEENE MILL RD @ WESTMORE DR E", "wheelchair_boarding": 0 }, "geometry": { "type": "Point", "coordinates": [ -77.19518, 38.77741 ] } },
{ "type": "Feature", "properties": { "stop_id": 1220, "stop_name": "OLD KEENE MILL RD @ HUNTSMAN BLVD", "wheelchair_boarding": 0 }, "geometry": { "type": "Point", "coordinates": [ -77.24842, 38.77415 ] } },
{ "type": "Feature", "properties": { "stop_id": 1221, "stop_name": "OLD KEENE MILL RD@HUNTER VILLAGE DR", "wheelchair_boarding": 0 }, "geometry": { "type": "Point", "coordinates": [ -77.20574, 38.77439 ] } },
{ "type": "Feature", "properties": { "stop_id": 1222, "stop_name": "OLD KEENE MILL RD @ JANSEN DR", "wheelchair_boarding": 0 }, "geometry": { "type": "Point", "coordinates": [ -77.220463, 38.778487 ] } },
{ "type": "Feature", "properties": { "stop_id": 1223, "stop_name": "OLD KEENE MILL RD @ JANSEN DR", "wheelchair_boarding": 0 }, "geometry": { "type": "Point", "coordinates": [ -77.22067, 38.77833 ] } },
{ "type": "Feature", "properties": { "stop_id": 1224, "stop_name": "OLD KEENE MILL RD @ KEENE DR", "wheelchair_boarding": 0 }, "geometry": { "type": "Point", "coordinates": [ -77.25918, 38.7734 ] } },
{ "type": "Feature", "properties": { "stop_id": 1226, "stop_name": "OLD KEENE MILL RD @ MILLWOOD DR", "wheelchair_boarding": 0 }, "geometry": { "type": "Point", "coordinates": [ -77.23695, 38.77829 ] } },
{ "type": "Feature", "properties": { "stop_id": 1227, "stop_name": "OLD KEENE MILL RD @ ROLLING RD", "wheelchair_boarding": 0 }, "geometry": { "type": "Point", "coordinates": [ -77.231714, 38.779693 ] } },
{ "type": "Feature", "properties": { "stop_id": 1228, "stop_name": "OLD KEENE MILL RD @ KEENE MILL CTR", "wheelchair_boarding": 0 }, "geometry": { "type": "Point", "coordinates": [ -77.23487, 38.77877 ] } },
{ "type": "Feature", "properties": { "stop_id": 1229, "stop_name": "OLD KEENE MILL RD @ ROLLING RD", "wheelchair_boarding": 0 }, "geometry": { "type": "Point", "coordinates": [ -77.23145, 38.77949 ] } },
{ "type": "Feature", "properties": { "stop_id": 1230, "stop_name": "OLD KEENE MILL RD @ TIVERTON DR", "wheelchair_boarding": 0 }, "geometry": { "type": "Point", "coordinates": [ -77.20626, 38.77456 ] } },
{ "type": "Feature", "properties": { "stop_id": 1231, "stop_name": "OLD KEENE MILL RD @ WESTMORE DR W", "wheelchair_boarding": 0 }, "geometry": { "type": "Point", "coordinates": [ -77.20193, 38.77575 ] } },
{ "type": "Feature", "properties": { "stop_id": 1232, "stop_name": "OLD KEENE MILL RD @ WYNGATE DR", "wheelchair_boarding": 0 }, "geometry": { "type": "Point", "coordinates": [ -77.24374, 38.7765 ] } },
{ "type": "Feature", "properties": { "stop_id": 1236, "stop_name": "OX TR @ JOSEPH SIEWICK", "wheelchair_boarding": 1 }, "geometry": { "type": "Point", "coordinates": [ -77.37932, 38.88825 ] } },
{ "type": "Feature", "properties": { "stop_id": 1238, "stop_name": "OX TR @ WEST OX RD", "wheelchair_boarding": 1 }, "geometry": { "type": "Point", "coordinates": [ -77.37863, 38.88832 ] } },
{ "type": "Feature", "properties": { "stop_id": 1239, "stop_name": "THE PARKWAY @ AUSTIN AVE", "wheelchair_boarding": 0 }, "geometry": { "type": "Point", "coordinates": [ -77.09538, 38.78237 ] } },
{ "type": "Feature", "properties": { "stop_id": 1240, "stop_name": "PARK AVE @ BALLOU ST", "wheelchair_boarding": 0 }, "geometry": { "type": "Point", "coordinates": [ -77.386306, 38.974249 ] } },
{ "type": "Feature", "properties": { "stop_id": 1241, "stop_name": "PARK AVE @ BRANCH DR", "wheelchair_boarding": 0 }, "geometry": { "type": "Point", "coordinates": [ -77.38702, 38.97421 ] } },
{ "type": "Feature", "properties": { "stop_id": 1242, "stop_name": "PARK AVE @ BRANCH DR", "wheelchair_boarding": 0 }, "geometry": { "type": "Point", "coordinates": [ -77.390006, 38.97571 ] } },
{ "type": "Feature", "properties": { "stop_id": 1243, "stop_name": "THE PARKWAY @ DORSET DR", "wheelchair_boarding": 0 }, "geometry": { "type": "Point", "coordinates": [ -77.09957, 38.7747 ] } },
{ "type": "Feature", "properties": { "stop_id": 1244, "stop_name": "THE PARKWAY @ DORSET DR", "wheelchair_boarding": 0 }, "geometry": { "type": "Point", "coordinates": [ -77.09937, 38.7743 ] } },
{ "type": "Feature", "properties": { "stop_id": 1245, "stop_name": "PARK AVE @ DRANESVILLE RD", "wheelchair_boarding": 0 }, "geometry": { "type": "Point", "coordinates": [ -77.378665, 38.977737 ] } },
{ "type": "Feature", "properties": { "stop_id": 1246, "stop_name": "THE PARKWAY @ GENTELE CT", "wheelchair_boarding": 0 }, "geometry": { "type": "Point", "coordinates": [ -77.09597, 38.78037 ] } },
{ "type": "Feature", "properties": { "stop_id": 1247, "stop_name": "PARK AVE @ GRANT ST", "wheelchair_boarding": 0 }, "geometry": { "type": "Point", "coordinates": [ -77.38057, 38.97657 ] } },
{ "type": "Feature", "properties": { "stop_id": 1248, "stop_name": "PARK AVE @ GRANT ST", "wheelchair_boarding": 0 }, "geometry": { "type": "Point", "coordinates": [ -77.380517, 38.976501 ] } },
{ "type": "Feature", "properties": { "stop_id": 1249, "stop_name": "PARCHER AVE @ HUSTON PL", "wheelchair_boarding": 0 }, "geometry": { "type": "Point", "coordinates": [ -77.405143, 38.961273 ] } },
{ "type": "Feature", "properties": { "stop_id": 1250, "stop_name": "PARCHER AVE @ SPRINGER DR W", "wheelchair_boarding": 0 }, "geometry": { "type": "Point", "coordinates": [ -77.407192, 38.962559 ] } },
{ "type": "Feature", "properties": { "stop_id": 1252, "stop_name": "THE PARKWAY @ MEMORIAL ST", "wheelchair_boarding": 0 }, "geometry": { "type": "Point", "coordinates": [ -77.09592, 38.78001 ] } },
{ "type": "Feature", "properties": { "stop_id": 1253, "stop_name": "THE PARKWAY @ PROSPECT TER", "wheelchair_boarding": 0 }, "geometry": { "type": "Point", "coordinates": [ -77.09907, 38.77634 ] } },
{ "type": "Feature", "properties": { "stop_id": 1254, "stop_name": "THE PARKWAY @ PROSPECT TER", "wheelchair_boarding": 0 }, "geometry": { "type": "Point", "coordinates": [ -77.0986, 38.77673 ] } },
{ "type": "Feature", "properties": { "stop_id": 1255, "stop_name": "PARKERS LA @ SHERWOOD HALL LA", "wheelchair_boarding": 0 }, "geometry": { "type": "Point", "coordinates": [ -77.07633, 38.74215 ] } },
{ "type": "Feature", "properties": { "stop_id": 1256, "stop_name": "THE PARKWAY @ S KINGS HWY", "wheelchair_boarding": 0 }, "geometry": { "type": "Point", "coordinates": [ -77.09916, 38.77281 ] } },
{ "type": "Feature", "properties": { "stop_id": 1257, "stop_name": "THE PARKWAY @ S KINGS HWY", "wheelchair_boarding": 0 }, "geometry": { "type": "Point", "coordinates": [ -77.09927, 38.77273 ] } },
{ "type": "Feature", "properties": { "stop_id": 1258, "stop_name": "PARCHER AVE @ SPRINGER DR E", "wheelchair_boarding": 0 }, "geometry": { "type": "Point", "coordinates": [ -77.403712, 38.960398 ] } },
{ "type": "Feature", "properties": { "stop_id": 1261, "stop_name": "THE PARKWAY @ TELEGRAPH RD", "wheelchair_boarding": 0 }, "geometry": { "type": "Point", "coordinates": [ -77.09527, 38.78472 ] } },
{ "type": "Feature", "properties": { "stop_id": 1262, "stop_name": "THE PARKWAY @ TELEGRAPH RD", "wheelchair_boarding": 0 }, "geometry": { "type": "Point", "coordinates": [ -77.09513, 38.78476 ] } },
{ "type": "Feature", "properties": { "stop_id": 1263, "stop_name": "THE PARKWAY @ TRIGGER CT", "wheelchair_boarding": 0 }, "geometry": { "type": "Point", "coordinates": [ -77.09544, 38.7826 ] } },
{ "type": "Feature", "properties": { "stop_id": 1264, "stop_name": "PARK CENTER RD @ TOWERVIEW RD", "wheelchair_boarding": 0 }, "geometry": { "type": "Point", "coordinates": [ -77.42448, 38.93167 ] } },
{ "type": "Feature", "properties": { "stop_id": 1270, "stop_name": "POST FOREST DR @ CEDAR FOREST DR", "wheelchair_boarding": 0 }, "geometry": { "type": "Point", "coordinates": [ -77.366061, 38.855399 ] } },
{ "type": "Feature", "properties": { "stop_id": 1271, "stop_name": "POST FOREST DR @ LINCOLN CREST ST", "wheelchair_boarding": 0 }, "geometry": { "type": "Point", "coordinates": [ -77.368152, 38.856154 ] } },
{ "type": "Feature", "properties": { "stop_id": 1272, "stop_name": "POST FOREST DR @ BLACK IRONWOOD DR", "wheelchair_boarding": 0 }, "geometry": { "type": "Point", "coordinates": [ -77.367977, 38.85589 ] } },
{ "type": "Feature", "properties": { "stop_id": 1273, "stop_name": "POST FOREST DR @ RANDOM HILLS RD", "wheelchair_boarding": 0 }, "geometry": { "type": "Point", "coordinates": [ -77.363778, 38.855023 ] } },
{ "type": "Feature", "properties": { "stop_id": 1274, "stop_name": "POST FOREST DR @ LEGATO RD", "wheelchair_boarding": 0 }, "geometry": { "type": "Point", "coordinates": [ -77.364451, 38.855026 ] } },
{ "type": "Feature", "properties": { "stop_id": 1275, "stop_name": "POST FOREST DR @ WEST OX RD", "wheelchair_boarding": 1 }, "geometry": { "type": "Point", "coordinates": [ -77.370726, 38.856489 ] } },
{ "type": "Feature", "properties": { "stop_id": 1277, "stop_name": "PINECREST RD @ CAPTIVA CT", "wheelchair_boarding": 0 }, "geometry": { "type": "Point", "coordinates": [ -77.36622, 38.942 ] } },
{ "type": "Feature", "properties": { "stop_id": 1278, "stop_name": "PINECREST RD @ FOX MILL RD", "wheelchair_boarding": 0 }, "geometry": { "type": "Point", "coordinates": [ -77.378732, 38.932937 ] } },
{ "type": "Feature", "properties": { "stop_id": 1279, "stop_name": "PINECREST RD @ GLADE DR", "wheelchair_boarding": 0 }, "geometry": { "type": "Point", "coordinates": [ -77.36689, 38.94105 ] } },
{ "type": "Feature", "properties": { "stop_id": 1280, "stop_name": "PINECREST RD @ MAGNA CARTA RD", "wheelchair_boarding": 0 }, "geometry": { "type": "Point", "coordinates": [ -77.381091, 38.932414 ] } },
{ "type": "Feature", "properties": { "stop_id": 1281, "stop_name": "PINECREST RD @ VIKING DR", "wheelchair_boarding": 0 }, "geometry": { "type": "Point", "coordinates": [ -77.383028, 38.93183 ] } },
{ "type": "Feature", "properties": { "stop_id": 1282, "stop_name": "14100 PARK MEADOW DR", "wheelchair_boarding": 0 }, "geometry": { "type": "Point", "coordinates": [ -77.43702, 38.870843 ] } },
{ "type": "Feature", "properties": { "stop_id": 1284, "stop_name": "POLE RD @ ALAMEDA CT", "wheelchair_boarding": 0 }, "geometry": { "type": "Point", "coordinates": [ -77.12697, 38.72845 ] } },
{ "type": "Feature", "properties": { "stop_id": 1285, "stop_name": "POHICK RD @ ASPENPARK RD", "wheelchair_boarding": 0 }, "geometry": { "type": "Point", "coordinates": [ -77.19894, 38.71192 ] } },
{ "type": "Feature", "properties": { "stop_id": 1286, "stop_name": "POHICK RD @ CLIFFOREST DR", "wheelchair_boarding": 0 }, "geometry": { "type": "Point", "coordinates": [ -77.227011, 38.736962 ] } },
{ "type": "Feature", "properties": { "stop_id": 1287, "stop_name": "POLE RD @ CREDOS CT", "wheelchair_boarding": 0 }, "geometry": { "type": "Point", "coordinates": [ -77.12889, 38.72815 ] } },
{ "type": "Feature", "properties": { "stop_id": 1288, "stop_name": "POLE RD @ CREDOS CT", "wheelchair_boarding": 0 }, "geometry": { "type": "Point", "coordinates": [ -77.12869, 38.72804 ] } },
{ "type": "Feature", "properties": { "stop_id": 1289, "stop_name": "POHICK RD @ DIVING CLIFF LA", "wheelchair_boarding": 0 }, "geometry": { "type": "Point", "coordinates": [ -77.23277, 38.74212 ] } },
{ "type": "Feature", "properties": { "stop_id": 1290, "stop_name": "POLE RD @ KEELER ST", "wheelchair_boarding": 0 }, "geometry": { "type": "Point", "coordinates": [ -77.11624, 38.73133 ] } },
{ "type": "Feature", "properties": { "stop_id": 1291, "stop_name": "POHICK RD @ LARNE ST", "wheelchair_boarding": 0 }, "geometry": { "type": "Point", "coordinates": [ -77.19957, 38.71261 ] } },
{ "type": "Feature", "properties": { "stop_id": 1292, "stop_name": "POLE RD @ LEAF RD", "wheelchair_boarding": 0 }, "geometry": { "type": "Point", "coordinates": [ -77.12337, 38.72944 ] } },
{ "type": "Feature", "properties": { "stop_id": 1293, "stop_name": "POHICK RD @ MAGIC LEAF RD", "wheelchair_boarding": 0 }, "geometry": { "type": "Point", "coordinates": [ -77.23147, 38.74057 ] } },
{ "type": "Feature", "properties": { "stop_id": 1294, "stop_name": "POHICK RD @ MAGIC LEAF RD", "wheelchair_boarding": 0 }, "geometry": { "type": "Point", "coordinates": [ -77.23093, 38.74042 ] } },
{ "type": "Feature", "properties": { "stop_id": 1295, "stop_name": "POHICK RD @ NEWINGTON FOREST AVE", "wheelchair_boarding": 0 }, "geometry": { "type": "Point", "coordinates": [ -77.2396, 38.74369 ] } },
{ "type": "Feature", "properties": { "stop_id": 1296, "stop_name": "POHICK RD @ NEWINGTON WOODS DR", "wheelchair_boarding": 0 }, "geometry": { "type": "Point", "coordinates": [ -77.23698, 38.74391 ] } },
{ "type": "Feature", "properties": { "stop_id": 1297, "stop_name": "POLE RD @ ORVILLE ST", "wheelchair_boarding": 0 }, "geometry": { "type": "Point", "coordinates": [ -77.12052, 38.73024 ] } },
{ "type": "Feature", "properties": { "stop_id": 1299, "stop_name": "POLE RD @ ALAMEDA CT", "wheelchair_boarding": 0 }, "geometry": { "type": "Point", "coordinates": [ -77.12692, 38.72874 ] } },
{ "type": "Feature", "properties": { "stop_id": 1300, "stop_name": "POHICK RD @ SOUTHRUN RD", "wheelchair_boarding": 0 }, "geometry": { "type": "Point", "coordinates": [ -77.22594, 38.73617 ] } },
{ "type": "Feature", "properties": { "stop_id": 1301, "stop_name": "POHICK RD @ TIMBER BROOK LA", "wheelchair_boarding": 0 }, "geometry": { "type": "Point", "coordinates": [ -77.2323, 38.74185 ] } },
{ "type": "Feature", "properties": { "stop_id": 1303, "stop_name": "QUANDER RD @ WILLIAMS DR", "wheelchair_boarding": 0 }, "geometry": { "type": "Point", "coordinates": [ -77.06751, 38.76989 ] } },
{ "type": "Feature", "properties": { "stop_id": 1304, "stop_name": "RICHMOND HWY @ ARMISTEAD RD", "wheelchair_boarding": 0 }, "geometry": { "type": "Point", "coordinates": [ -77.209097, 38.702333 ] } },
{ "type": "Feature", "properties": { "stop_id": 1305, "stop_name": "ROSE HILL DR @ APPLE TREE DR", "wheelchair_boarding": 0 }, "geometry": { "type": "Point", "coordinates": [ -77.117812, 38.780976 ] } },
{ "type": "Feature", "properties": { "stop_id": 1306, "stop_name": "ROSE HILL DR @ MAY BLVD", "wheelchair_boarding": 0 }, "geometry": { "type": "Point", "coordinates": [ -77.117928, 38.780903 ] } },
{ "type": "Feature", "properties": { "stop_id": 1310, "stop_name": "8100 RICHMOND HWY", "wheelchair_boarding": 0 }, "geometry": { "type": "Point", "coordinates": [ -77.090805, 38.738346 ] } },
{ "type": "Feature", "properties": { "stop_id": 1312, "stop_name": "ROSE HILL DR @ CELTIC DR", "wheelchair_boarding": 0 }, "geometry": { "type": "Point", "coordinates": [ -77.119187, 38.782281 ] } },
{ "type": "Feature", "properties": { "stop_id": 1313, "stop_name": "RICHMOND HWY @ CHERWEK DR", "wheelchair_boarding": 0 }, "geometry": { "type": "Point", "coordinates": [ -77.210865, 38.700768 ] } },
{ "type": "Feature", "properties": { "stop_id": 1315, "stop_name": "RICHMOND HWY @ COOPER RD", "wheelchair_boarding": 0 }, "geometry": { "type": "Point", "coordinates": [ -77.1251, 38.72047 ] } },
{ "type": "Feature", "properties": { "stop_id": 1316, "stop_name": "RICHMOND HWY @ TALBOT FARM DR", "wheelchair_boarding": 0 }, "geometry": { "type": "Point", "coordinates": [ -77.1236, 38.72119 ] } },
{ "type": "Feature", "properties": { "stop_id": 1317, "stop_name": "ROSE HILL DR @ COTTONWOOD DR", "wheelchair_boarding": 0 }, "geometry": { "type": "Point", "coordinates": [ -77.114912, 38.778258 ] } },
{ "type": "Feature", "properties": { "stop_id": 1318, "stop_name": "ROSE HILL DR @ COTTONWOOD DR", "wheelchair_boarding": 0 }, "geometry": { "type": "Point", "coordinates": [ -77.114881, 38.778344 ] } },
{ "type": "Feature", "properties": { "stop_id": 1319, "stop_name": "RICHMOND HWY @ DAWN DR", "wheelchair_boarding": 0 }, "geometry": { "type": "Point", "coordinates": [ -77.080885, 38.775198 ] } },
{ "type": "Feature", "properties": { "stop_id": 1320, "stop_name": "RICHMOND HWY @ DUTCHMAN DR", "wheelchair_boarding": 0 }, "geometry": { "type": "Point", "coordinates": [ -77.21285, 38.69875 ] } },
{ "type": "Feature", "properties": { "stop_id": 1321, "stop_name": "ROSE HILL DR @ EASTCHESTER CIR", "wheelchair_boarding": 0 }, "geometry": { "type": "Point", "coordinates": [ -77.12066, 38.784451 ] } },
{ "type": "Feature", "properties": { "stop_id": 1322, "stop_name": "ROSE HILL DR @ EASTCHESTER CIR", "wheelchair_boarding": 0 }, "geometry": { "type": "Point", "coordinates": [ -77.120755, 38.783809 ] } },
{ "type": "Feature", "properties": { "stop_id": 1323, "stop_name": "ROSE HILL DR @ FLOWER LA", "wheelchair_boarding": 0 }, "geometry": { "type": "Point", "coordinates": [ -77.117067, 38.779812 ] } },
{ "type": "Feature", "properties": { "stop_id": 1324, "stop_name": "ROSE HILL DR @ FLOWER LA", "wheelchair_boarding": 0 }, "geometry": { "type": "Point", "coordinates": [ -77.11709, 38.77963 ] } },
{ "type": "Feature", "properties": { "stop_id": 1325, "stop_name": "RICHMOND HWY @ HOLLYHILL RD", "wheelchair_boarding": 0 }, "geometry": { "type": "Point", "coordinates": [ -77.084389, 38.76301 ] } },
{ "type": "Feature", "properties": { "stop_id": 1326, "stop_name": "RICHMOND HWY @ FRYE RD", "wheelchair_boarding": 0 }, "geometry": { "type": "Point", "coordinates": [ -77.11164, 38.72737 ] } },
{ "type": "Feature", "properties": { "stop_id": 1327, "stop_name": "ROSE HILL DR @ GREENHAVEN PL", "wheelchair_boarding": 0 }, "geometry": { "type": "Point", "coordinates": [ -77.120908, 38.785332 ] } },
{ "type": "Feature", "properties": { "stop_id": 1328, "stop_name": "RICHMOND HWY @ GRAVES ST", "wheelchair_boarding": 0 }, "geometry": { "type": "Point", "coordinates": [ -77.1099, 38.72824 ] } },
{ "type": "Feature", "properties": { "stop_id": 1329, "stop_name": "RICHMOND HWY @ HAGEL CIR", "wheelchair_boarding": 0 }, "geometry": { "type": "Point", "coordinates": [ -77.21554, 38.69575 ] } },
{ "type": "Feature", "properties": { "stop_id": 1330, "stop_name": "RICHMOND HWY @ HOLLYHILL RD", "wheelchair_boarding": 0 }, "geometry": { "type": "Point", "coordinates": [ -77.08403, 38.76297 ] } },
{ "type": "Feature", "properties": { "stop_id": 1331, "stop_name": "RICHMOND HWY @ HIGHLAND LA", "wheelchair_boarding": 0 }, "geometry": { "type": "Point", "coordinates": [ -77.11722, 38.72461 ] } },
{ "type": "Feature", "properties": { "stop_id": 1332, "stop_name": "RICHMOND HWY @ HUNTINGTON AVE", "wheelchair_boarding": 0 }, "geometry": { "type": "Point", "coordinates": [ -77.06492, 38.78934 ] } },
{ "type": "Feature", "properties": { "stop_id": 1333, "stop_name": "RICHMOND HWY @ JANNA LEE AVE", "wheelchair_boarding": 0 }, "geometry": { "type": "Point", "coordinates": [ -77.0936, 38.73689 ] } },
{ "type": "Feature", "properties": { "stop_id": 1335, "stop_name": "ROSE HILL DR @ LEEWOOD DR", "wheelchair_boarding": 0 }, "geometry": { "type": "Point", "coordinates": [ -77.119231, 38.782716 ] } },
{ "type": "Feature", "properties": { "stop_id": 1336, "stop_name": "RICHMOND HWY @ LUKENS LA", "wheelchair_boarding": 0 }, "geometry": { "type": "Point", "coordinates": [ -77.11948, 38.72322 ] } },
{ "type": "Feature", "properties": { "stop_id": 1337, "stop_name": "RICHMOND HWY @ MARTHA ST", "wheelchair_boarding": 0 }, "geometry": { "type": "Point", "coordinates": [ -77.097821, 38.734283 ] } },
{ "type": "Feature", "properties": { "stop_id": 1338, "stop_name": "RICHMOND HWY @ MOHAWK LA", "wheelchair_boarding": 0 }, "geometry": { "type": "Point", "coordinates": [ -77.10434, 38.73119 ] } },
{ "type": "Feature", "properties": { "stop_id": 1339, "stop_name": "RICHMOND HWY @ MOHAWK LA", "wheelchair_boarding": 0 }, "geometry": { "type": "Point", "coordinates": [ -77.10295, 38.73154 ] } },
{ "type": "Feature", "properties": { "stop_id": 1340, "stop_name": "RICHMOND HWY @ NORTH KINGS HWY", "wheelchair_boarding": 0 }, "geometry": { "type": "Point", "coordinates": [ -77.07822, 38.78145 ] } },
{ "type": "Feature", "properties": { "stop_id": 1341, "stop_name": "RICHMOND HWY @ NORTH KINGS HWY", "wheelchair_boarding": 0 }, "geometry": { "type": "Point", "coordinates": [ -77.07653, 38.78307 ] } },
{ "type": "Feature", "properties": { "stop_id": 1342, "stop_name": "RICHMOND HWY @ JEFF TODD WAY", "wheelchair_boarding": 0 }, "geometry": { "type": "Point", "coordinates": [ -77.13175, 38.71753 ] } },
{ "type": "Feature", "properties": { "stop_id": 1343, "stop_name": "RICHMOND HWY @ MOUNTT VERNON MEMORI", "wheelchair_boarding": 0 }, "geometry": { "type": "Point", "coordinates": [ -77.13089, 38.71766 ] } },
{ "type": "Feature", "properties": { "stop_id": 1344, "stop_name": "8801 RICHMOND HWY", "wheelchair_boarding": 0 }, "geometry": { "type": "Point", "coordinates": [ -77.12781, 38.71917 ] } },
{ "type": "Feature", "properties": { "stop_id": 1345, "stop_name": "RICHMOND HWY @ ROXBURY DR", "wheelchair_boarding": 0 }, "geometry": { "type": "Point", "coordinates": [ -77.09628, 38.73544 ] } },
{ "type": "Feature", "properties": { "stop_id": 1346, "stop_name": "RICHMOND HWY @ RUSSELL RD", "wheelchair_boarding": 0 }, "geometry": { "type": "Point", "coordinates": [ -77.10004, 38.73311 ] } },
{ "type": "Feature", "properties": { "stop_id": 1347, "stop_name": "RICHMOND HWY @ RUSSELL RD", "wheelchair_boarding": 0 }, "geometry": { "type": "Point", "coordinates": [ -77.099363, 38.733776 ] } },
{ "type": "Feature", "properties": { "stop_id": 1348, "stop_name": "RICHMOND HWY @ SACRAMENTO DR", "wheelchair_boarding": 0 }, "geometry": { "type": "Point", "coordinates": [ -77.126121, 38.720319 ] } },
{ "type": "Feature", "properties": { "stop_id": 1349, "stop_name": "8800 RICHMOND HWY", "wheelchair_boarding": 0 }, "geometry": { "type": "Point", "coordinates": [ -77.12777, 38.71944 ] } },
{ "type": "Feature", "properties": { "stop_id": 1350, "stop_name": "RICHMOND HWY @ SHANNONS GREEN WAY", "wheelchair_boarding": 0 }, "geometry": { "type": "Point", "coordinates": [ -77.094787, 38.735872 ] } },
{ "type": "Feature", "properties": { "stop_id": 1351, "stop_name": "RICHMOND HWY @ SHERWOOD HALL LN", "wheelchair_boarding": 0 }, "geometry": { "type": "Point", "coordinates": [ -77.085404, 38.742763 ] } },
{ "type": "Feature", "properties": { "stop_id": 1353, "stop_name": "RICHMOND HWY @ BELFORD DR", "wheelchair_boarding": 0 }, "geometry": { "type": "Point", "coordinates": [ -77.084108, 38.743933 ] } },
{ "type": "Feature", "properties": { "stop_id": 1354, "stop_name": "RICHMOND HWY @ SOUTH KINGS HWY", "wheelchair_boarding": 0 }, "geometry": { "type": "Point", "coordinates": [ -77.07908, 38.78103 ] } },
{ "type": "Feature", "properties": { "stop_id": 1355, "stop_name": "ROSE HILL DR @ STURBRIDGE PL", "wheelchair_boarding": 0 }, "geometry": { "type": "Point", "coordinates": [ -77.11247, 38.776477 ] } },
{ "type": "Feature", "properties": { "stop_id": 1356, "stop_name": "ROSE HILL DR @ STURBRIDGE PL", "wheelchair_boarding": 0 }, "geometry": { "type": "Point", "coordinates": [ -77.11227, 38.776279 ] } },
{ "type": "Feature", "properties": { "stop_id": 1357, "stop_name": "RICHMOND HWY @ SKY VIEW DR", "wheelchair_boarding": 0 }, "geometry": { "type": "Point", "coordinates": [ -77.11463, 38.72589 ] } },
{ "type": "Feature", "properties": { "stop_id": 1358, "stop_name": "RICHMOND HWY @ WOODLAWN TER", "wheelchair_boarding": 0 }, "geometry": { "type": "Point", "coordinates": [ -77.08339, 38.75143 ] } },
{ "type": "Feature", "properties": { "stop_id": 1359, "stop_name": "RING RD @ SAFFOLD WAY", "wheelchair_boarding": 0 }, "geometry": { "type": "Point", "coordinates": [ -77.3267, 38.97192 ] } },
{ "type": "Feature", "properties": { "stop_id": 1360, "stop_name": "RICHMOND HWY @ SCHOOLEY DR", "wheelchair_boarding": 0 }, "geometry": { "type": "Point", "coordinates": [ -77.0817, 38.77095 ] } },
{ "type": "Feature", "properties": { "stop_id": 1361, "stop_name": "RING RD @ WESTHILLS LA", "wheelchair_boarding": 0 }, "geometry": { "type": "Point", "coordinates": [ -77.3242, 38.97237 ] } },
{ "type": "Feature", "properties": { "stop_id": 1362, "stop_name": "ROLLING RD @ BRISTOL SQUARE CT", "wheelchair_boarding": 0 }, "geometry": { "type": "Point", "coordinates": [ -77.20923, 38.73568 ] } },
{ "type": "Feature", "properties": { "stop_id": 1363, "stop_name": "ROLLING RD@ EDINBURGH DR", "wheelchair_boarding": 0 }, "geometry": { "type": "Point", "coordinates": [ -77.21129, 38.73845 ] } },
{ "type": "Feature", "properties": { "stop_id": 1364, "stop_name": "SARATOGA SHOPPING CTR", "wheelchair_boarding": 0 }, "geometry": { "type": "Point", "coordinates": [ -77.21152, 38.74008 ] } },
{ "type": "Feature", "properties": { "stop_id": 1365, "stop_name": "ROLLING RD @ LAUREL OAK DR", "wheelchair_boarding": 0 }, "geometry": { "type": "Point", "coordinates": [ -77.20969, 38.72761 ] } },
{ "type": "Feature", "properties": { "stop_id": 1366, "stop_name": "ROLLING RD @ NORTHUMBERLAND RD", "wheelchair_boarding": 0 }, "geometry": { "type": "Point", "coordinates": [ -77.20922, 38.73083 ] } },
{ "type": "Feature", "properties": { "stop_id": 1367, "stop_name": "RESTON PKWY @ BENNINGTON WOODS RD", "wheelchair_boarding": 0 }, "geometry": { "type": "Point", "coordinates": [ -77.35144, 38.9742 ] } },
{ "type": "Feature", "properties": { "stop_id": 1369, "stop_name": "RESTON PKWY @ DEER FOREST RD", "wheelchair_boarding": 0 }, "geometry": { "type": "Point", "coordinates": [ -77.34607, 38.9838 ] } },
{ "type": "Feature", "properties": { "stop_id": 1370, "stop_name": "RESTON PKWY @ GLADE DR", "wheelchair_boarding": 0 }, "geometry": { "type": "Point", "coordinates": [ -77.366717, 38.935559 ] } },
{ "type": "Feature", "properties": { "stop_id": 1371, "stop_name": "RESTON PKWY @ GLADE DR", "wheelchair_boarding": 0 }, "geometry": { "type": "Point", "coordinates": [ -77.36686, 38.93476 ] } },
{ "type": "Feature", "properties": { "stop_id": 1372, "stop_name": "RESTON PKWY @ GREAT OWL DR", "wheelchair_boarding": 0 }, "geometry": { "type": "Point", "coordinates": [ -77.34756, 38.982 ] } },
{ "type": "Feature", "properties": { "stop_id": 1373, "stop_name": "RESTON PKWY @ LAKE NEWPORT RD", "wheelchair_boarding": 0 }, "geometry": { "type": "Point", "coordinates": [ -77.34883, 38.97775 ] } },
{ "type": "Feature", "properties": { "stop_id": 1374, "stop_name": "RESTON PKWY @ MCLEAREN RD", "wheelchair_boarding": 0 }, "geometry": { "type": "Point", "coordinates": [ -77.37306, 38.926532 ] } },
{ "type": "Feature", "properties": { "stop_id": 1375, "stop_name": "RESTON PKWY @ OSLO RD", "wheelchair_boarding": 0 }, "geometry": { "type": "Point", "coordinates": [ -77.36938, 38.93107 ] } },
{ "type": "Feature", "properties": { "stop_id": 1376, "stop_name": "RESTON PKWY @ OSLO RD", "wheelchair_boarding": 0 }, "geometry": { "type": "Point", "coordinates": [ -77.36962, 38.93134 ] } },
{ "type": "Feature", "properties": { "stop_id": 1377, "stop_name": "RESTON PKWY @ SOUTH LAKES DR", "wheelchair_boarding": 0 }, "geometry": { "type": "Point", "coordinates": [ -77.36119, 38.9435 ] } },
{ "type": "Feature", "properties": { "stop_id": 1378, "stop_name": "RESTON PKWY @ SOUTH LAKES DR", "wheelchair_boarding": 0 }, "geometry": { "type": "Point", "coordinates": [ -77.36138, 38.94261 ] } },
{ "type": "Feature", "properties": { "stop_id": 1379, "stop_name": "RESTON PKWY @ SUNRISE VALLEY DR", "wheelchair_boarding": 0 }, "geometry": { "type": "Point", "coordinates": [ -77.35875, 38.94636 ] } },
{ "type": "Feature", "properties": { "stop_id": 1380, "stop_name": "RESTON PKWY @ SUNRISE VALLEY DR", "wheelchair_boarding": 0 }, "geometry": { "type": "Point", "coordinates": [ -77.35975, 38.94555 ] } },
{ "type": "Feature", "properties": { "stop_id": 1381, "stop_name": "RESTON PKWY @ WIEHLE AVE", "wheelchair_boarding": 0 }, "geometry": { "type": "Point", "coordinates": [ -77.34304, 38.98648 ] } },
{ "type": "Feature", "properties": { "stop_id": 1382, "stop_name": "ROLLING STONE WAY @ BEDROCK RD", "wheelchair_boarding": 0 }, "geometry": { "type": "Point", "coordinates": [ -77.106034, 38.764169 ] } },
{ "type": "Feature", "properties": { "stop_id": 1383, "stop_name": "ROLLING STONE WAY @ LODESTONE CT", "wheelchair_boarding": 0 }, "geometry": { "type": "Point", "coordinates": [ -77.108457, 38.766514 ] } },
{ "type": "Feature", "properties": { "stop_id": 1384, "stop_name": "ROLLING STONE WAY @ ROCK CREEK RD", "wheelchair_boarding": 0 }, "geometry": { "type": "Point", "coordinates": [ -77.106056, 38.766054 ] } },
{ "type": "Feature", "properties": { "stop_id": 1385, "stop_name": "RUSSELL RD @ KESWICK RD", "wheelchair_boarding": 0 }, "geometry": { "type": "Point", "coordinates": [ -77.10335, 38.73733 ] } },
{ "type": "Feature", "properties": { "stop_id": 1386, "stop_name": "RUSSELL RD @ NORWOOD DR", "wheelchair_boarding": 0 }, "geometry": { "type": "Point", "coordinates": [ -77.10447, 38.73886 ] } },
{ "type": "Feature", "properties": { "stop_id": 1387, "stop_name": "RUSSELL RD @ NORWOOD DR", "wheelchair_boarding": 0 }, "geometry": { "type": "Point", "coordinates": [ -77.10432, 38.73888 ] } },
{ "type": "Feature", "properties": { "stop_id": 1388, "stop_name": "ROLLING VALLEY PARK AND RIDE BAY C", "wheelchair_boarding": 0 }, "geometry": { "type": "Point", "coordinates": [ -77.262687, 38.775823 ] } },
{ "type": "Feature", "properties": { "stop_id": 1389, "stop_name": "SACRAMENTO DR @ SOUTHLAWN CT", "wheelchair_boarding": 0 }, "geometry": { "type": "Point", "coordinates": [ -77.129192, 38.725389 ] } },
{ "type": "Feature", "properties": { "stop_id": 1390, "stop_name": "SACRAMENTO DR @ HYMAN WAY", "wheelchair_boarding": 0 }, "geometry": { "type": "Point", "coordinates": [ -77.12881, 38.72408 ] } },
{ "type": "Feature", "properties": { "stop_id": 1391, "stop_name": "SACRAMENTO DR @ POLE RD", "wheelchair_boarding": 0 }, "geometry": { "type": "Point", "coordinates": [ -77.13061, 38.72719 ] } },
{ "type": "Feature", "properties": { "stop_id": 1392, "stop_name": "SACRAMENTO DR @ CLAYMONT DR", "wheelchair_boarding": 0 }, "geometry": { "type": "Point", "coordinates": [ -77.129239, 38.725224 ] } },
{ "type": "Feature", "properties": { "stop_id": 1393, "stop_name": "SACRAMENTO DR @ VENOY CT", "wheelchair_boarding": 0 }, "geometry": { "type": "Point", "coordinates": [ -77.12894, 38.72387 ] } },
{ "type": "Feature", "properties": { "stop_id": 1394, "stop_name": "SACRAMENTO DR @ VILLAGE GREEN CT", "wheelchair_boarding": 0 }, "geometry": { "type": "Point", "coordinates": [ -77.12809, 38.72271 ] } },
{ "type": "Feature", "properties": { "stop_id": 1395, "stop_name": "SACRAMENTO DR @ VILLAGE GREEN DR", "wheelchair_boarding": 0 }, "geometry": { "type": "Point", "coordinates": [ -77.12759, 38.72255 ] } },
{ "type": "Feature", "properties": { "stop_id": 1396, "stop_name": "SPRINGFIELD CTR DR @ LOISDALE RD", "wheelchair_boarding": 0 }, "geometry": { "type": "Point", "coordinates": [ -77.181946, 38.765393 ] } },
{ "type": "Feature", "properties": { "stop_id": 1397, "stop_name": "SPRINGFIELD CTR DR @ LOISDALE RD", "wheelchair_boarding": 0 }, "geometry": { "type": "Point", "coordinates": [ -77.182048, 38.765121 ] } },
{ "type": "Feature", "properties": { "stop_id": 1398, "stop_name": "NORTHERN VIRGINIA COMMUNITY COLLEGE", "wheelchair_boarding": 0 }, "geometry": { "type": "Point", "coordinates": [ -77.176898, 38.762787 ] } },
{ "type": "Feature", "properties": { "stop_id": 1399, "stop_name": "SUNSET HILLS RD @ BUSINESS CENTER D", "wheelchair_boarding": 0 }, "geometry": { "type": "Point", "coordinates": [ -77.325717, 38.947032 ] } },
{ "type": "Feature", "properties": { "stop_id": 1400, "stop_name": "SHELDON DR @ BERYL RD", "wheelchair_boarding": 0 }, "geometry": { "type": "Point", "coordinates": [ -77.156451, 38.800967 ] } },
{ "type": "Feature", "properties": { "stop_id": 1401, "stop_name": "SHERWOOD HALL LN @ DAVENPORT ST", "wheelchair_boarding": 0 }, "geometry": { "type": "Point", "coordinates": [ -77.07201, 38.74506 ] } },
{ "type": "Feature", "properties": { "stop_id": 1402, "stop_name": "SHERWOOD HALL LN @ DAVENPORT ST", "wheelchair_boarding": 0 }, "geometry": { "type": "Point", "coordinates": [ -77.07015, 38.74555 ] } },
{ "type": "Feature", "properties": { "stop_id": 1403, "stop_name": "SHERWOOD HALL LA @ FORDSON RD", "wheelchair_boarding": 0 }, "geometry": { "type": "Point", "coordinates": [ -77.08193, 38.74325 ] } },
{ "type": "Feature", "properties": { "stop_id": 1404, "stop_name": "SHERWOOD HALL LN @ RICHMOND HWY", "wheelchair_boarding": 0 }, "geometry": { "type": "Point", "coordinates": [ -77.08314, 38.74285 ] } },
{ "type": "Feature", "properties": { "stop_id": 1405, "stop_name": "SHERWOOD HALL LA @ FRANCES DR", "wheelchair_boarding": 0 }, "geometry": { "type": "Point", "coordinates": [ -77.07463, 38.74411 ] } },
{ "type": "Feature", "properties": { "stop_id": 1406, "stop_name": "YMCA-RESTON", "wheelchair_boarding": 0 }, "geometry": { "type": "Point", "coordinates": [ -77.368227, 38.954705 ] } },
{ "type": "Feature", "properties": { "stop_id": 1407, "stop_name": "SUNSET HILLS RD @ TOWN CENTER PKWY", "wheelchair_boarding": 0 }, "geometry": { "type": "Point", "coordinates": [ -77.363189, 38.953855 ] } },
{ "type": "Feature", "properties": { "stop_id": 1408, "stop_name": "SPRING HILL RD @ POST OFFICE", "wheelchair_boarding": 1 }, "geometry": { "type": "Point", "coordinates": [ -77.23771, 38.92893 ] } },
{ "type": "Feature", "properties": { "stop_id": 1409, "stop_name": "SUNSET HILLS RD @ HUNTER MILL RD", "wheelchair_boarding": 0 }, "geometry": { "type": "Point", "coordinates": [ -77.31293, 38.948573 ] } },
{ "type": "Feature", "properties": { "stop_id": 1410, "stop_name": "SHERWOOD HALL LA @ HOLLINDALE DR", "wheelchair_boarding": 0 }, "geometry": { "type": "Point", "coordinates": [ -77.05871, 38.75175 ] } },
{ "type": "Feature", "properties": { "stop_id": 1411, "stop_name": "SHERWOOD HALL LA @ HOLLAND RD", "wheelchair_boarding": 0 }, "geometry": { "type": "Point", "coordinates": [ -77.0789, 38.74301 ] } },
{ "type": "Feature", "properties": { "stop_id": 1414, "stop_name": "11490 SUNSET HILLS RD", "wheelchair_boarding": 0 }, "geometry": { "type": "Point", "coordinates": [ -77.34367, 38.952109 ] } },
{ "type": "Feature", "properties": { "stop_id": 1415, "stop_name": "SHERWOOD HALL LA @ KINGLAND RD", "wheelchair_boarding": 0 }, "geometry": { "type": "Point", "coordinates": [ -77.08305, 38.74271 ] } },
{ "type": "Feature", "properties": { "stop_id": 1416, "stop_name": "SHERWOOD HALL LA @ KIRKSIDE DR", "wheelchair_boarding": 0 }, "geometry": { "type": "Point", "coordinates": [ -77.06953, 38.74596 ] } },
{ "type": "Feature", "properties": { "stop_id": 1417, "stop_name": "SHELDON DR @ MERLE PL", "wheelchair_boarding": 0 }, "geometry": { "type": "Point", "coordinates": [ -77.15727, 38.79965 ] } },
{ "type": "Feature", "properties": { "stop_id": 1418, "stop_name": "SHELDON DR @ MERLE PL", "wheelchair_boarding": 0 }, "geometry": { "type": "Point", "coordinates": [ -77.157133, 38.799628 ] } },
{ "type": "Feature", "properties": { "stop_id": 1419, "stop_name": "SUNSET HILLS RD @ MICHAEL FARADAY C", "wheelchair_boarding": 0 }, "geometry": { "type": "Point", "coordinates": [ -77.333503, 38.949293 ] } },
{ "type": "Feature", "properties": { "stop_id": 1420, "stop_name": "SHERWOOD HALL LA @ MIDDAY LA", "wheelchair_boarding": 0 }, "geometry": { "type": "Point", "coordinates": [ -77.06649, 38.74696 ] } },
{ "type": "Feature", "properties": { "stop_id": 1421, "stop_name": "SHERWOOD HALL LA @ MOUNT WOODLEY PL", "wheelchair_boarding": 0 }, "geometry": { "type": "Point", "coordinates": [ -77.07914, 38.74326 ] } },
{ "type": "Feature", "properties": { "stop_id": 1422, "stop_name": "SHERWOOD HALL LA @ OAKLAWN DR", "wheelchair_boarding": 0 }, "geometry": { "type": "Point", "coordinates": [ -77.0719, 38.74492 ] } },
{ "type": "Feature", "properties": { "stop_id": 1423, "stop_name": "SUNSET HILLS RD @ OLD RESTON AVE", "wheelchair_boarding": 0 }, "geometry": { "type": "Point", "coordinates": [ -77.351672, 38.95507 ] } },
{ "type": "Feature", "properties": { "stop_id": 1424, "stop_name": "SUNSET HILLS RD @ PLAZA AMERICA DR", "wheelchair_boarding": 0 }, "geometry": { "type": "Point", "coordinates": [ -77.34842, 38.95323 ] } },
{ "type": "Feature", "properties": { "stop_id": 1425, "stop_name": "SHERWOOD HALL LN @ ROBINHOOD CT", "wheelchair_boarding": 0 }, "geometry": { "type": "Point", "coordinates": [ -77.06077, 38.75001 ] } },
{ "type": "Feature", "properties": { "stop_id": 1426, "stop_name": "SUNSET HILLS RD @ RESTON PKWY", "wheelchair_boarding": 0 }, "geometry": { "type": "Point", "coordinates": [ -77.356294, 38.955507 ] } },
{ "type": "Feature", "properties": { "stop_id": 1427, "stop_name": "SUNSET HILLS RD @ RESTON PKWY", "wheelchair_boarding": 0 }, "geometry": { "type": "Point", "coordinates": [ -77.354588, 38.954904 ] } },
{ "type": "Feature", "properties": { "stop_id": 1429, "stop_name": "SUNSET HILLS RD @ AMERICAN DREAM WA", "wheelchair_boarding": 0 }, "geometry": { "type": "Point", "coordinates": [ -77.347015, 38.953117 ] } },
{ "type": "Feature", "properties": { "stop_id": 1430, "stop_name": "SUNSET HILLS RD @ SAMUEL MORSE DR", "wheelchair_boarding": 0 }, "geometry": { "type": "Point", "coordinates": [ -77.330675, 38.947826 ] } },
{ "type": "Feature", "properties": { "stop_id": 1431, "stop_name": "SUNSET HILLS RD @ W&OD TRAIL", "wheelchair_boarding": 0 }, "geometry": { "type": "Point", "coordinates": [ -77.327742, 38.946975 ] } },
{ "type": "Feature", "properties": { "stop_id": 1432, "stop_name": "SUNSET HILLS RD @ TOWN CENTER PKWY", "wheelchair_boarding": 0 }, "geometry": { "type": "Point", "coordinates": [ -77.364783, 38.954161 ] } },
{ "type": "Feature", "properties": { "stop_id": 1433, "stop_name": "12021 SUNSET HILLS RD", "wheelchair_boarding": 0 }, "geometry": { "type": "Point", "coordinates": [ -77.359973, 38.953624 ] } },
{ "type": "Feature", "properties": { "stop_id": 1434, "stop_name": "SPRING HILL RD @ TURNING LEAF LA", "wheelchair_boarding": 0 }, "geometry": { "type": "Point", "coordinates": [ -77.232286, 38.936286 ] } },
{ "type": "Feature", "properties": { "stop_id": 1436, "stop_name": "SHERWOOD HALL LN @ WELLINGTON RD", "wheelchair_boarding": 0 }, "geometry": { "type": "Point", "coordinates": [ -77.0643, 38.74786 ] } },
{ "type": "Feature", "properties": { "stop_id": 1437, "stop_name": "SHERWOOD HALL LA @ WELLINGTON RD", "wheelchair_boarding": 0 }, "geometry": { "type": "Point", "coordinates": [ -77.06425, 38.7477 ] } },
{ "type": "Feature", "properties": { "stop_id": 1440, "stop_name": "SHERWOOD HALL LN @ WHITEOAKS DR", "wheelchair_boarding": 0 }, "geometry": { "type": "Point", "coordinates": [ -77.06107, 38.74999 ] } },
{ "type": "Feature", "properties": { "stop_id": 1441, "stop_name": "SILVERBROOK RD @ TANYARD LA", "wheelchair_boarding": 0 }, "geometry": { "type": "Point", "coordinates": [ -77.22902, 38.71014 ] } },
{ "type": "Feature", "properties": { "stop_id": 1442, "stop_name": "SILVERBROOK RD @ BLUEBIRD WAY", "wheelchair_boarding": 0 }, "geometry": { "type": "Point", "coordinates": [ -77.22888, 38.70846 ] } },
{ "type": "Feature", "properties": { "stop_id": 1443, "stop_name": "SILVERBROOK RD @ PLASKETT LANE", "wheelchair_boarding": 0 }, "geometry": { "type": "Point", "coordinates": [ -77.2284, 38.709177 ] } },
{ "type": "Feature", "properties": { "stop_id": 1444, "stop_name": "SILVERBROOK RD @ ROYAL ROBIN LA", "wheelchair_boarding": 0 }, "geometry": { "type": "Point", "coordinates": [ -77.22895, 38.70685 ] } },
{ "type": "Feature", "properties": { "stop_id": 1445, "stop_name": "SILVERBROOK RD @ ROYAL ROBIN LA", "wheelchair_boarding": 0 }, "geometry": { "type": "Point", "coordinates": [ -77.22848, 38.70652 ] } },
{ "type": "Feature", "properties": { "stop_id": 1446, "stop_name": "SOUTHRUN RD @ PINNACLE ROCK CT", "wheelchair_boarding": 0 }, "geometry": { "type": "Point", "coordinates": [ -77.246417, 38.727666 ] } },
{ "type": "Feature", "properties": { "stop_id": 1448, "stop_name": "S KINGS HWY @ BRICK HEARTH CT", "wheelchair_boarding": 0 }, "geometry": { "type": "Point", "coordinates": [ -77.08638, 38.77674 ] } },
{ "type": "Feature", "properties": { "stop_id": 1449, "stop_name": "S KINGS HWY @ CHIMNEY WOOD CT", "wheelchair_boarding": 0 }, "geometry": { "type": "Point", "coordinates": [ -77.08348, 38.77864 ] } },
{ "type": "Feature", "properties": { "stop_id": 1450, "stop_name": "S KINGS HWY @ FURMAN LA", "wheelchair_boarding": 0 }, "geometry": { "type": "Point", "coordinates": [ -77.08077, 38.78041 ] } },
{ "type": "Feature", "properties": { "stop_id": 1451, "stop_name": "S KINGS HWY @ FURMAN LA", "wheelchair_boarding": 0 }, "geometry": { "type": "Point", "coordinates": [ -77.08053, 38.78036 ] } },
{ "type": "Feature", "properties": { "stop_id": 1452, "stop_name": "S KINGS HWY @ LANTERN PL", "wheelchair_boarding": 0 }, "geometry": { "type": "Point", "coordinates": [ -77.11317, 38.76942 ] } },
{ "type": "Feature", "properties": { "stop_id": 1453, "stop_name": "SOUTH KINGS HWY @ TELEGRAPH RD", "wheelchair_boarding": 0 }, "geometry": { "type": "Point", "coordinates": [ -77.11965, 38.76776 ] } },
{ "type": "Feature", "properties": { "stop_id": 1455, "stop_name": "S KINGS HWY @ SAINT MARK'S CT", "wheelchair_boarding": 0 }, "geometry": { "type": "Point", "coordinates": [ -77.10067, 38.77203 ] } },
{ "type": "Feature", "properties": { "stop_id": 1456, "stop_name": "S KINGS HWY @ SOUTHGATE DR", "wheelchair_boarding": 0 }, "geometry": { "type": "Point", "coordinates": [ -77.088861, 38.774856 ] } },
{ "type": "Feature", "properties": { "stop_id": 1458, "stop_name": "S KINGS HWY @ VANTAGE DR", "wheelchair_boarding": 0 }, "geometry": { "type": "Point", "coordinates": [ -77.10749, 38.77045 ] } },
{ "type": "Feature", "properties": { "stop_id": 1459, "stop_name": "S KINGS HWY @ WOODSTONE PL", "wheelchair_boarding": 0 }, "geometry": { "type": "Point", "coordinates": [ -77.10186, 38.7716 ] } },
{ "type": "Feature", "properties": { "stop_id": 1460, "stop_name": "S LAKES DR @ CHESTNUT BURR CT", "wheelchair_boarding": 0 }, "geometry": { "type": "Point", "coordinates": [ -77.34329, 38.93195 ] } },
{ "type": "Feature", "properties": { "stop_id": 1461, "stop_name": "S LAKES DR @ CHESTNUT BURR CT", "wheelchair_boarding": 0 }, "geometry": { "type": "Point", "coordinates": [ -77.343593, 38.931835 ] } },
{ "type": "Feature", "properties": { "stop_id": 1462, "stop_name": "S LAKES DR @ CEDAR COVE CT", "wheelchair_boarding": 0 }, "geometry": { "type": "Point", "coordinates": [ -77.335841, 38.931823 ] } },
{ "type": "Feature", "properties": { "stop_id": 1463, "stop_name": "S LAKES DR @ SALT KETTLE WAY", "wheelchair_boarding": 0 }, "geometry": { "type": "Point", "coordinates": [ -77.33451, 38.93293 ] } },
{ "type": "Feature", "properties": { "stop_id": 1464, "stop_name": "S LAKES DR @ CABOTS POINT LA", "wheelchair_boarding": 0 }, "geometry": { "type": "Point", "coordinates": [ -77.33428, 38.932811 ] } },
{ "type": "Feature", "properties": { "stop_id": 1465, "stop_name": "SOUTH LAKES DR @ CASTLE ROCK SQ", "wheelchair_boarding": 0 }, "geometry": { "type": "Point", "coordinates": [ -77.347922, 38.934344 ] } },
{ "type": "Feature", "properties": { "stop_id": 1466, "stop_name": "S LAKES DR @ DOUBLE EAGLE CT", "wheelchair_boarding": 0 }, "geometry": { "type": "Point", "coordinates": [ -77.34994, 38.93549 ] } },
{ "type": "Feature", "properties": { "stop_id": 1467, "stop_name": "S LAKES DR @ ESCALANTE CT", "wheelchair_boarding": 0 }, "geometry": { "type": "Point", "coordinates": [ -77.357058, 38.94076 ] } },
{ "type": "Feature", "properties": { "stop_id": 1468, "stop_name": "S LAKES DR @ GREENKEEPERS CT", "wheelchair_boarding": 0 }, "geometry": { "type": "Point", "coordinates": [ -77.35318, 38.9397 ] } },
{ "type": "Feature", "properties": { "stop_id": 1469, "stop_name": "S LAKES DR @ GREEN WATCH WAY", "wheelchair_boarding": 0 }, "geometry": { "type": "Point", "coordinates": [ -77.34815, 38.93467 ] } },
{ "type": "Feature", "properties": { "stop_id": 1470, "stop_name": "S LAKES DR @ OLDE CRAFTS DR N", "wheelchair_boarding": 0 }, "geometry": { "type": "Point", "coordinates": [ -77.352894, 38.939101 ] } },
{ "type": "Feature", "properties": { "stop_id": 1471, "stop_name": "S LAKES DR @ OLDE CRAFTS DR S", "wheelchair_boarding": 0 }, "geometry": { "type": "Point", "coordinates": [ -77.351353, 38.936613 ] } },
{ "type": "Feature", "properties": { "stop_id": 1472, "stop_name": "S LAKES DR @ PINE CONE CT", "wheelchair_boarding": 0 }, "geometry": { "type": "Point", "coordinates": [ -77.34507, 38.93304 ] } },
{ "type": "Feature", "properties": { "stop_id": 1473, "stop_name": "S LAKES DR @ PINECREST RD", "wheelchair_boarding": 0 }, "geometry": { "type": "Point", "coordinates": [ -77.36487, 38.94284 ] } },
{ "type": "Feature", "properties": { "stop_id": 1474, "stop_name": "S LAKES DR @ POND VIEW CT", "wheelchair_boarding": 0 }, "geometry": { "type": "Point", "coordinates": [ -77.35145, 38.93722 ] } },
{ "type": "Feature", "properties": { "stop_id": 1475, "stop_name": "S LAKES DR @ RIDGE HEIGHTS RD", "wheelchair_boarding": 0 }, "geometry": { "type": "Point", "coordinates": [ -77.33325, 38.93421 ] } },
{ "type": "Feature", "properties": { "stop_id": 1476, "stop_name": "S LAKES DR @ RIDGE HEIGHTS RD", "wheelchair_boarding": 0 }, "geometry": { "type": "Point", "coordinates": [ -77.333015, 38.934113 ] } },
{ "type": "Feature", "properties": { "stop_id": 1477, "stop_name": "S LAKES DR @ RESTON PKWY", "wheelchair_boarding": 0 }, "geometry": { "type": "Point", "coordinates": [ -77.362053, 38.943313 ] } },
{ "type": "Feature", "properties": { "stop_id": 1478, "stop_name": "S LAKES DR @ RESTON PKWY", "wheelchair_boarding": 0 }, "geometry": { "type": "Point", "coordinates": [ -77.36231, 38.9432 ] } },
{ "type": "Feature", "properties": { "stop_id": 1479, "stop_name": "USGS", "wheelchair_boarding": 0 }, "geometry": { "type": "Point", "coordinates": [ -77.36948, 38.9486 ] } },
{ "type": "Feature", "properties": { "stop_id": 1480, "stop_name": "S LAKES HIGH SCHOOL", "wheelchair_boarding": 0 }, "geometry": { "type": "Point", "coordinates": [ -77.3387, 38.93126 ] } },
{ "type": "Feature", "properties": { "stop_id": 1481, "stop_name": "S LAKES DR @ SOUTHGATE SQ", "wheelchair_boarding": 0 }, "geometry": { "type": "Point", "coordinates": [ -77.36403, 38.94295 ] } },
{ "type": "Feature", "properties": { "stop_id": 1482, "stop_name": "S LAKES DR @ S LAKES CT", "wheelchair_boarding": 0 }, "geometry": { "type": "Point", "coordinates": [ -77.35736, 38.94123 ] } },
{ "type": "Feature", "properties": { "stop_id": 1483, "stop_name": "S LAKES DR @ SOAPSTONE DR", "wheelchair_boarding": 0 }, "geometry": { "type": "Point", "coordinates": [ -77.34621, 38.93384 ] } },
{ "type": "Feature", "properties": { "stop_id": 1484, "stop_name": "S LAKES DR @ SOAPSTONE DR", "wheelchair_boarding": 0 }, "geometry": { "type": "Point", "coordinates": [ -77.346103, 38.933515 ] } },
{ "type": "Feature", "properties": { "stop_id": 1485, "stop_name": "S LAKES DR @ SPRINGWOOD DR", "wheelchair_boarding": 0 }, "geometry": { "type": "Point", "coordinates": [ -77.35011, 38.935357 ] } },
{ "type": "Feature", "properties": { "stop_id": 1486, "stop_name": "SOUTH LAKES HIGH SCHOOL", "wheelchair_boarding": 0 }, "geometry": { "type": "Point", "coordinates": [ -77.33848, 38.931059 ] } },
{ "type": "Feature", "properties": { "stop_id": 1487, "stop_name": "S LAKES DR @ TWIN BRANCHES RD", "wheelchair_boarding": 0 }, "geometry": { "type": "Point", "coordinates": [ -77.328637, 38.938954 ] } },
{ "type": "Feature", "properties": { "stop_id": 1488, "stop_name": "S LAKES DR @ TWIN BRANCHES RD", "wheelchair_boarding": 0 }, "geometry": { "type": "Point", "coordinates": [ -77.32926, 38.938187 ] } },
{ "type": "Feature", "properties": { "stop_id": 1489, "stop_name": "S LAKES DR @ SAGEWOOD LA", "wheelchair_boarding": 0 }, "geometry": { "type": "Point", "coordinates": [ -77.328935, 38.94045 ] } },
{ "type": "Feature", "properties": { "stop_id": 1490, "stop_name": "S LAKES DR @ THOREAU PL", "wheelchair_boarding": 0 }, "geometry": { "type": "Point", "coordinates": [ -77.32916, 38.94031 ] } },
{ "type": "Feature", "properties": { "stop_id": 1491, "stop_name": "S LAKES DR @ TANBARK DR", "wheelchair_boarding": 0 }, "geometry": { "type": "Point", "coordinates": [ -77.340869, 38.931056 ] } },
{ "type": "Feature", "properties": { "stop_id": 1493, "stop_name": "S LAKES DR @ WHISPERWOOD GLEN LA", "wheelchair_boarding": 0 }, "geometry": { "type": "Point", "coordinates": [ -77.3356, 38.93221 ] } },
{ "type": "Feature", "properties": { "stop_id": 1494, "stop_name": "SPRING MALL RD @ JUNCTION BLVD", "wheelchair_boarding": 0 }, "geometry": { "type": "Point", "coordinates": [ -77.17454, 38.77156 ] } },
{ "type": "Feature", "properties": { "stop_id": 1495, "stop_name": "SPRING MALL RD @ JUNCTION BLVD", "wheelchair_boarding": 0 }, "geometry": { "type": "Point", "coordinates": [ -77.17457, 38.77131 ] } },
{ "type": "Feature", "properties": { "stop_id": 1496, "stop_name": "SOAPSTONE DR @ CATALPA CT", "wheelchair_boarding": 0 }, "geometry": { "type": "Point", "coordinates": [ -77.344841, 38.923177 ] } },
{ "type": "Feature", "properties": { "stop_id": 1497, "stop_name": "SOAPSTONE DR @ CATALPA CT", "wheelchair_boarding": 0 }, "geometry": { "type": "Point", "coordinates": [ -77.344475, 38.923336 ] } },
{ "type": "Feature", "properties": { "stop_id": 1498, "stop_name": "SOAPSTONE DR @ DURAND DR", "wheelchair_boarding": 0 }, "geometry": { "type": "Point", "coordinates": [ -77.346903, 38.941787 ] } },
{ "type": "Feature", "properties": { "stop_id": 1499, "stop_name": "SOAPSTONE DR @ WINGED FOOT CT", "wheelchair_boarding": 0 }, "geometry": { "type": "Point", "coordinates": [ -77.346664, 38.941189 ] } },
{ "type": "Feature", "properties": { "stop_id": 1500, "stop_name": "SOAPSTONE DR @ GOLF COURSE SQ", "wheelchair_boarding": 0 }, "geometry": { "type": "Point", "coordinates": [ -77.348078, 38.944373 ] } },
{ "type": "Feature", "properties": { "stop_id": 1501, "stop_name": "SOAPSTONE DR @ GOLF COURSE SQ", "wheelchair_boarding": 0 }, "geometry": { "type": "Point", "coordinates": [ -77.348351, 38.944035 ] } },
{ "type": "Feature", "properties": { "stop_id": 1502, "stop_name": "SOAPSTONE DR @ GLENCOURSE LA", "wheelchair_boarding": 0 }, "geometry": { "type": "Point", "coordinates": [ -77.345466, 38.939618 ] } },
{ "type": "Feature", "properties": { "stop_id": 1503, "stop_name": "SOAPSTONE DR @ GLENCOURSE LA", "wheelchair_boarding": 0 }, "geometry": { "type": "Point", "coordinates": [ -77.345369, 38.93671 ] } },
{ "type": "Feature", "properties": { "stop_id": 1504, "stop_name": "SOAPSTONE DR @ HEARTHSTONE CT", "wheelchair_boarding": 0 }, "geometry": { "type": "Point", "coordinates": [ -77.344082, 38.928399 ] } },
{ "type": "Feature", "properties": { "stop_id": 1505, "stop_name": "SOAPSTONE DR @ UNDEROAK CT", "wheelchair_boarding": 0 }, "geometry": { "type": "Point", "coordinates": [ -77.346108, 38.930666 ] } },
{ "type": "Feature", "properties": { "stop_id": 1506, "stop_name": "SOAPSTONE DR @ LAWYERS RD", "wheelchair_boarding": 0 }, "geometry": { "type": "Point", "coordinates": [ -77.346399, 38.920997 ] } },
{ "type": "Feature", "properties": { "stop_id": 1507, "stop_name": "SOAPSTONE DR @ PURPLE BEECH DR", "wheelchair_boarding": 0 }, "geometry": { "type": "Point", "coordinates": [ -77.3456, 38.940096 ] } },
{ "type": "Feature", "properties": { "stop_id": 1508, "stop_name": "SOAPSTONE DR @ ROLLING GREEN CT", "wheelchair_boarding": 0 }, "geometry": { "type": "Point", "coordinates": [ -77.345568, 38.93483 ] } },
{ "type": "Feature", "properties": { "stop_id": 1509, "stop_name": "SOAPSTONE DR @ RIDGE HEIGHTS RD", "wheelchair_boarding": 0 }, "geometry": { "type": "Point", "coordinates": [ -77.34504, 38.938811 ] } },
{ "type": "Feature", "properties": { "stop_id": 1510, "stop_name": "SOUTHGATE DR @ RICHMOND HWY", "wheelchair_boarding": 0 }, "geometry": { "type": "Point", "coordinates": [ -77.082804, 38.774369 ] } },
{ "type": "Feature", "properties": { "stop_id": 1511, "stop_name": "SOUTHGATE DR @ RICHMOND HWY", "wheelchair_boarding": 0 }, "geometry": { "type": "Point", "coordinates": [ -77.08283, 38.774235 ] } },
{ "type": "Feature", "properties": { "stop_id": 1512, "stop_name": "SOAPSTONE DR @ STONEVIEW SQ", "wheelchair_boarding": 0 }, "geometry": { "type": "Point", "coordinates": [ -77.347162, 38.932735 ] } },
{ "type": "Feature", "properties": { "stop_id": 1513, "stop_name": "SOAPSTONE DR @ STONEVIEW SQ", "wheelchair_boarding": 0 }, "geometry": { "type": "Point", "coordinates": [ -77.346851, 38.93246 ] } },
{ "type": "Feature", "properties": { "stop_id": 1514, "stop_name": "SOAPSTONE DR @ WOODHOLLOW CT", "wheelchair_boarding": 0 }, "geometry": { "type": "Point", "coordinates": [ -77.343982, 38.927019 ] } },
{ "type": "Feature", "properties": { "stop_id": 1515, "stop_name": "SPRINGER DR @ BERGER PL", "wheelchair_boarding": 0 }, "geometry": { "type": "Point", "coordinates": [ -77.404606, 38.962914 ] } },
{ "type": "Feature", "properties": { "stop_id": 1516, "stop_name": "SPRINGER DR @ CHAMBLEE PL", "wheelchair_boarding": 0 }, "geometry": { "type": "Point", "coordinates": [ -77.406038, 38.96329 ] } },
{ "type": "Feature", "properties": { "stop_id": 1517, "stop_name": "SPRINGER DR @ FERGUSON PL", "wheelchair_boarding": 0 }, "geometry": { "type": "Point", "coordinates": [ -77.403443, 38.961299 ] } },
{ "type": "Feature", "properties": { "stop_id": 1518, "stop_name": "SOUTHRUN RD @ BRUTUS CT", "wheelchair_boarding": 0 }, "geometry": { "type": "Point", "coordinates": [ -77.23506, 38.7279 ] } },
{ "type": "Feature", "properties": { "stop_id": 1519, "stop_name": "SOUTHRUN RD @ BLUE ROCK LA", "wheelchair_boarding": 0 }, "geometry": { "type": "Point", "coordinates": [ -77.24032, 38.7276 ] } },
{ "type": "Feature", "properties": { "stop_id": 1520, "stop_name": "SOUTHRUN RD @ BARK TREE CT", "wheelchair_boarding": 0 }, "geometry": { "type": "Point", "coordinates": [ -77.22795, 38.73146 ] } },
{ "type": "Feature", "properties": { "stop_id": 1521, "stop_name": "SOUTHRUN RD @ CARMELA CIR", "wheelchair_boarding": 0 }, "geometry": { "type": "Point", "coordinates": [ -77.23449, 38.7283 ] } },
{ "type": "Feature", "properties": { "stop_id": 1522, "stop_name": "SUMMER RIDGE RD @ DARBY TOWNE CT", "wheelchair_boarding": 0 }, "geometry": { "type": "Point", "coordinates": [ -77.13748, 38.76372 ] } },
{ "type": "Feature", "properties": { "stop_id": 1523, "stop_name": "SUMMER RIDGE RD @ EDGEWARE LA", "wheelchair_boarding": 0 }, "geometry": { "type": "Point", "coordinates": [ -77.13903, 38.76483 ] } },
{ "type": "Feature", "properties": { "stop_id": 1524, "stop_name": "SOUTHRUN RD @ GREAT LAKE LA", "wheelchair_boarding": 0 }, "geometry": { "type": "Point", "coordinates": [ -77.22996, 38.7294 ] } },
{ "type": "Feature", "properties": { "stop_id": 1525, "stop_name": "SOUTHRUN RD@ GOLDEN RIDGE RD", "wheelchair_boarding": 0 }, "geometry": { "type": "Point", "coordinates": [ -77.24066, 38.72762 ] } },
{ "type": "Feature", "properties": { "stop_id": 1527, "stop_name": "SUMMER RIDGE RD @ LENSFIELD CT", "wheelchair_boarding": 0 }, "geometry": { "type": "Point", "coordinates": [ -77.13673, 38.76167 ] } },
{ "type": "Feature", "properties": { "stop_id": 1528, "stop_name": "SOUTHRUN RD @ RUSHING CREEK DR", "wheelchair_boarding": 0 }, "geometry": { "type": "Point", "coordinates": [ -77.22652, 38.73539 ] } },
{ "type": "Feature", "properties": { "stop_id": 1531, "stop_name": "SOUTHRUN RD @ RIPPLED CREEK CT", "wheelchair_boarding": 0 }, "geometry": { "type": "Point", "coordinates": [ -77.23152, 38.7287 ] } },
{ "type": "Feature", "properties": { "stop_id": 1532, "stop_name": "SOUTHRUN RD @ SILVERDALE RD", "wheelchair_boarding": 0 }, "geometry": { "type": "Point", "coordinates": [ -77.23837, 38.72705 ] } },
{ "type": "Feature", "properties": { "stop_id": 1533, "stop_name": "SOUTHRUN RD @ SILVERDALE RD", "wheelchair_boarding": 0 }, "geometry": { "type": "Point", "coordinates": [ -77.23829, 38.72691 ] } },
{ "type": "Feature", "properties": { "stop_id": 1534, "stop_name": "SUMMER RIDGE RD @ WESCOTT HILLS WAY", "wheelchair_boarding": 0 }, "geometry": { "type": "Point", "coordinates": [ -77.141866, 38.760572 ] } },
{ "type": "Feature", "properties": { "stop_id": 1535, "stop_name": "SUMMER RIDGE RD @ WORSLEY WAY", "wheelchair_boarding": 0 }, "geometry": { "type": "Point", "coordinates": [ -77.1372, 38.76025 ] } },
{ "type": "Feature", "properties": { "stop_id": 1538, "stop_name": "CHANTILLY LIBRARY", "wheelchair_boarding": 0 }, "geometry": { "type": "Point", "coordinates": [ -77.407497, 38.881868 ] } },
{ "type": "Feature", "properties": { "stop_id": 1539, "stop_name": "STRINGFELLOW RD @ MELVILLE LA", "wheelchair_boarding": 0 }, "geometry": { "type": "Point", "coordinates": [ -77.406483, 38.863728 ] } },
{ "type": "Feature", "properties": { "stop_id": 1540, "stop_name": "STRINGFELLOW RD @ FAIR LAKES PKWY", "wheelchair_boarding": 0 }, "geometry": { "type": "Point", "coordinates": [ -77.405626, 38.862067 ] } },
{ "type": "Feature", "properties": { "stop_id": 1541, "stop_name": "STRINGFELLOW RD @ FAIR LAKES PKWY", "wheelchair_boarding": 0 }, "geometry": { "type": "Point", "coordinates": [ -77.406006, 38.862382 ] } },
{ "type": "Feature", "properties": { "stop_id": 1542, "stop_name": "STRINGFELLOW RD @ POINT PLEASANT DR", "wheelchair_boarding": 0 }, "geometry": { "type": "Point", "coordinates": [ -77.407942, 38.871952 ] } },
{ "type": "Feature", "properties": { "stop_id": 1543, "stop_name": "STRINGFELLOW RD @ POINT PLEASANT DR", "wheelchair_boarding": 0 }, "geometry": { "type": "Point", "coordinates": [ -77.408193, 38.871599 ] } },
{ "type": "Feature", "properties": { "stop_id": 1544, "stop_name": "CHANTILLY HIGH SCHOOL", "wheelchair_boarding": 0 }, "geometry": { "type": "Point", "coordinates": [ -77.407192, 38.881824 ] } },
{ "type": "Feature", "properties": { "stop_id": 1545, "stop_name": "STRINGFELLOW RD @ POPLAR TREE RD", "wheelchair_boarding": 0 }, "geometry": { "type": "Point", "coordinates": [ -77.408338, 38.874529 ] } },
{ "type": "Feature", "properties": { "stop_id": 1547, "stop_name": "STRINGFELLOW RD @ STREAM VALLEY DR", "wheelchair_boarding": 0 }, "geometry": { "type": "Point", "coordinates": [ -77.408818, 38.878058 ] } },
{ "type": "Feature", "properties": { "stop_id": 1549, "stop_name": "SUNRISE VALLEY @ ALEXANDER BELL DR", "wheelchair_boarding": 0 }, "geometry": { "type": "Point", "coordinates": [ -77.319735, 38.943314 ] } },
{ "type": "Feature", "properties": { "stop_id": 1551, "stop_name": "SUNRISE VALLEY DR @ ASSOCIATION DR", "wheelchair_boarding": 0 }, "geometry": { "type": "Point", "coordinates": [ -77.34471, 38.94512 ] } },
{ "type": "Feature", "properties": { "stop_id": 1552, "stop_name": "SUNRISE VALLEY DR @ BARTON HILL RD", "wheelchair_boarding": 0 }, "geometry": { "type": "Point", "coordinates": [ -77.324584, 38.940948 ] } },
{ "type": "Feature", "properties": { "stop_id": 1553, "stop_name": "SUNRISE VALLEY @ WOOD OAK DR W", "wheelchair_boarding": 0 }, "geometry": { "type": "Point", "coordinates": [ -77.40237, 38.95169 ] } },
{ "type": "Feature", "properties": { "stop_id": 1554, "stop_name": "SUNRISE VALLEY DR @ COLTS BROOK DR", "wheelchair_boarding": 0 }, "geometry": { "type": "Point", "coordinates": [ -77.38966, 38.94802 ] } },
{ "type": "Feature", "properties": { "stop_id": 1555, "stop_name": "SUNRISE VALLEY DR @ COLTS BROOK DR", "wheelchair_boarding": 0 }, "geometry": { "type": "Point", "coordinates": [ -77.38986, 38.94776 ] } },
{ "type": "Feature", "properties": { "stop_id": 1556, "stop_name": "SUNRISE VLY @ CAMPUS COMMONS DR E", "wheelchair_boarding": 0 }, "geometry": { "type": "Point", "coordinates": [ -77.333096, 38.942315 ] } },
{ "type": "Feature", "properties": { "stop_id": 1557, "stop_name": "SUNRISE VLY @ CAMPUS COMMONS DR W", "wheelchair_boarding": 0 }, "geometry": { "type": "Point", "coordinates": [ -77.337239, 38.943821 ] } },
{ "type": "Feature", "properties": { "stop_id": 1558, "stop_name": "SUNRISE VALLEY DR @ CENTENNIAL PARK", "wheelchair_boarding": 0 }, "geometry": { "type": "Point", "coordinates": [ -77.34169, 38.94529 ] } },
{ "type": "Feature", "properties": { "stop_id": 1559, "stop_name": "SUNRISE VALLEY DR @ CENTREVILLE RD", "wheelchair_boarding": 0 }, "geometry": { "type": "Point", "coordinates": [ -77.407636, 38.951606 ] } },
{ "type": "Feature", "properties": { "stop_id": 1560, "stop_name": "SUNRISE VALLEY DR @ COPPERMINE RD", "wheelchair_boarding": 0 }, "geometry": { "type": "Point", "coordinates": [ -77.42568, 38.95377 ] } },
{ "type": "Feature", "properties": { "stop_id": 1561, "stop_name": "SUNRISE VALLEY DR @ MANSARDE AVE", "wheelchair_boarding": 0 }, "geometry": { "type": "Point", "coordinates": [ -77.42609, 38.95377 ] } },
{ "type": "Feature", "properties": { "stop_id": 1562, "stop_name": "13825 SUNRISE VALLEY DR", "wheelchair_boarding": 0 }, "geometry": { "type": "Point", "coordinates": [ -77.425, 38.9548 ] } },
{ "type": "Feature", "properties": { "stop_id": 1564, "stop_name": "SUNRISE VALLEY DR @ COLTS NECK RD", "wheelchair_boarding": 0 }, "geometry": { "type": "Point", "coordinates": [ -77.35744, 38.94575 ] } },
{ "type": "Feature", "properties": { "stop_id": 1565, "stop_name": "11830 SUNRISE VALLEY DR", "wheelchair_boarding": 0 }, "geometry": { "type": "Point", "coordinates": [ -77.35564, 38.94838 ] } },
{ "type": "Feature", "properties": { "stop_id": 1567, "stop_name": "SUNRISE VALLEY DR @ CORPORATE PARK", "wheelchair_boarding": 0 }, "geometry": { "type": "Point", "coordinates": [ -77.397269, 38.94972 ] } },
{ "type": "Feature", "properties": { "stop_id": 1568, "stop_name": "SUNRISE VALLEY DR @ DULLES CORNER L", "wheelchair_boarding": 0 }, "geometry": { "type": "Point", "coordinates": [ -77.42407, 38.95672 ] } },
{ "type": "Feature", "properties": { "stop_id": 1569, "stop_name": "SUNRISE VALLEY DR @ DULLES CORNER D", "wheelchair_boarding": 0 }, "geometry": { "type": "Point", "coordinates": [ -77.42273, 38.95856 ] } },
{ "type": "Feature", "properties": { "stop_id": 1570, "stop_name": "SUNRISE VALLEY @ DULLES TOWN BLVD", "wheelchair_boarding": 0 }, "geometry": { "type": "Point", "coordinates": [ -77.42511, 38.95523 ] } },
{ "type": "Feature", "properties": { "stop_id": 1571, "stop_name": "SUNRISE VALLEY DR @ SAYWARD BLVD", "wheelchair_boarding": 0 }, "geometry": { "type": "Point", "coordinates": [ -77.42218, 38.95886 ] } },
{ "type": "Feature", "properties": { "stop_id": 1572, "stop_name": "13755 SUNRISE VALLEY DR", "wheelchair_boarding": 0 }, "geometry": { "type": "Point", "coordinates": [ -77.42144, 38.95999 ] } },
{ "type": "Feature", "properties": { "stop_id": 1574, "stop_name": "SUNRISE VALLEY @ DULLES TECHNOLOGY", "wheelchair_boarding": 0 }, "geometry": { "type": "Point", "coordinates": [ -77.41214, 38.95777 ] } },
{ "type": "Feature", "properties": { "stop_id": 1575, "stop_name": "SUNRISE VALLEY DR @ MERRYBROOK DR", "wheelchair_boarding": 0 }, "geometry": { "type": "Point", "coordinates": [ -77.42369, 38.95663 ] } },
{ "type": "Feature", "properties": { "stop_id": 1576, "stop_name": "SUNRISE VALLEY @ DULLES VIEW DR (SO", "wheelchair_boarding": 0 }, "geometry": { "type": "Point", "coordinates": [ -77.42588, 38.95142 ] } },
{ "type": "Feature", "properties": { "stop_id": 1577, "stop_name": "SUNRISE VALLEY DR @ DULLES VIEW DR", "wheelchair_boarding": 0 }, "geometry": { "type": "Point", "coordinates": [ -77.42576, 38.95177 ] } },
{ "type": "Feature", "properties": { "stop_id": 1578, "stop_name": "SUNRISE VALLEY @ EDMUND HALLEY DR", "wheelchair_boarding": 0 }, "geometry": { "type": "Point", "coordinates": [ -77.36479, 38.9489 ] } },
{ "type": "Feature", "properties": { "stop_id": 1579, "stop_name": "SUNRISE VALLEY @ EDMUND HALLEY DR", "wheelchair_boarding": 0 }, "geometry": { "type": "Point", "coordinates": [ -77.36414, 38.94887 ] } },
{ "type": "Feature", "properties": { "stop_id": 1580, "stop_name": "SUNRISE VALLEY DR @ U.S.G.S DR E", "wheelchair_boarding": 0 }, "geometry": { "type": "Point", "coordinates": [ -77.36654, 38.95006 ] } },
{ "type": "Feature", "properties": { "stop_id": 1581, "stop_name": "SUNRISE VALLEY DR @ GLEN ECHO RD", "wheelchair_boarding": 0 }, "geometry": { "type": "Point", "coordinates": [ -77.407715, 38.951174 ] } },
{ "type": "Feature", "properties": { "stop_id": 1583, "stop_name": "SUNRISE VALLEY DR @ FOX MILL RD", "wheelchair_boarding": 0 }, "geometry": { "type": "Point", "coordinates": [ -77.40608, 38.95058 ] } },
{ "type": "Feature", "properties": { "stop_id": 1584, "stop_name": "SUNRISE VALLEY DR @ GLADE DR", "wheelchair_boarding": 0 }, "geometry": { "type": "Point", "coordinates": [ -77.37406, 38.94931 ] } },
{ "type": "Feature", "properties": { "stop_id": 1585, "stop_name": "SUNRISE VALLEY DR @ FAIRFAX COUNTY", "wheelchair_boarding": 0 }, "geometry": { "type": "Point", "coordinates": [ -77.37503, 38.94857 ] } },
{ "type": "Feature", "properties": { "stop_id": 1586, "stop_name": "SUNRISE VALLEY DR @ GLADE DR", "wheelchair_boarding": 0 }, "geometry": { "type": "Point", "coordinates": [ -77.37472, 38.94846 ] } },
{ "type": "Feature", "properties": { "stop_id": 1587, "stop_name": "12361 SUNRISE VALLEY DR", "wheelchair_boarding": 0 }, "geometry": { "type": "Point", "coordinates": [ -77.37382, 38.94909 ] } },
{ "type": "Feature", "properties": { "stop_id": 1588, "stop_name": "SUNRISE VALLEY DR @ U.S.G.S DR W", "wheelchair_boarding": 0 }, "geometry": { "type": "Point", "coordinates": [ -77.37174, 38.95118 ] } },
{ "type": "Feature", "properties": { "stop_id": 1591, "stop_name": "SUNRISE VALLEY DR @ JEFFERSON PARK", "wheelchair_boarding": 0 }, "geometry": { "type": "Point", "coordinates": [ -77.42216, 38.94935 ] } },
{ "type": "Feature", "properties": { "stop_id": 1592, "stop_name": "SUNRISE VALLEY DR @ JEFFERSON PARK", "wheelchair_boarding": 0 }, "geometry": { "type": "Point", "coordinates": [ -77.42194, 38.94966 ] } },
{ "type": "Feature", "properties": { "stop_id": 1593, "stop_name": "13861 SUNRISE VALLEY DR", "wheelchair_boarding": 0 }, "geometry": { "type": "Point", "coordinates": [ -77.42383, 38.95079 ] } },
{ "type": "Feature", "properties": { "stop_id": 1594, "stop_name": "SUNRISE VALLEY DR @ LAKEPORT WAY", "wheelchair_boarding": 0 }, "geometry": { "type": "Point", "coordinates": [ -77.33108, 38.942082 ] } },
{ "type": "Feature", "properties": { "stop_id": 1595, "stop_name": "SUNRISE VALLEY DR @ LAKEPORT WAY", "wheelchair_boarding": 0 }, "geometry": { "type": "Point", "coordinates": [ -77.33122, 38.94178 ] } },
{ "type": "Feature", "properties": { "stop_id": 1596, "stop_name": "SUNRISE VALLEY DR @ LOCUST PARK DR", "wheelchair_boarding": 0 }, "geometry": { "type": "Point", "coordinates": [ -77.39681, 38.94909 ] } },
{ "type": "Feature", "properties": { "stop_id": 1597, "stop_name": "SUNRISE VALLEY DR @ MILBURN LA", "wheelchair_boarding": 0 }, "geometry": { "type": "Point", "coordinates": [ -77.38554, 38.94941 ] } },
{ "type": "Feature", "properties": { "stop_id": 1598, "stop_name": "SUNRISE VALLEY DR @ MILBURN LA", "wheelchair_boarding": 0 }, "geometry": { "type": "Point", "coordinates": [ -77.38553, 38.949 ] } },
{ "type": "Feature", "properties": { "stop_id": 1599, "stop_name": "SUNRISE VALLEY DR @ MONROE ST", "wheelchair_boarding": 0 }, "geometry": { "type": "Point", "coordinates": [ -77.39233, 38.94865 ] } },
{ "type": "Feature", "properties": { "stop_id": 1600, "stop_name": "SUNRISE VALLEY DR @ PARKRIDGE BLVD", "wheelchair_boarding": 0 }, "geometry": { "type": "Point", "coordinates": [ -77.315558, 38.943207 ] } },
{ "type": "Feature", "properties": { "stop_id": 1601, "stop_name": "SUNRISE VALLEY @ PRESTON WHITE DR", "wheelchair_boarding": 0 }, "geometry": { "type": "Point", "coordinates": [ -77.326763, 38.941451 ] } },
{ "type": "Feature", "properties": { "stop_id": 1602, "stop_name": "SUNRISE VALLEY DR @ RIVER BIRCH RD", "wheelchair_boarding": 0 }, "geometry": { "type": "Point", "coordinates": [ -77.42118, 38.94838 ] } },
{ "type": "Feature", "properties": { "stop_id": 1604, "stop_name": "SUNRISE VALLEY @ ROLAND CLARKE PL", "wheelchair_boarding": 0 }, "geometry": { "type": "Point", "coordinates": [ -77.35067, 38.94827 ] } },
{ "type": "Feature", "properties": { "stop_id": 1605, "stop_name": "SUNRISE VALLEY @ ROLAND CLARKE PL", "wheelchair_boarding": 0 }, "geometry": { "type": "Point", "coordinates": [ -77.35106, 38.9482 ] } },
{ "type": "Feature", "properties": { "stop_id": 1606, "stop_name": "SUNRISE VALLEY DR @ INTERNATIONAL C", "wheelchair_boarding": 0 }, "geometry": { "type": "Point", "coordinates": [ -77.35438, 38.94912 ] } },
{ "type": "Feature", "properties": { "stop_id": 1607, "stop_name": "11830 SUNRISE VALLEY DR", "wheelchair_boarding": 0 }, "geometry": { "type": "Point", "coordinates": [ -77.35616, 38.94822 ] } },
{ "type": "Feature", "properties": { "stop_id": 1609, "stop_name": "SUNRISE VALLEY @ ROBERT FULTON DR", "wheelchair_boarding": 0 }, "geometry": { "type": "Point", "coordinates": [ -77.321713, 38.942011 ] } },
{ "type": "Feature", "properties": { "stop_id": 1610, "stop_name": "SUNRISE VALLEY DR @ ROLLING FORK CI", "wheelchair_boarding": 0 }, "geometry": { "type": "Point", "coordinates": [ -77.405243, 38.950884 ] } },
{ "type": "Feature", "properties": { "stop_id": 1611, "stop_name": "12000 SUNRISE VALLEY DR", "wheelchair_boarding": 0 }, "geometry": { "type": "Point", "coordinates": [ -77.36017, 38.94657 ] } },
{ "type": "Feature", "properties": { "stop_id": 1612, "stop_name": "SUNRISE VALLEY DR @ RESTON PKWY", "wheelchair_boarding": 0 }, "geometry": { "type": "Point", "coordinates": [ -77.36031, 38.94638 ] } },
{ "type": "Feature", "properties": { "stop_id": 1613, "stop_name": "SUNRISE VALLEY DR @ U.S.G.S DR E", "wheelchair_boarding": 0 }, "geometry": { "type": "Point", "coordinates": [ -77.36631, 38.94969 ] } },
{ "type": "Feature", "properties": { "stop_id": 1614, "stop_name": "SUNRISE VALLEY @ SOUTH LAKES DR", "wheelchair_boarding": 0 }, "geometry": { "type": "Point", "coordinates": [ -77.328854, 38.94181 ] } },
{ "type": "Feature", "properties": { "stop_id": 1615, "stop_name": "12300 SUNRISE VALLEY DR", "wheelchair_boarding": 0 }, "geometry": { "type": "Point", "coordinates": [ -77.37327, 38.95049 ] } },
{ "type": "Feature", "properties": { "stop_id": 1616, "stop_name": "SUNRISE VALLEY DR @ SOAPSTONE DR", "wheelchair_boarding": 0 }, "geometry": { "type": "Point", "coordinates": [ -77.34757, 38.94582 ] } },
{ "type": "Feature", "properties": { "stop_id": 1617, "stop_name": "SUNRISE VALLEY @ ASSOCIATION DR W", "wheelchair_boarding": 0 }, "geometry": { "type": "Point", "coordinates": [ -77.3469, 38.94571 ] } },
{ "type": "Feature", "properties": { "stop_id": 1618, "stop_name": "SUNRISE VALLEY DR @ THUNDER CHASE D", "wheelchair_boarding": 0 }, "geometry": { "type": "Point", "coordinates": [ -77.38005, 38.95012 ] } },
{ "type": "Feature", "properties": { "stop_id": 1619, "stop_name": "SUNRISE VALLEY @ THUNDER CHASE DR", "wheelchair_boarding": 0 }, "geometry": { "type": "Point", "coordinates": [ -77.37998, 38.94988 ] } },
{ "type": "Feature", "properties": { "stop_id": 1620, "stop_name": "SUNRISE VALLEY DR @ UPPER LAKE DR W", "wheelchair_boarding": 0 }, "geometry": { "type": "Point", "coordinates": [ -77.33785, 38.94392 ] } },
{ "type": "Feature", "properties": { "stop_id": 1621, "stop_name": "SUNRISE VALLEY DR @ UPPER LAKE DR E", "wheelchair_boarding": 0 }, "geometry": { "type": "Point", "coordinates": [ -77.33324, 38.94208 ] } },
{ "type": "Feature", "properties": { "stop_id": 1622, "stop_name": "SUNRISE VALLEY DR @ WETHERSFIELD CT", "wheelchair_boarding": 0 }, "geometry": { "type": "Point", "coordinates": [ -77.34268, 38.94518 ] } },
{ "type": "Feature", "properties": { "stop_id": 1623, "stop_name": "SUNRISE VALLEY DR @ WOODLAND POND L", "wheelchair_boarding": 0 }, "geometry": { "type": "Point", "coordinates": [ -77.39406, 38.94852 ] } },
{ "type": "Feature", "properties": { "stop_id": 1624, "stop_name": "SEVEN WOODS DR @ BUCKMAN RD", "wheelchair_boarding": 0 }, "geometry": { "type": "Point", "coordinates": [ -77.0985, 38.73802 ] } },
{ "type": "Feature", "properties": { "stop_id": 1625, "stop_name": "SEVEN WOODS DR @ CAPISTRANO PL", "wheelchair_boarding": 0 }, "geometry": { "type": "Point", "coordinates": [ -77.09882, 38.73899 ] } },
{ "type": "Feature", "properties": { "stop_id": 1626, "stop_name": "SEVEN WOODS DR @ EL CERRITO PL", "wheelchair_boarding": 0 }, "geometry": { "type": "Point", "coordinates": [ -77.09842, 38.73818 ] } },
{ "type": "Feature", "properties": { "stop_id": 1627, "stop_name": "SEVEN WOODS DR @ SAUSALITO PL", "wheelchair_boarding": 0 }, "geometry": { "type": "Point", "coordinates": [ -77.09912, 38.74074 ] } },
{ "type": "Feature", "properties": { "stop_id": 1628, "stop_name": "SEVEN WOODS DR @ TAMARIND ST", "wheelchair_boarding": 0 }, "geometry": { "type": "Point", "coordinates": [ -77.09817, 38.7415 ] } },
{ "type": "Feature", "properties": { "stop_id": 1629, "stop_name": "TAPAWINGO RD @ HILLCREST DR", "wheelchair_boarding": 0 }, "geometry": { "type": "Point", "coordinates": [ -77.261075, 38.890592 ] } },
{ "type": "Feature", "properties": { "stop_id": 1630, "stop_name": "TAPAWINGO RD @ MEADOW LA", "wheelchair_boarding": 0 }, "geometry": { "type": "Point", "coordinates": [ -77.267574, 38.887287 ] } },
{ "type": "Feature", "properties": { "stop_id": 1631, "stop_name": "TAPAWINGO RD SW @ WARE ST SW", "wheelchair_boarding": 1 }, "geometry": { "type": "Point", "coordinates": [ -77.264746, 38.888594 ] } },
{ "type": "Feature", "properties": { "stop_id": 1632, "stop_name": "TWIN BRANCHES RD @ LAKE AUDUBON CT", "wheelchair_boarding": 0 }, "geometry": { "type": "Point", "coordinates": [ -77.326542, 38.935039 ] } },
{ "type": "Feature", "properties": { "stop_id": 1633, "stop_name": "TWIN BRANCHES RD@SENTINEL POINT CT", "wheelchair_boarding": 0 }, "geometry": { "type": "Point", "coordinates": [ -77.326513, 38.935449 ] } },
{ "type": "Feature", "properties": { "stop_id": 1634, "stop_name": "TWIN BRANCHES RD @ VILLARIDGE DR", "wheelchair_boarding": 0 }, "geometry": { "type": "Point", "coordinates": [ -77.328072, 38.938245 ] } },
{ "type": "Feature", "properties": { "stop_id": 1635, "stop_name": "TWIN BRANCHES RD @ VILLARIDGE CT", "wheelchair_boarding": 0 }, "geometry": { "type": "Point", "coordinates": [ -77.327581, 38.937574 ] } },
{ "type": "Feature", "properties": { "stop_id": 1636, "stop_name": "TOWN CENTER PKWY @ BARON CAMERON AV", "wheelchair_boarding": 0 }, "geometry": { "type": "Point", "coordinates": [ -77.36032, 38.96528 ] } },
{ "type": "Feature", "properties": { "stop_id": 1637, "stop_name": "TOWN CENTER PKWY @ BOWMAN TOWNE DR", "wheelchair_boarding": 0 }, "geometry": { "type": "Point", "coordinates": [ -77.36196, 38.96254 ] } },
{ "type": "Feature", "properties": { "stop_id": 1638, "stop_name": "TOWN CENTER PKWY @ CAMERON GLEN DR", "wheelchair_boarding": 0 }, "geometry": { "type": "Point", "coordinates": [ -77.36118, 38.96358 ] } },
{ "type": "Feature", "properties": { "stop_id": 1639, "stop_name": "TOWN CENTER PKWY @ BARON CAMERON AV", "wheelchair_boarding": 0 }, "geometry": { "type": "Point", "coordinates": [ -77.36022, 38.96487 ] } },
{ "type": "Feature", "properties": { "stop_id": 1641, "stop_name": "TOWN CTR PKWY @ EDGEWATER POND RD", "wheelchair_boarding": 0 }, "geometry": { "type": "Point", "coordinates": [ -77.36141, 38.96365 ] } },
{ "type": "Feature", "properties": { "stop_id": 1642, "stop_name": "LAWRENCE ST @ RUSSELL RD", "wheelchair_boarding": 0 }, "geometry": { "type": "Point", "coordinates": [ -77.105561, 38.739929 ] } },
{ "type": "Feature", "properties": { "stop_id": 1643, "stop_name": "RESTON HOSPITAL CENTER", "wheelchair_boarding": 0 }, "geometry": { "type": "Point", "coordinates": [ -77.36276, 38.96124 ] } },
{ "type": "Feature", "properties": { "stop_id": 1644, "stop_name": "TOWN CENTER PKWY @NEW DOMINION PKWY", "wheelchair_boarding": 0 }, "geometry": { "type": "Point", "coordinates": [ -77.36299, 38.96014 ] } },
{ "type": "Feature", "properties": { "stop_id": 1646, "stop_name": "TOWN CENTER PKWY @ SUNSET HILLS RD", "wheelchair_boarding": 0 }, "geometry": { "type": "Point", "coordinates": [ -77.362745, 38.954434 ] } },
{ "type": "Feature", "properties": { "stop_id": 1647, "stop_name": "RESTON HOSPITAL CENTER", "wheelchair_boarding": 0 }, "geometry": { "type": "Point", "coordinates": [ -77.36221, 38.96262 ] } },
{ "type": "Feature", "properties": { "stop_id": 1648, "stop_name": "TELEGRAPH RD @ ASHBY MANOR PL", "wheelchair_boarding": 0 }, "geometry": { "type": "Point", "coordinates": [ -77.08845, 38.78812 ] } },
{ "type": "Feature", "properties": { "stop_id": 1649, "stop_name": "TELEGRAPH RD @ BROADMOOR ST", "wheelchair_boarding": 0 }, "geometry": { "type": "Point", "coordinates": [ -77.14246, 38.74908 ] } },
{ "type": "Feature", "properties": { "stop_id": 1651, "stop_name": "TELEGRAPH RD @ BELLEAU WOODS LA", "wheelchair_boarding": 0 }, "geometry": { "type": "Point", "coordinates": [ -77.13659, 38.75729 ] } },
{ "type": "Feature", "properties": { "stop_id": 1652, "stop_name": "TELEGRAPH RD @ CLIMBHILL RD", "wheelchair_boarding": 0 }, "geometry": { "type": "Point", "coordinates": [ -77.10677, 38.77947 ] } },
{ "type": "Feature", "properties": { "stop_id": 1653, "stop_name": "TELEGRAPH RD @ D'EVEREUX CIRCLE DR", "wheelchair_boarding": 0 }, "geometry": { "type": "Point", "coordinates": [ -77.1265, 38.76493 ] } },
{ "type": "Feature", "properties": { "stop_id": 1654, "stop_name": "TELEGRAPH RD @ D'EVEREUX CIRCLE DR", "wheelchair_boarding": 0 }, "geometry": { "type": "Point", "coordinates": [ -77.12625, 38.76479 ] } },
{ "type": "Feature", "properties": { "stop_id": 1655, "stop_name": "TELEGRAPH RD @ VAN DORN ST", "wheelchair_boarding": 0 }, "geometry": { "type": "Point", "coordinates": [ -77.12426, 38.76579 ] } },
{ "type": "Feature", "properties": { "stop_id": 1656, "stop_name": "TELEGRAPH RD @ DUNSMORE RD", "wheelchair_boarding": 0 }, "geometry": { "type": "Point", "coordinates": [ -77.13303, 38.76097 ] } },
{ "type": "Feature", "properties": { "stop_id": 1657, "stop_name": "TELEGRAPH RD @ DUNSMORE RD", "wheelchair_boarding": 0 }, "geometry": { "type": "Point", "coordinates": [ -77.13286, 38.76089 ] } },
{ "type": "Feature", "properties": { "stop_id": 1658, "stop_name": "TELEGRAPH RD @ FARMINGTON DR", "wheelchair_boarding": 0 }, "geometry": { "type": "Point", "coordinates": [ -77.08282, 38.79424 ] } },
{ "type": "Feature", "properties": { "stop_id": 1659, "stop_name": "TELEGRAPH RD @ FARMINGTON DR", "wheelchair_boarding": 0 }, "geometry": { "type": "Point", "coordinates": [ -77.08341, 38.79401 ] } },
{ "type": "Feature", "properties": { "stop_id": 1660, "stop_name": "TELEGRAPH RD @ FLORENCE LA", "wheelchair_boarding": 0 }, "geometry": { "type": "Point", "coordinates": [ -77.08722, 38.78877 ] } },
{ "type": "Feature", "properties": { "stop_id": 1661, "stop_name": "TELEGRAPH RD @ GLENWOOD MEWS CT", "wheelchair_boarding": 0 }, "geometry": { "type": "Point", "coordinates": [ -77.13523, 38.75902 ] } },
{ "type": "Feature", "properties": { "stop_id": 1662, "stop_name": "HAYFIELD SCHOOL", "wheelchair_boarding": 0 }, "geometry": { "type": "Point", "coordinates": [ -77.14044, 38.75129 ] } },
{ "type": "Feature", "properties": { "stop_id": 1663, "stop_name": "TELEGRAPH RD @ HIGHLAND MEADOWS CT", "wheelchair_boarding": 0 }, "geometry": { "type": "Point", "coordinates": [ -77.128819, 38.763658 ] } },
{ "type": "Feature", "properties": { "stop_id": 1664, "stop_name": "TEMPORARY RD @ RESTON PKWY", "wheelchair_boarding": 0 }, "geometry": { "type": "Point", "coordinates": [ -77.354077, 38.960237 ] } },
{ "type": "Feature", "properties": { "stop_id": 1665, "stop_name": "TELEGRAPH RD @ EAST DR", "wheelchair_boarding": 0 }, "geometry": { "type": "Point", "coordinates": [ -77.08186, 38.79624 ] } },
{ "type": "Feature", "properties": { "stop_id": 1666, "stop_name": "TEMPORARY RD @ OLD RESTON AVE", "wheelchair_boarding": 0 }, "geometry": { "type": "Point", "coordinates": [ -77.35326, 38.96009 ] } },
{ "type": "Feature", "properties": { "stop_id": 1667, "stop_name": "TELEGRAPH RD @ PIKE RD", "wheelchair_boarding": 0 }, "geometry": { "type": "Point", "coordinates": [ -77.094018, 38.785854 ] } },
{ "type": "Feature", "properties": { "stop_id": 1668, "stop_name": "TELEGRAPH RD @ PIKE RD", "wheelchair_boarding": 0 }, "geometry": { "type": "Point", "coordinates": [ -77.09366, 38.78579 ] } },
{ "type": "Feature", "properties": { "stop_id": 1669, "stop_name": "TELEGRAPH RD @ RAINWATER PL", "wheelchair_boarding": 0 }, "geometry": { "type": "Point", "coordinates": [ -77.19208, 38.71859 ] } },
{ "type": "Feature", "properties": { "stop_id": 1670, "stop_name": "TELEGRAPH RD @ SANDLIN ST", "wheelchair_boarding": 0 }, "geometry": { "type": "Point", "coordinates": [ -77.10075, 38.78329 ] } },
{ "type": "Feature", "properties": { "stop_id": 1671, "stop_name": "TELEGRAPH RD @ SANDLIN CT", "wheelchair_boarding": 0 }, "geometry": { "type": "Point", "coordinates": [ -77.10106, 38.78304 ] } },
{ "type": "Feature", "properties": { "stop_id": 1672, "stop_name": "TELEGRAPH RD @ SHARON CHAPEL RD", "wheelchair_boarding": 0 }, "geometry": { "type": "Point", "coordinates": [ -77.08604, 38.7895 ] } },
{ "type": "Feature", "properties": { "stop_id": 1673, "stop_name": "TELEGRAPH RD @ VIRGINIA HILLS AVE", "wheelchair_boarding": 0 }, "geometry": { "type": "Point", "coordinates": [ -77.10269, 38.78253 ] } },
{ "type": "Feature", "properties": { "stop_id": 1674, "stop_name": "TELEGRAPH RD @ WILCOX CT", "wheelchair_boarding": 0 }, "geometry": { "type": "Point", "coordinates": [ -77.10684, 38.77925 ] } },
{ "type": "Feature", "properties": { "stop_id": 1675, "stop_name": "TELEGRAPH RD @ WICKFORD DR", "wheelchair_boarding": 0 }, "geometry": { "type": "Point", "coordinates": [ -77.13017, 38.76265 ] } },
{ "type": "Feature", "properties": { "stop_id": 1676, "stop_name": "TELEGRAPH RD @ WILLOWOOD LA", "wheelchair_boarding": 0 }, "geometry": { "type": "Point", "coordinates": [ -77.10897, 38.77686 ] } },
{ "type": "Feature", "properties": { "stop_id": 1677, "stop_name": "THOMAS DR @ DEEPFORD ST", "wheelchair_boarding": 0 }, "geometry": { "type": "Point", "coordinates": [ -77.16391, 38.78164 ] } },
{ "type": "Feature", "properties": { "stop_id": 1678, "stop_name": "THOMAS DR @ DEEPFORD ST", "wheelchair_boarding": 0 }, "geometry": { "type": "Point", "coordinates": [ -77.16375, 38.78163 ] } },
{ "type": "Feature", "properties": { "stop_id": 1679, "stop_name": "THOMAS DR @ FRANCONIA RD", "wheelchair_boarding": 0 }, "geometry": { "type": "Point", "coordinates": [ -77.16355, 38.77966 ] } },
{ "type": "Feature", "properties": { "stop_id": 1680, "stop_name": "THOMAS DR @ FRANCONIA RD", "wheelchair_boarding": 0 }, "geometry": { "type": "Point", "coordinates": [ -77.1638, 38.77936 ] } },
{ "type": "Feature", "properties": { "stop_id": 1681, "stop_name": "TIS WELL DR @ CEDAR LANDING CT", "wheelchair_boarding": 0 }, "geometry": { "type": "Point", "coordinates": [ -77.07837, 38.73626 ] } },
{ "type": "Feature", "properties": { "stop_id": 1682, "stop_name": "TIS WELL DR @ HINSON FARM RD", "wheelchair_boarding": 0 }, "geometry": { "type": "Point", "coordinates": [ -77.07801, 38.7376 ] } },
{ "type": "Feature", "properties": { "stop_id": 1683, "stop_name": "THOMAS JEFFERSON DR @ FOUNDERS WAY", "wheelchair_boarding": 0 }, "geometry": { "type": "Point", "coordinates": [ -77.40644, 38.94512 ] } },
{ "type": "Feature", "properties": { "stop_id": 1684, "stop_name": "T JEFFERSON DR @ GOLDEN HARVEST DR", "wheelchair_boarding": 0 }, "geometry": { "type": "Point", "coordinates": [ -77.40645, 38.947478 ] } },
{ "type": "Feature", "properties": { "stop_id": 1685, "stop_name": "THOMAS JEFFERSON DR @ JEFFERSON COM", "wheelchair_boarding": 0 }, "geometry": { "type": "Point", "coordinates": [ -77.4066, 38.94742 ] } },
{ "type": "Feature", "properties": { "stop_id": 1686, "stop_name": "THOMAS JEFFERSON DR @ JAMES MONROE", "wheelchair_boarding": 0 }, "geometry": { "type": "Point", "coordinates": [ -77.40844, 38.94256 ] } },
{ "type": "Feature", "properties": { "stop_id": 1688, "stop_name": "THOMAS JEFFERSON DR @ MISTY DAWN DR", "wheelchair_boarding": 0 }, "geometry": { "type": "Point", "coordinates": [ -77.40788, 38.94843 ] } },
{ "type": "Feature", "properties": { "stop_id": 1689, "stop_name": "THOMAS JEFFERSON DR @ MISTY DAWN DR", "wheelchair_boarding": 0 }, "geometry": { "type": "Point", "coordinates": [ -77.40784, 38.94826 ] } },
{ "type": "Feature", "properties": { "stop_id": 1690, "stop_name": "THOMAS JEFFERSON DR @ MASONS FERRY", "wheelchair_boarding": 0 }, "geometry": { "type": "Point", "coordinates": [ -77.40651, 38.9453 ] } },
{ "type": "Feature", "properties": { "stop_id": 1692, "stop_name": "THOMAS JEFFERSON DR @ WOODROW WILSO", "wheelchair_boarding": 0 }, "geometry": { "type": "Point", "coordinates": [ -77.4081, 38.94408 ] } },
{ "type": "Feature", "properties": { "stop_id": 1694, "stop_name": "TYSONS WESTPARK", "wheelchair_boarding": 0 }, "geometry": { "type": "Point", "coordinates": [ -77.231998, 38.932579 ] } },
{ "type": "Feature", "properties": { "stop_id": 1696, "stop_name": "TWINBROOK RD @ HEATHWOOD CT", "wheelchair_boarding": 0 }, "geometry": { "type": "Point", "coordinates": [ -77.27498, 38.81399 ] } },
{ "type": "Feature", "properties": { "stop_id": 1697, "stop_name": "TWINBROOK RD @ HEATHWOOD CT", "wheelchair_boarding": 0 }, "geometry": { "type": "Point", "coordinates": [ -77.27516, 38.81418 ] } },
{ "type": "Feature", "properties": { "stop_id": 1699, "stop_name": "TWINBROOK RD @ TWINBROOK RUN DR", "wheelchair_boarding": 0 }, "geometry": { "type": "Point", "coordinates": [ -77.27481, 38.81576 ] } },
{ "type": "Feature", "properties": { "stop_id": 1700, "stop_name": "TYSONS CORNER CENTER", "wheelchair_boarding": 0 }, "geometry": { "type": "Point", "coordinates": [ -77.221105, 38.91641 ] } },
{ "type": "Feature", "properties": { "stop_id": 1701, "stop_name": "TYCO RD @ LEESBURG PIKE", "wheelchair_boarding": 0 }, "geometry": { "type": "Point", "coordinates": [ -77.24168, 38.9306 ] } },
{ "type": "Feature", "properties": { "stop_id": 1702, "stop_name": "8500 TYCO RD", "wheelchair_boarding": 0 }, "geometry": { "type": "Point", "coordinates": [ -77.23917, 38.93136 ] } },
{ "type": "Feature", "properties": { "stop_id": 1703, "stop_name": "TYCO RD @ SPRING HILL RD", "wheelchair_boarding": 1 }, "geometry": { "type": "Point", "coordinates": [ -77.2365, 38.93129 ] } },
{ "type": "Feature", "properties": { "stop_id": 1706, "stop_name": "UNIVERSITY DR @ GEORGE MASON BLVD", "wheelchair_boarding": 0 }, "geometry": { "type": "Point", "coordinates": [ -77.309434, 38.835306 ] } },
{ "type": "Feature", "properties": { "stop_id": 1707, "stop_name": "UNIVERSITY DR @ AQUIA CREEK LA", "wheelchair_boarding": 0 }, "geometry": { "type": "Point", "coordinates": [ -77.310776, 38.835112 ] } },
{ "type": "Feature", "properties": { "stop_id": 1708, "stop_name": "VANTAGE RD @ COLDBROOKE CT", "wheelchair_boarding": 0 }, "geometry": { "type": "Point", "coordinates": [ -77.10905, 38.76764 ] } },
{ "type": "Feature", "properties": { "stop_id": 1709, "stop_name": "VANTAGE DR @ ROCK CREEK RD", "wheelchair_boarding": 0 }, "geometry": { "type": "Point", "coordinates": [ -77.10871, 38.76828 ] } },
{ "type": "Feature", "properties": { "stop_id": 1710, "stop_name": "VANTAGE DR @ STREAM BED WAY", "wheelchair_boarding": 0 }, "geometry": { "type": "Point", "coordinates": [ -77.10727, 38.76972 ] } },
{ "type": "Feature", "properties": { "stop_id": 1711, "stop_name": "205 VAN BUREN ST", "wheelchair_boarding": 0 }, "geometry": { "type": "Point", "coordinates": [ -77.388517, 38.955861 ] } },
{ "type": "Feature", "properties": { "stop_id": 1712, "stop_name": "VAN BUREN ST @ WORLDGATE DR", "wheelchair_boarding": 0 }, "geometry": { "type": "Point", "coordinates": [ -77.388485, 38.954415 ] } },
{ "type": "Feature", "properties": { "stop_id": 1713, "stop_name": "VAN BUREN ST @ WORLDGATE DR", "wheelchair_boarding": 0 }, "geometry": { "type": "Point", "coordinates": [ -77.388045, 38.954595 ] } },
{ "type": "Feature", "properties": { "stop_id": 1714, "stop_name": "VAN BUREN ST @ HERNDON PKWY", "wheelchair_boarding": 0 }, "geometry": { "type": "Point", "coordinates": [ -77.388249, 38.956023 ] } },
{ "type": "Feature", "properties": { "stop_id": 1717, "stop_name": "S VAN DORN ST @ CASTLEWELLEN DR", "wheelchair_boarding": 0 }, "geometry": { "type": "Point", "coordinates": [ -77.135333, 38.778839 ] } },
{ "type": "Feature", "properties": { "stop_id": 1718, "stop_name": "S VAN DORN ST @ CHRYSANTHEMUM DR", "wheelchair_boarding": 0 }, "geometry": { "type": "Point", "coordinates": [ -77.13653, 38.78627 ] } },
{ "type": "Feature", "properties": { "stop_id": 1719, "stop_name": "S VAN DORN ST @ CROWN ROYAL DR", "wheelchair_boarding": 0 }, "geometry": { "type": "Point", "coordinates": [ -77.136752, 38.788472 ] } },
{ "type": "Feature", "properties": { "stop_id": 1720, "stop_name": "S VAN DORN ST @ CROWN ROYAL DR", "wheelchair_boarding": 0 }, "geometry": { "type": "Point", "coordinates": [ -77.136376, 38.788 ] } },
{ "type": "Feature", "properties": { "stop_id": 1721, "stop_name": "S VAN DORN ST @ PICKETT ST N", "wheelchair_boarding": 0 }, "geometry": { "type": "Point", "coordinates": [ -77.13407, 38.8052 ] } },
{ "type": "Feature", "properties": { "stop_id": 1722, "stop_name": "S VAN DORN ST @ EDSALL RD", "wheelchair_boarding": 0 }, "geometry": { "type": "Point", "coordinates": [ -77.13372, 38.80656 ] } },
{ "type": "Feature", "properties": { "stop_id": 1723, "stop_name": "S VAN DORN ST @ FRANCONIA RD", "wheelchair_boarding": 0 }, "geometry": { "type": "Point", "coordinates": [ -77.136042, 38.783477 ] } },
{ "type": "Feature", "properties": { "stop_id": 1724, "stop_name": "S VAN DORN ST @ FRANCONIA RD", "wheelchair_boarding": 0 }, "geometry": { "type": "Point", "coordinates": [ -77.13551, 38.78302 ] } },
{ "type": "Feature", "properties": { "stop_id": 1725, "stop_name": "S VAN DORN ST @ KINGSTOWNE BLVD", "wheelchair_boarding": 0 }, "geometry": { "type": "Point", "coordinates": [ -77.13351, 38.77386 ] } },
{ "type": "Feature", "properties": { "stop_id": 1726, "stop_name": "S VAN DORN ST @ KINGSTOWNE BLVD", "wheelchair_boarding": 0 }, "geometry": { "type": "Point", "coordinates": [ -77.13379, 38.77367 ] } },
{ "type": "Feature", "properties": { "stop_id": 1727, "stop_name": "S VAN DORN ST @ LAKE VILLAGE DR", "wheelchair_boarding": 0 }, "geometry": { "type": "Point", "coordinates": [ -77.135647, 38.778507 ] } },
{ "type": "Feature", "properties": { "stop_id": 1728, "stop_name": "S VAN DORN ST @ OAKWOOD RD", "wheelchair_boarding": 0 }, "geometry": { "type": "Point", "coordinates": [ -77.137221, 38.792132 ] } },
{ "type": "Feature", "properties": { "stop_id": 1729, "stop_name": "S VAN DORN ST @ OAKWOOD RD", "wheelchair_boarding": 0 }, "geometry": { "type": "Point", "coordinates": [ -77.136597, 38.790306 ] } },
{ "type": "Feature", "properties": { "stop_id": 1730, "stop_name": "S VAN DORN ST @ PICKETT ST", "wheelchair_boarding": 0 }, "geometry": { "type": "Point", "coordinates": [ -77.133777, 38.804788 ] } },
{ "type": "Feature", "properties": { "stop_id": 1731, "stop_name": "SOUTH VAN DORN ST @ SOUTH PICKETT S", "wheelchair_boarding": 0 }, "geometry": { "type": "Point", "coordinates": [ -77.13403, 38.80376 ] } },
{ "type": "Feature", "properties": { "stop_id": 1732, "stop_name": "S VAN DORN @ WOODFIELD ESTATES DR", "wheelchair_boarding": 0 }, "geometry": { "type": "Point", "coordinates": [ -77.1362, 38.78662 ] } },
{ "type": "Feature", "properties": { "stop_id": 1733, "stop_name": "VIEW LA @ BOLD LION LA", "wheelchair_boarding": 0 }, "geometry": { "type": "Point", "coordinates": [ -77.170403, 38.742872 ] } },
{ "type": "Feature", "properties": { "stop_id": 1734, "stop_name": "VIKING DR @ BRADWELL RD", "wheelchair_boarding": 0 }, "geometry": { "type": "Point", "coordinates": [ -77.383977, 38.927158 ] } },
{ "type": "Feature", "properties": { "stop_id": 1735, "stop_name": "VIKING DR @ REIGH ST", "wheelchair_boarding": 0 }, "geometry": { "type": "Point", "coordinates": [ -77.378948, 38.919885 ] } },
{ "type": "Feature", "properties": { "stop_id": 1737, "stop_name": "VIKING DR @ CHISWELL PL", "wheelchair_boarding": 0 }, "geometry": { "type": "Point", "coordinates": [ -77.376724, 38.919321 ] } },
{ "type": "Feature", "properties": { "stop_id": 1738, "stop_name": "VIKING DR @ JOHN MILTON DR", "wheelchair_boarding": 0 }, "geometry": { "type": "Point", "coordinates": [ -77.382941, 38.929899 ] } },
{ "type": "Feature", "properties": { "stop_id": 1739, "stop_name": "VIKING DR @ KETTERING DR", "wheelchair_boarding": 0 }, "geometry": { "type": "Point", "coordinates": [ -77.384548, 38.925418 ] } },
{ "type": "Feature", "properties": { "stop_id": 1740, "stop_name": "VIEW LA @ MORNING GLEN LA", "wheelchair_boarding": 0 }, "geometry": { "type": "Point", "coordinates": [ -77.16737, 38.74303 ] } },
{ "type": "Feature", "properties": { "stop_id": 1741, "stop_name": "VIKING DR @ PETERSBOROUGH ST", "wheelchair_boarding": 0 }, "geometry": { "type": "Point", "coordinates": [ -77.381039, 38.92042 ] } },
{ "type": "Feature", "properties": { "stop_id": 1742, "stop_name": "VIKING DR @ PRINCE HAROLD CT", "wheelchair_boarding": 0 }, "geometry": { "type": "Point", "coordinates": [ -77.383184, 38.921409 ] } },
{ "type": "Feature", "properties": { "stop_id": 1743, "stop_name": "VIKING DR @ VIKING CT", "wheelchair_boarding": 0 }, "geometry": { "type": "Point", "coordinates": [ -77.384234, 38.923078 ] } },
{ "type": "Feature", "properties": { "stop_id": 1744, "stop_name": "VERNON VIEW DR @ PRICES LA", "wheelchair_boarding": 0 }, "geometry": { "type": "Point", "coordinates": [ -77.06238, 38.71254 ] } },
{ "type": "Feature", "properties": { "stop_id": 1745, "stop_name": "VERNON VIEW DR @ RIVER FARM DR", "wheelchair_boarding": 0 }, "geometry": { "type": "Point", "coordinates": [ -77.06228, 38.71094 ] } },
{ "type": "Feature", "properties": { "stop_id": 1746, "stop_name": "WAKEFIELD ST @ BELLE VIEW BLVD", "wheelchair_boarding": 0 }, "geometry": { "type": "Point", "coordinates": [ -77.06066, 38.77456 ] } },
{ "type": "Feature", "properties": { "stop_id": 1747, "stop_name": "WAKEFIELD DR @ W WAKEFIELD DR", "wheelchair_boarding": 0 }, "geometry": { "type": "Point", "coordinates": [ -77.05857, 38.7727 ] } },
{ "type": "Feature", "properties": { "stop_id": 1752, "stop_name": "WIEHLE AVE @ CHESTNUT GROVE SQ", "wheelchair_boarding": 0 }, "geometry": { "type": "Point", "coordinates": [ -77.33451, 38.95502 ] } },
{ "type": "Feature", "properties": { "stop_id": 1753, "stop_name": "WIEHLE AVE @ CHESTNUT GROVE SQ", "wheelchair_boarding": 0 }, "geometry": { "type": "Point", "coordinates": [ -77.33474, 38.95469 ] } },
{ "type": "Feature", "properties": { "stop_id": 1754, "stop_name": "WIEHLE AVE @ CENTER HARBOR RD", "wheelchair_boarding": 0 }, "geometry": { "type": "Point", "coordinates": [ -77.33641, 38.98112 ] } },
{ "type": "Feature", "properties": { "stop_id": 1755, "stop_name": "WIEHLE AVE @ FAIRWAY DR", "wheelchair_boarding": 0 }, "geometry": { "type": "Point", "coordinates": [ -77.33372, 38.96302 ] } },
{ "type": "Feature", "properties": { "stop_id": 1756, "stop_name": "WIEHLE AVE @ FAIRWAY DR", "wheelchair_boarding": 0 }, "geometry": { "type": "Point", "coordinates": [ -77.333909, 38.96291 ] } },
{ "type": "Feature", "properties": { "stop_id": 1757, "stop_name": "WIEHLE AVE @ ISAAC NEWTON SQ S", "wheelchair_boarding": 0 }, "geometry": { "type": "Point", "coordinates": [ -77.33537, 38.95179 ] } },
{ "type": "Feature", "properties": { "stop_id": 1758, "stop_name": "WIEHLE AVE @ INLET CT", "wheelchair_boarding": 0 }, "geometry": { "type": "Point", "coordinates": [ -77.332777, 38.965671 ] } },
{ "type": "Feature", "properties": { "stop_id": 1759, "stop_name": "WIEHLE AVE @ LONGWOOD GROVE DR", "wheelchair_boarding": 0 }, "geometry": { "type": "Point", "coordinates": [ -77.33474, 38.97645 ] } },
{ "type": "Feature", "properties": { "stop_id": 1760, "stop_name": "WIEHLE @ LONGWOOD GROVE DR S", "wheelchair_boarding": 0 }, "geometry": { "type": "Point", "coordinates": [ -77.33433, 38.97627 ] } },
{ "type": "Feature", "properties": { "stop_id": 1761, "stop_name": "WIEHLE @ LONGWOOD GROVE DR N", "wheelchair_boarding": 0 }, "geometry": { "type": "Point", "coordinates": [ -77.33521, 38.97815 ] } },
{ "type": "Feature", "properties": { "stop_id": 1762, "stop_name": "WIEHLE AVE @ NORTHGATE SQ", "wheelchair_boarding": 0 }, "geometry": { "type": "Point", "coordinates": [ -77.33365, 38.97263 ] } },
{ "type": "Feature", "properties": { "stop_id": 1763, "stop_name": "WIEHLE AVE @ NORTHGATE SQ", "wheelchair_boarding": 0 }, "geometry": { "type": "Point", "coordinates": [ -77.33326, 38.97217 ] } },
{ "type": "Feature", "properties": { "stop_id": 1764, "stop_name": "WIEHLE AV @ NORTH SHORE DR", "wheelchair_boarding": 0 }, "geometry": { "type": "Point", "coordinates": [ -77.3332, 38.97002 ] } },
{ "type": "Feature", "properties": { "stop_id": 1765, "stop_name": "WIEHLE AV @ NORTH SHORE DR", "wheelchair_boarding": 0 }, "geometry": { "type": "Point", "coordinates": [ -77.333571, 38.969244 ] } },
{ "type": "Feature", "properties": { "stop_id": 1766, "stop_name": "WIEHLE AVE @ WEATHERSTONE CT", "wheelchair_boarding": 0 }, "geometry": { "type": "Point", "coordinates": [ -77.34046, 38.98493 ] } },
{ "type": "Feature", "properties": { "stop_id": 1767, "stop_name": "WIEHLE AVE @ WOODBROOK LA", "wheelchair_boarding": 0 }, "geometry": { "type": "Point", "coordinates": [ -77.3387, 38.98409 ] } },
{ "type": "Feature", "properties": { "stop_id": 1768, "stop_name": "WIEHLE AV @ NORTH SHORE DR", "wheelchair_boarding": 0 }, "geometry": { "type": "Point", "coordinates": [ -77.33433, 38.95834 ] } },
{ "type": "Feature", "properties": { "stop_id": 1769, "stop_name": "WIEHLE AV @ NORTH SHORE DR", "wheelchair_boarding": 1 }, "geometry": { "type": "Point", "coordinates": [ -77.334643, 38.958164 ] } },
{ "type": "Feature", "properties": { "stop_id": 1770, "stop_name": "WORLDGATE DR @ ALTON SQ", "wheelchair_boarding": 0 }, "geometry": { "type": "Point", "coordinates": [ -77.390089, 38.95537 ] } },
{ "type": "Feature", "properties": { "stop_id": 1771, "stop_name": "WORLDGATE DR @ WILTSHIRE LA", "wheelchair_boarding": 0 }, "geometry": { "type": "Point", "coordinates": [ -77.399475, 38.957843 ] } },
{ "type": "Feature", "properties": { "stop_id": 1774, "stop_name": "WORLDGATE DR @ ELDEN ST", "wheelchair_boarding": 0 }, "geometry": { "type": "Point", "coordinates": [ -77.400232, 38.957995 ] } },
{ "type": "Feature", "properties": { "stop_id": 1775, "stop_name": "WORLDGATE DR @ WILTSHIRE LA", "wheelchair_boarding": 0 }, "geometry": { "type": "Point", "coordinates": [ -77.398848, 38.956317 ] } },
{ "type": "Feature", "properties": { "stop_id": 1778, "stop_name": "WEST OX RD @ FAIRFAX TOWNE CENTER", "wheelchair_boarding": 0 }, "geometry": { "type": "Point", "coordinates": [ -77.367284, 38.865713 ] } },
{ "type": "Feature", "properties": { "stop_id": 1779, "stop_name": "WORLDGATE DR @ HIGHCOURT LA", "wheelchair_boarding": 0 }, "geometry": { "type": "Point", "coordinates": [ -77.392126, 38.95517 ] } },
{ "type": "Feature", "properties": { "stop_id": 1780, "stop_name": "WORLDGATE DR @ HIGHCOURT LA", "wheelchair_boarding": 0 }, "geometry": { "type": "Point", "coordinates": [ -77.392479, 38.954769 ] } },
{ "type": "Feature", "properties": { "stop_id": 1781, "stop_name": "WEST OX RD @ LEGATO RD", "wheelchair_boarding": 1 }, "geometry": { "type": "Point", "coordinates": [ -77.367027, 38.865359 ] } },
{ "type": "Feature", "properties": { "stop_id": 1782, "stop_name": "WEST OX RD @ OX HILL RD", "wheelchair_boarding": 1 }, "geometry": { "type": "Point", "coordinates": [ -77.36732, 38.873091 ] } },
{ "type": "Feature", "properties": { "stop_id": 1784, "stop_name": "WORLDGATE DR @ VAN BUREN ST", "wheelchair_boarding": 0 }, "geometry": { "type": "Point", "coordinates": [ -77.389357, 38.954856 ] } },
{ "type": "Feature", "properties": { "stop_id": 1785, "stop_name": "WORLDGATE DR @ ALTON SQ", "wheelchair_boarding": 0 }, "geometry": { "type": "Point", "coordinates": [ -77.394324, 38.955063 ] } },
{ "type": "Feature", "properties": { "stop_id": 1787, "stop_name": "7620 BACKLICK RD", "wheelchair_boarding": 0 }, "geometry": { "type": "Point", "coordinates": [ -77.18581, 38.75058 ] } },
{ "type": "Feature", "properties": { "stop_id": 1788, "stop_name": "BEULAH ST @ DARLEON PL", "wheelchair_boarding": 0 }, "geometry": { "type": "Point", "coordinates": [ -77.148956, 38.776152 ] } },
{ "type": "Feature", "properties": { "stop_id": 1789, "stop_name": "BEULAH ST @ GROVEDALE DR", "wheelchair_boarding": 0 }, "geometry": { "type": "Point", "coordinates": [ -77.14793, 38.777693 ] } },
{ "type": "Feature", "properties": { "stop_id": 1790, "stop_name": "BEULAH ST @ KATHMOOR DR", "wheelchair_boarding": 0 }, "geometry": { "type": "Point", "coordinates": [ -77.145789, 38.78077 ] } },
{ "type": "Feature", "properties": { "stop_id": 1791, "stop_name": "BEULAH ST @ KATHMOOR DR", "wheelchair_boarding": 0 }, "geometry": { "type": "Point", "coordinates": [ -77.146047, 38.780537 ] } },
{ "type": "Feature", "properties": { "stop_id": 1792, "stop_name": "BEULAH ST @ METRO PARK DR", "wheelchair_boarding": 0 }, "geometry": { "type": "Point", "coordinates": [ -77.155272, 38.767447 ] } },
{ "type": "Feature", "properties": { "stop_id": 1793, "stop_name": "BERYL RD @ SHELDON DR", "wheelchair_boarding": 0 }, "geometry": { "type": "Point", "coordinates": [ -77.156585, 38.801206 ] } },
{ "type": "Feature", "properties": { "stop_id": 1794, "stop_name": "BIRCHLEIGH WAY @ MEADOWLEIGH WAY", "wheelchair_boarding": 0 }, "geometry": { "type": "Point", "coordinates": [ -77.169659, 38.75656 ] } },
{ "type": "Feature", "properties": { "stop_id": 1795, "stop_name": "BIRCHLEIGH WAY @ SPRINGLEIGH WAY", "wheelchair_boarding": 0 }, "geometry": { "type": "Point", "coordinates": [ -77.17076, 38.756884 ] } },
{ "type": "Feature", "properties": { "stop_id": 1796, "stop_name": "BRADDOCK RD @ BLUE RIDGE AVE", "wheelchair_boarding": 0 }, "geometry": { "type": "Point", "coordinates": [ -77.19973, 38.81167 ] } },
{ "type": "Feature", "properties": { "stop_id": 1797, "stop_name": "BRADDOCK RD @ QUEENSBERRY AVE", "wheelchair_boarding": 0 }, "geometry": { "type": "Point", "coordinates": [ -77.22505, 38.81142 ] } },
{ "type": "Feature", "properties": { "stop_id": 1799, "stop_name": "EDSALL RD @ BLOOMFIELD DR", "wheelchair_boarding": 0 }, "geometry": { "type": "Point", "coordinates": [ -77.160976, 38.802094 ] } },
{ "type": "Feature", "properties": { "stop_id": 1800, "stop_name": "FLEET DR @ BEULAH ST", "wheelchair_boarding": 0 }, "geometry": { "type": "Point", "coordinates": [ -77.153677, 38.772169 ] } },
{ "type": "Feature", "properties": { "stop_id": 1801, "stop_name": "FAIR OAKS MALL", "wheelchair_boarding": 1 }, "geometry": { "type": "Point", "coordinates": [ -77.360322, 38.863727 ] } },
{ "type": "Feature", "properties": { "stop_id": 1802, "stop_name": "GALLOWS RD @ MASONVILLE DR", "wheelchair_boarding": 0 }, "geometry": { "type": "Point", "coordinates": [ -77.205127, 38.847834 ] } },
{ "type": "Feature", "properties": { "stop_id": 1803, "stop_name": "GOVT CTR PARK AND RIDE", "wheelchair_boarding": 0 }, "geometry": { "type": "Point", "coordinates": [ -77.360375, 38.85429 ] } },
{ "type": "Feature", "properties": { "stop_id": 1804, "stop_name": "GLADE DR @ SOAPSTONE DR", "wheelchair_boarding": 0 }, "geometry": { "type": "Point", "coordinates": [ -77.344943, 38.926272 ] } },
{ "type": "Feature", "properties": { "stop_id": 1805, "stop_name": "GREENSBORO DR @ SPRING HILL RD", "wheelchair_boarding": 0 }, "geometry": { "type": "Point", "coordinates": [ -77.236398, 38.92848 ] } },
{ "type": "Feature", "properties": { "stop_id": 1806, "stop_name": "GREENSBORO DR @ SPRING HILL RD", "wheelchair_boarding": 0 }, "geometry": { "type": "Point", "coordinates": [ -77.236033, 38.928391 ] } },
{ "type": "Feature", "properties": { "stop_id": 1807, "stop_name": "HANOVER AVE @ GRACE ST", "wheelchair_boarding": 0 }, "geometry": { "type": "Point", "coordinates": [ -77.195761, 38.791073 ] } },
{ "type": "Feature", "properties": { "stop_id": 1808, "stop_name": "HOOES RD @ NEWINGTON FOREST AVE", "wheelchair_boarding": 0 }, "geometry": { "type": "Point", "coordinates": [ -77.25114, 38.74088 ] } },
{ "type": "Feature", "properties": { "stop_id": 1809, "stop_name": "HERNDON PKWY @ RENEAU WAY", "wheelchair_boarding": 0 }, "geometry": { "type": "Point", "coordinates": [ -77.369777, 38.970171 ] } },
{ "type": "Feature", "properties": { "stop_id": 1810, "stop_name": "HUMMER RD @ FRONTAGE RD", "wheelchair_boarding": 0 }, "geometry": { "type": "Point", "coordinates": [ -77.210536, 38.834074 ] } },
{ "type": "Feature", "properties": { "stop_id": 1811, "stop_name": "HUMMER RD @ HORSESHOE DR", "wheelchair_boarding": 0 }, "geometry": { "type": "Point", "coordinates": [ -77.209971, 38.835797 ] } },
{ "type": "Feature", "properties": { "stop_id": 1812, "stop_name": "HUMMER RD @ WALTON LA", "wheelchair_boarding": 0 }, "geometry": { "type": "Point", "coordinates": [ -77.20725, 38.841429 ] } },
{ "type": "Feature", "properties": { "stop_id": 1813, "stop_name": "INTERNATIONAL DR @ FLETCHER ST", "wheelchair_boarding": 0 }, "geometry": { "type": "Point", "coordinates": [ -77.225646, 38.916776 ] } },
{ "type": "Feature", "properties": { "stop_id": 1815, "stop_name": "INOVA FAIR OAKS HOSPITAL", "wheelchair_boarding": 0 }, "geometry": { "type": "Point", "coordinates": [ -77.380362, 38.885398 ] } },
{ "type": "Feature", "properties": { "stop_id": 1816, "stop_name": "LOISDALE RD @ LAYTON DR", "wheelchair_boarding": 0 }, "geometry": { "type": "Point", "coordinates": [ -77.18235, 38.764487 ] } },
{ "type": "Feature", "properties": { "stop_id": 1817, "stop_name": "LOISDALE RD @ LOIS DR", "wheelchair_boarding": 0 }, "geometry": { "type": "Point", "coordinates": [ -77.182912, 38.75843 ] } },
{ "type": "Feature", "properties": { "stop_id": 1820, "stop_name": "LITTLE RIVER TURNPIKE @ HERITAGE DR", "wheelchair_boarding": 0 }, "geometry": { "type": "Point", "coordinates": [ -77.20864, 38.83236 ] } },
{ "type": "Feature", "properties": { "stop_id": 1821, "stop_name": "LITTLE RIVER TURNPIKE @ WOODLAND RD", "wheelchair_boarding": 0 }, "geometry": { "type": "Point", "coordinates": [ -77.20685, 38.83207 ] } },
{ "type": "Feature", "properties": { "stop_id": 1822, "stop_name": "LITTLE RIVER TURNPIKE @ RAVENSWORTH", "wheelchair_boarding": 0 }, "geometry": { "type": "Point", "coordinates": [ -77.19625, 38.83036 ] } },
{ "type": "Feature", "properties": { "stop_id": 1823, "stop_name": "LITTLE RIVER TURNPIKE @ MEDFORD DR", "wheelchair_boarding": 0 }, "geometry": { "type": "Point", "coordinates": [ -77.20456, 38.8317 ] } },
{ "type": "Feature", "properties": { "stop_id": 1825, "stop_name": "DUNN LORING METRO BAY A", "wheelchair_boarding": 0 }, "geometry": { "type": "Point", "coordinates": [ -77.229257, 38.882206 ] } },
{ "type": "Feature", "properties": { "stop_id": 1826, "stop_name": "MONUMENT DR @ MONUMENT HILL WAY", "wheelchair_boarding": 0 }, "geometry": { "type": "Point", "coordinates": [ -77.351287, 38.856344 ] } },
{ "type": "Feature", "properties": { "stop_id": 1828, "stop_name": "MONUMENT DR @ PARK VISTA BLVD", "wheelchair_boarding": 1 }, "geometry": { "type": "Point", "coordinates": [ -77.349489, 38.854268 ] } },
{ "type": "Feature", "properties": { "stop_id": 1830, "stop_name": "VIENNA METRO SOUTH BAY P", "wheelchair_boarding": 0 }, "geometry": { "type": "Point", "coordinates": [ -77.2718, 38.877204 ] } },
{ "type": "Feature", "properties": { "stop_id": 1831, "stop_name": "VIENNA METRO SOUTH BAY Q", "wheelchair_boarding": 0 }, "geometry": { "type": "Point", "coordinates": [ -77.272017, 38.877172 ] } },
{ "type": "Feature", "properties": { "stop_id": 1832, "stop_name": "VIENNA METRO SOUTH BAY R", "wheelchair_boarding": 0 }, "geometry": { "type": "Point", "coordinates": [ -77.272233, 38.87714 ] } },
{ "type": "Feature", "properties": { "stop_id": 1833, "stop_name": "VIENNA METRO SOUTH BAY S", "wheelchair_boarding": 0 }, "geometry": { "type": "Point", "coordinates": [ -77.272441, 38.877102 ] } },
{ "type": "Feature", "properties": { "stop_id": 1834, "stop_name": "HERNDON METRO BAY C", "wheelchair_boarding": 0 }, "geometry": { "type": "Point", "coordinates": [ -77.383238, 38.951641 ] } },
{ "type": "Feature", "properties": { "stop_id": 1835, "stop_name": "HERNDON METRO BAY E", "wheelchair_boarding": 0 }, "geometry": { "type": "Point", "coordinates": [ -77.384098, 38.951673 ] } },
{ "type": "Feature", "properties": { "stop_id": 1836, "stop_name": "HERNDON METRO BAY G", "wheelchair_boarding": 0 }, "geometry": { "type": "Point", "coordinates": [ -77.38313, 38.951808 ] } },
{ "type": "Feature", "properties": { "stop_id": 1838, "stop_name": "POHICK RD @ CULLUM ST", "wheelchair_boarding": 0 }, "geometry": { "type": "Point", "coordinates": [ -77.20082, 38.713358 ] } },
{ "type": "Feature", "properties": { "stop_id": 1839, "stop_name": "POHICK RD @ CULLUM ST", "wheelchair_boarding": 0 }, "geometry": { "type": "Point", "coordinates": [ -77.201312, 38.713305 ] } },
{ "type": "Feature", "properties": { "stop_id": 1840, "stop_name": "POHICK RD @ WALDREN DR", "wheelchair_boarding": 0 }, "geometry": { "type": "Point", "coordinates": [ -77.204965, 38.715237 ] } },
{ "type": "Feature", "properties": { "stop_id": 1842, "stop_name": "RESTON SOUTH PARK AND RIDE BAY A", "wheelchair_boarding": 0 }, "geometry": { "type": "Point", "coordinates": [ -77.372342, 38.925775 ] } },
{ "type": "Feature", "properties": { "stop_id": 1843, "stop_name": "RESTON SOUTH PARK AND RIDE BAY B", "wheelchair_boarding": 0 }, "geometry": { "type": "Point", "coordinates": [ -77.372456, 38.925648 ] } },
{ "type": "Feature", "properties": { "stop_id": 1845, "stop_name": "SOAPSTONE DR @ HEARTHSTONE CT N", "wheelchair_boarding": 0 }, "geometry": { "type": "Point", "coordinates": [ -77.346291, 38.930555 ] } },
{ "type": "Feature", "properties": { "stop_id": 1846, "stop_name": "SOAPSTONE DR @ HEARTHSTONE CT S", "wheelchair_boarding": 0 }, "geometry": { "type": "Point", "coordinates": [ -77.344328, 38.928373 ] } },
{ "type": "Feature", "properties": { "stop_id": 1847, "stop_name": "SOAPSTONE DR @ WOODHOLLOW CT", "wheelchair_boarding": 0 }, "geometry": { "type": "Point", "coordinates": [ -77.3442, 38.92716 ] } },
{ "type": "Feature", "properties": { "stop_id": 1848, "stop_name": "SPRINGFIELD TOWN CENTER", "wheelchair_boarding": 0 }, "geometry": { "type": "Point", "coordinates": [ -77.17519, 38.77184 ] } },
{ "type": "Feature", "properties": { "stop_id": 1849, "stop_name": "SOAPSTONE DR @ GLENCOURSE LA", "wheelchair_boarding": 0 }, "geometry": { "type": "Point", "coordinates": [ -77.345512, 38.936701 ] } },
{ "type": "Feature", "properties": { "stop_id": 1850, "stop_name": "SOAPSTONE DR @ RIDGE HEIGHTS RD", "wheelchair_boarding": 0 }, "geometry": { "type": "Point", "coordinates": [ -77.345205, 38.93824 ] } },
{ "type": "Feature", "properties": { "stop_id": 1851, "stop_name": "STRINGFELLOW RD @ MELVILLE LA", "wheelchair_boarding": 0 }, "geometry": { "type": "Point", "coordinates": [ -77.406415, 38.864384 ] } },
{ "type": "Feature", "properties": { "stop_id": 1852, "stop_name": "SUNRISE VALLEY DR @ CENTREVILLE RD", "wheelchair_boarding": 0 }, "geometry": { "type": "Point", "coordinates": [ -77.409719, 38.952809 ] } },
{ "type": "Feature", "properties": { "stop_id": 1853, "stop_name": "SUNRISE VALLEY @ DULLES TECHNOLOGY", "wheelchair_boarding": 0 }, "geometry": { "type": "Point", "coordinates": [ -77.41197, 38.95808 ] } },
{ "type": "Feature", "properties": { "stop_id": 1854, "stop_name": "SUNRISE VALLEY DR @ ELM TREE DR", "wheelchair_boarding": 0 }, "geometry": { "type": "Point", "coordinates": [ -77.401593, 38.95143 ] } },
{ "type": "Feature", "properties": { "stop_id": 1855, "stop_name": "TELEGRAPH RD @ ROXANN RD", "wheelchair_boarding": 0 }, "geometry": { "type": "Point", "coordinates": [ -77.130569, 38.762579 ] } },
{ "type": "Feature", "properties": { "stop_id": 1856, "stop_name": "TOWER DR @ SOUTHGATE DR", "wheelchair_boarding": 0 }, "geometry": { "type": "Point", "coordinates": [ -77.086016, 38.773666 ] } },
{ "type": "Feature", "properties": { "stop_id": 1857, "stop_name": "TOWER DR @ SOUTHGATE DR", "wheelchair_boarding": 0 }, "geometry": { "type": "Point", "coordinates": [ -77.08626, 38.77341 ] } },
{ "type": "Feature", "properties": { "stop_id": 1858, "stop_name": "LORTON STN BLVD @ LORTON STATION BLVD", "wheelchair_boarding": 0 }, "geometry": { "type": "Point", "coordinates": [ -77.212979, 38.714529 ] } },
{ "type": "Feature", "properties": { "stop_id": 1859, "stop_name": "NORTH POINT VILLAGE CTR", "wheelchair_boarding": 0 }, "geometry": { "type": "Point", "coordinates": [ -77.34971, 38.979345 ] } },
{ "type": "Feature", "properties": { "stop_id": 1866, "stop_name": "ELDEN ST @ ALABAMA DR", "wheelchair_boarding": 0 }, "geometry": { "type": "Point", "coordinates": [ -77.397847, 38.964658 ] } },
{ "type": "Feature", "properties": { "stop_id": 1867, "stop_name": "ELDEN ST @ ALABAMA DR", "wheelchair_boarding": 0 }, "geometry": { "type": "Point", "coordinates": [ -77.398059, 38.96404 ] } },
{ "type": "Feature", "properties": { "stop_id": 1869, "stop_name": "ARMY NAVY DR @ SOUTH EADS ST", "wheelchair_boarding": 0 }, "geometry": { "type": "Point", "coordinates": [ -77.055167, 38.865085 ] } },
{ "type": "Feature", "properties": { "stop_id": 1872, "stop_name": "GAMBRILL RD PARK AND RIDE", "wheelchair_boarding": 0 }, "geometry": { "type": "Point", "coordinates": [ -77.232724, 38.755234 ] } },
{ "type": "Feature", "properties": { "stop_id": 1873, "stop_name": "LORTON MARKET ST @ SHOPPERS MARKETP", "wheelchair_boarding": 0 }, "geometry": { "type": "Point", "coordinates": [ -77.221093, 38.70344 ] } },
{ "type": "Feature", "properties": { "stop_id": 1874, "stop_name": "LORTON MARKET ST @ SHOPPERS MARKETP", "wheelchair_boarding": 0 }, "geometry": { "type": "Point", "coordinates": [ -77.221295, 38.702594 ] } },
{ "type": "Feature", "properties": { "stop_id": 1878, "stop_name": "INOVA FAIRFAX HOSPITAL", "wheelchair_boarding": 0 }, "geometry": { "type": "Point", "coordinates": [ -77.22806, 38.856108 ] } },
{ "type": "Feature", "properties": { "stop_id": 1879, "stop_name": "STRINGFELLOW RD PARK AND RIDE BAY A", "wheelchair_boarding": 0 }, "geometry": { "type": "Point", "coordinates": [ -77.404172, 38.853413 ] } },
{ "type": "Feature", "properties": { "stop_id": 1880, "stop_name": "CENTREVILLE PARK AND RIDE BAY A", "wheelchair_boarding": 0 }, "geometry": { "type": "Point", "coordinates": [ -77.455111, 38.835759 ] } },
{ "type": "Feature", "properties": { "stop_id": 1882, "stop_name": "CENTREVILLE UNITED METHODIST CHURCH", "wheelchair_boarding": 0 }, "geometry": { "type": "Point", "coordinates": [ -77.438629, 38.825681 ] } },
{ "type": "Feature", "properties": { "stop_id": 1883, "stop_name": "LEE RD @ CHANTILLY CROSSING CTR", "wheelchair_boarding": 0 }, "geometry": { "type": "Point", "coordinates": [ -77.447077, 38.897884 ] } },
{ "type": "Feature", "properties": { "stop_id": 1884, "stop_name": "AVION PKWY @ VIRGINIA MALLORY DR (E", "wheelchair_boarding": 0 }, "geometry": { "type": "Point", "coordinates": [ -77.448871, 38.904522 ] } },
{ "type": "Feature", "properties": { "stop_id": 1885, "stop_name": "BRADDOCK RD @ ORCHARD HILL LA", "wheelchair_boarding": 0 }, "geometry": { "type": "Point", "coordinates": [ -77.415286, 38.832958 ] } },
{ "type": "Feature", "properties": { "stop_id": 1891, "stop_name": "COPPERMINE RD @ RIVER BIRCH RD", "wheelchair_boarding": 0 }, "geometry": { "type": "Point", "coordinates": [ -77.415507, 38.948941 ] } },
{ "type": "Feature", "properties": { "stop_id": 1893, "stop_name": "WALNEY RD @ EAGLE CHASE RD", "wheelchair_boarding": 1 }, "geometry": { "type": "Point", "coordinates": [ -77.434067, 38.877952 ] } },
{ "type": "Feature", "properties": { "stop_id": 1894, "stop_name": "WALNEY RD @ EAGLE CHASE RD", "wheelchair_boarding": 1 }, "geometry": { "type": "Point", "coordinates": [ -77.433532, 38.877319 ] } },
{ "type": "Feature", "properties": { "stop_id": 1896, "stop_name": "TRINITY PKWY @ TRINITY PL", "wheelchair_boarding": 0 }, "geometry": { "type": "Point", "coordinates": [ -77.435789, 38.840388 ] } },
{ "type": "Feature", "properties": { "stop_id": 1897, "stop_name": "LITTLE ROCKY RUN CIR @ ROCKDALE CT", "wheelchair_boarding": 0 }, "geometry": { "type": "Point", "coordinates": [ -77.42259, 38.834793 ] } },
{ "type": "Feature", "properties": { "stop_id": 1898, "stop_name": "SAINT GERMAIN DR @ ABELIA AVE", "wheelchair_boarding": 0 }, "geometry": { "type": "Point", "coordinates": [ -77.44157, 38.837002 ] } },
{ "type": "Feature", "properties": { "stop_id": 1905, "stop_name": "ROUTE 50 @ HIGHLAND OAKS DR", "wheelchair_boarding": 0 }, "geometry": { "type": "Point", "coordinates": [ -77.395032, 38.8803 ] } },
{ "type": "Feature", "properties": { "stop_id": 1907, "stop_name": "STRINGFELLOW RD @ BRANDY STATI", "wheelchair_boarding": 0 }, "geometry": { "type": "Point", "coordinates": [ -77.404004, 38.892517 ] } },
{ "type": "Feature", "properties": { "stop_id": 1908, "stop_name": "STRINGFELLOW RD @ CROSS KEYS C", "wheelchair_boarding": 0 }, "geometry": { "type": "Point", "coordinates": [ -77.403738, 38.892589 ] } },
{ "type": "Feature", "properties": { "stop_id": 1909, "stop_name": "ROUTE 50 @ CENTERVIEW DR", "wheelchair_boarding": 0 }, "geometry": { "type": "Point", "coordinates": [ -77.43258, 38.894961 ] } },
{ "type": "Feature", "properties": { "stop_id": 1914, "stop_name": "STONE RD @ AWBREY PATENT DR", "wheelchair_boarding": 1 }, "geometry": { "type": "Point", "coordinates": [ -77.452395, 38.850165 ] } },
{ "type": "Feature", "properties": { "stop_id": 1915, "stop_name": "LEGATO RD @ HALSTED ST", "wheelchair_boarding": 0 }, "geometry": { "type": "Point", "coordinates": [ -77.3652, 38.865015 ] } },
{ "type": "Feature", "properties": { "stop_id": 1916, "stop_name": "LEGATO RD @ RAGAN OAKS CT", "wheelchair_boarding": 1 }, "geometry": { "type": "Point", "coordinates": [ -77.363319, 38.86295 ] } },
{ "type": "Feature", "properties": { "stop_id": 1918, "stop_name": "AVION PKWY @ STONECROFT BLVD", "wheelchair_boarding": 1 }, "geometry": { "type": "Point", "coordinates": [ -77.456952, 38.90768 ] } },
{ "type": "Feature", "properties": { "stop_id": 1919, "stop_name": "BUSHMAN DR @ BRADFORD WOOD CT", "wheelchair_boarding": 0 }, "geometry": { "type": "Point", "coordinates": [ -77.29442, 38.87537 ] } },
{ "type": "Feature", "properties": { "stop_id": 1920, "stop_name": "AWBREY PATENT DR @ FOUR CHIMNEY DR", "wheelchair_boarding": 0 }, "geometry": { "type": "Point", "coordinates": [ -77.447799, 38.848361 ] } },
{ "type": "Feature", "properties": { "stop_id": 1921, "stop_name": "AWBREY PATENT DR @ GREAT ROCKY RUN", "wheelchair_boarding": 0 }, "geometry": { "type": "Point", "coordinates": [ -77.445284, 38.847268 ] } },
{ "type": "Feature", "properties": { "stop_id": 1922, "stop_name": "AWBREY PATENT DR @ THORNDYKE CT", "wheelchair_boarding": 0 }, "geometry": { "type": "Point", "coordinates": [ -77.449872, 38.8497 ] } },
{ "type": "Feature", "properties": { "stop_id": 1923, "stop_name": "AVION PKWY @ CONCORDE PKWY (EAST)", "wheelchair_boarding": 0 }, "geometry": { "type": "Point", "coordinates": [ -77.449653, 38.908281 ] } },
{ "type": "Feature", "properties": { "stop_id": 1925, "stop_name": "BLAKE LA @ CYRANDALL VALLEY RD", "wheelchair_boarding": 0 }, "geometry": { "type": "Point", "coordinates": [ -77.28907, 38.8764 ] } },
{ "type": "Feature", "properties": { "stop_id": 1926, "stop_name": "BLAKE LA @ CYRANDALL VALLEY RD", "wheelchair_boarding": 0 }, "geometry": { "type": "Point", "coordinates": [ -77.28965, 38.87624 ] } },
{ "type": "Feature", "properties": { "stop_id": 1927, "stop_name": "BLAKE LA @ EDGELEA RD", "wheelchair_boarding": 0 }, "geometry": { "type": "Point", "coordinates": [ -77.28747, 38.8763 ] } },
{ "type": "Feature", "properties": { "stop_id": 1928, "stop_name": "BLAKE LA @ OAKTON CREST CT", "wheelchair_boarding": 0 }, "geometry": { "type": "Point", "coordinates": [ -77.28443, 38.87592 ] } },
{ "type": "Feature", "properties": { "stop_id": 1930, "stop_name": "BLAKE LN @ PLATTEN DR", "wheelchair_boarding": 0 }, "geometry": { "type": "Point", "coordinates": [ -77.287442, 38.876078 ] } },
{ "type": "Feature", "properties": { "stop_id": 1931, "stop_name": "BRADDOCK RD @ BIRCHLEAF PARK CT", "wheelchair_boarding": 0 }, "geometry": { "type": "Point", "coordinates": [ -77.443823, 38.851213 ] } },
{ "type": "Feature", "properties": { "stop_id": 1932, "stop_name": "BRADDOCK RD @ PICKWICK RD", "wheelchair_boarding": 1 }, "geometry": { "type": "Point", "coordinates": [ -77.420682, 38.835282 ] } },
{ "type": "Feature", "properties": { "stop_id": 1934, "stop_name": "BRADDOCK RD @ UNION MILL RD", "wheelchair_boarding": 1 }, "geometry": { "type": "Point", "coordinates": [ -77.413601, 38.832555 ] } },
{ "type": "Feature", "properties": { "stop_id": 1935, "stop_name": "BRADDOCK RD @ VILLAGE CENTER DR", "wheelchair_boarding": 0 }, "geometry": { "type": "Point", "coordinates": [ -77.447579, 38.853471 ] } },
{ "type": "Feature", "properties": { "stop_id": 1936, "stop_name": "BUSHMAN DR @ APPALACHIAN CIR", "wheelchair_boarding": 0 }, "geometry": { "type": "Point", "coordinates": [ -77.29692, 38.87178 ] } },
{ "type": "Feature", "properties": { "stop_id": 1937, "stop_name": "BUSHMAN DR @ VALENTINO DR E", "wheelchair_boarding": 0 }, "geometry": { "type": "Point", "coordinates": [ -77.29512, 38.87192 ] } },
{ "type": "Feature", "properties": { "stop_id": 1938, "stop_name": "BUSHMAN DR @ BORGE ST", "wheelchair_boarding": 0 }, "geometry": { "type": "Point", "coordinates": [ -77.30056, 38.87375 ] } },
{ "type": "Feature", "properties": { "stop_id": 1939, "stop_name": "BUSHMAN DR @ BORGE ST", "wheelchair_boarding": 0 }, "geometry": { "type": "Point", "coordinates": [ -77.30041, 38.87357 ] } },
{ "type": "Feature", "properties": { "stop_id": 1940, "stop_name": "BUSHMAN DR @ EBENSHIRE CT", "wheelchair_boarding": 0 }, "geometry": { "type": "Point", "coordinates": [ -77.29382, 38.87409 ] } },
{ "type": "Feature", "properties": { "stop_id": 1941, "stop_name": "BUSHMAN DR @ OAKWOOD CHASE CT", "wheelchair_boarding": 1 }, "geometry": { "type": "Point", "coordinates": [ -77.29408, 38.87601 ] } },
{ "type": "Feature", "properties": { "stop_id": 1942, "stop_name": "BUSHMAN DR @ SUMMIT SQUARE DR", "wheelchair_boarding": 1 }, "geometry": { "type": "Point", "coordinates": [ -77.29928, 38.87277 ] } },
{ "type": "Feature", "properties": { "stop_id": 1943, "stop_name": "BUSHMAN DR @ VALENTINO DR W", "wheelchair_boarding": 0 }, "geometry": { "type": "Point", "coordinates": [ -77.29933, 38.873 ] } },
{ "type": "Feature", "properties": { "stop_id": 1944, "stop_name": "BUSHMAN DR @ VALENTINO DR E", "wheelchair_boarding": 0 }, "geometry": { "type": "Point", "coordinates": [ -77.29474, 38.87222 ] } },
{ "type": "Feature", "properties": { "stop_id": 1945, "stop_name": "CHAIN BRIDGE RD @ BABCOCK RD", "wheelchair_boarding": 0 }, "geometry": { "type": "Point", "coordinates": [ -77.28139, 38.88884 ] } },
{ "type": "Feature", "properties": { "stop_id": 1946, "stop_name": "CHAIN BRIDGE RD @ BABCOCK RD", "wheelchair_boarding": 1 }, "geometry": { "type": "Point", "coordinates": [ -77.28155, 38.88844 ] } },
{ "type": "Feature", "properties": { "stop_id": 1947, "stop_name": "CHAIN BRIDGE RD @ COURTHOUSE RD", "wheelchair_boarding": 0 }, "geometry": { "type": "Point", "coordinates": [ -77.29305, 38.88265 ] } },
{ "type": "Feature", "properties": { "stop_id": 1948, "stop_name": "CHAIN BRIDGE RD @ JERMANTOWN RD", "wheelchair_boarding": 0 }, "geometry": { "type": "Point", "coordinates": [ -77.30573, 38.87735 ] } },
{ "type": "Feature", "properties": { "stop_id": 1949, "stop_name": "CHAIN BRIDGE RD @ MILLER RD", "wheelchair_boarding": 0 }, "geometry": { "type": "Point", "coordinates": [ -77.30174, 38.88063 ] } },
{ "type": "Feature", "properties": { "stop_id": 1950, "stop_name": "CHAIN BRIDGE RD @ MILLER RD", "wheelchair_boarding": 1 }, "geometry": { "type": "Point", "coordinates": [ -77.30193, 38.88024 ] } },
{ "type": "Feature", "properties": { "stop_id": 1951, "stop_name": "CHAIN BRIDGE RD @ OAKTON GLEN DR", "wheelchair_boarding": 0 }, "geometry": { "type": "Point", "coordinates": [ -77.28875, 38.88448 ] } },
{ "type": "Feature", "properties": { "stop_id": 1952, "stop_name": "CHAIN BRIDGE RD @ OAKTON GLEN DR", "wheelchair_boarding": 0 }, "geometry": { "type": "Point", "coordinates": [ -77.28852, 38.88435 ] } },
{ "type": "Feature", "properties": { "stop_id": 1953, "stop_name": "CHAIN BRIDGE RD @ OAKTON MANOR CT", "wheelchair_boarding": 0 }, "geometry": { "type": "Point", "coordinates": [ -77.2973, 38.88256 ] } },
{ "type": "Feature", "properties": { "stop_id": 1954, "stop_name": "CHAIN BRIDGE RD @ OAKTON MANOR CT", "wheelchair_boarding": 0 }, "geometry": { "type": "Point", "coordinates": [ -77.29705, 38.88236 ] } },
{ "type": "Feature", "properties": { "stop_id": 1955, "stop_name": "CHAIN BRIDGE RD @ OAKTON MEADOWS CT", "wheelchair_boarding": 0 }, "geometry": { "type": "Point", "coordinates": [ -77.3005, 38.88103 ] } },
{ "type": "Feature", "properties": { "stop_id": 1956, "stop_name": "CHAIN BRIDGE RD @ OAK VALLEY DR", "wheelchair_boarding": 0 }, "geometry": { "type": "Point", "coordinates": [ -77.28561, 38.88572 ] } },
{ "type": "Feature", "properties": { "stop_id": 1957, "stop_name": "CHAIN BRIDGE RD @ FOX REST LA", "wheelchair_boarding": 0 }, "geometry": { "type": "Point", "coordinates": [ -77.28471, 38.88595 ] } },
{ "type": "Feature", "properties": { "stop_id": 1958, "stop_name": "CHAIN BRIDGE RD @ HUNTER MILL RD", "wheelchair_boarding": 0 }, "geometry": { "type": "Point", "coordinates": [ -77.30041, 38.8813 ] } },
{ "type": "Feature", "properties": { "stop_id": 1959, "stop_name": "CHAIN BRIDGE RD @ PRESTON HEIGHTS C", "wheelchair_boarding": 0 }, "geometry": { "type": "Point", "coordinates": [ -77.30522, 38.8776 ] } },
{ "type": "Feature", "properties": { "stop_id": 1960, "stop_name": "CHAIN BRIDGE RD @ SUTTON RD", "wheelchair_boarding": 0 }, "geometry": { "type": "Point", "coordinates": [ -77.28229, 38.88785 ] } },
{ "type": "Feature", "properties": { "stop_id": 1961, "stop_name": "CHAIN BRIDGE RD @ WHITE GRANITE DR", "wheelchair_boarding": 0 }, "geometry": { "type": "Point", "coordinates": [ -77.30684, 38.87563 ] } },
{ "type": "Feature", "properties": { "stop_id": 1962, "stop_name": "COUNTRY CREEK RD @ FAIRFAX METRO LN", "wheelchair_boarding": 0 }, "geometry": { "type": "Point", "coordinates": [ -77.275568, 38.878622 ] } },
{ "type": "Feature", "properties": { "stop_id": 1964, "stop_name": "CONFERENCE CENTER DR @ PARKSTONE DR", "wheelchair_boarding": 0 }, "geometry": { "type": "Point", "coordinates": [ -77.463238, 38.874856 ] } },
{ "type": "Feature", "properties": { "stop_id": 1965, "stop_name": "15000 CONFERENCE CENTER DR", "wheelchair_boarding": 0 }, "geometry": { "type": "Point", "coordinates": [ -77.465336, 38.876012 ] } },
{ "type": "Feature", "properties": { "stop_id": 1966, "stop_name": "COUNTRY CREEK RD @ RENSSELAER CT", "wheelchair_boarding": 0 }, "geometry": { "type": "Point", "coordinates": [ -77.278922, 38.87818 ] } },
{ "type": "Feature", "properties": { "stop_id": 1967, "stop_name": "COUNTRY CREEK RD @ SHAWN LEIGH DR", "wheelchair_boarding": 0 }, "geometry": { "type": "Point", "coordinates": [ -77.276749, 38.878362 ] } },
{ "type": "Feature", "properties": { "stop_id": 1968, "stop_name": "COUNTRY CREEK RD @ SUTTON OAKS LA", "wheelchair_boarding": 0 }, "geometry": { "type": "Point", "coordinates": [ -77.278977, 38.878368 ] } },
{ "type": "Feature", "properties": { "stop_id": 1970, "stop_name": "15036 CONFERENCE CENTER DR", "wheelchair_boarding": 0 }, "geometry": { "type": "Point", "coordinates": [ -77.462053, 38.879184 ] } },
{ "type": "Feature", "properties": { "stop_id": 1971, "stop_name": "CONFERENCE CTR DR @ STONECROFT BLVD", "wheelchair_boarding": 0 }, "geometry": { "type": "Point", "coordinates": [ -77.457361, 38.875475 ] } },
{ "type": "Feature", "properties": { "stop_id": 1973, "stop_name": "CENTREVILLE FARMS RD @ CALAMINT CT", "wheelchair_boarding": 0 }, "geometry": { "type": "Point", "coordinates": [ -77.413403, 38.845514 ] } },
{ "type": "Feature", "properties": { "stop_id": 1974, "stop_name": "CENTREVILLE FARMS RD @ ROUTE 29", "wheelchair_boarding": 0 }, "geometry": { "type": "Point", "coordinates": [ -77.411428, 38.840511 ] } },
{ "type": "Feature", "properties": { "stop_id": 1975, "stop_name": "CENTREWOOD DR @ FIELD ENCAMPMENT RD", "wheelchair_boarding": 0 }, "geometry": { "type": "Point", "coordinates": [ -77.441011, 38.827649 ] } },
{ "type": "Feature", "properties": { "stop_id": 1976, "stop_name": "CENTREVILLE FARMS RD @ GRANITE STEP", "wheelchair_boarding": 0 }, "geometry": { "type": "Point", "coordinates": [ -77.405038, 38.848632 ] } },
{ "type": "Feature", "properties": { "stop_id": 1977, "stop_name": "CENTREVILLE FARMS RD @ LELAND RD", "wheelchair_boarding": 0 }, "geometry": { "type": "Point", "coordinates": [ -77.413509, 38.843828 ] } },
{ "type": "Feature", "properties": { "stop_id": 1978, "stop_name": "CENTREVILLE FARMS RD @ LELAND RD", "wheelchair_boarding": 0 }, "geometry": { "type": "Point", "coordinates": [ -77.413404, 38.844203 ] } },
{ "type": "Feature", "properties": { "stop_id": 1979, "stop_name": "CENTREVILLE FARMS RD @ ROUTE 29", "wheelchair_boarding": 0 }, "geometry": { "type": "Point", "coordinates": [ -77.4117, 38.840346 ] } },
{ "type": "Feature", "properties": { "stop_id": 1980, "stop_name": "CENTREWOOD DR @ MACHEN RD", "wheelchair_boarding": 1 }, "geometry": { "type": "Point", "coordinates": [ -77.43946, 38.832042 ] } },
{ "type": "Feature", "properties": { "stop_id": 1982, "stop_name": "CENTREVILLE FARMS @ MIST FLOWER DR", "wheelchair_boarding": 0 }, "geometry": { "type": "Point", "coordinates": [ -77.412522, 38.842427 ] } },
{ "type": "Feature", "properties": { "stop_id": 1983, "stop_name": "CENTREWOOD DR @ MULTIPLEX DR", "wheelchair_boarding": 1 }, "geometry": { "type": "Point", "coordinates": [ -77.440329, 38.828419 ] } },
{ "type": "Feature", "properties": { "stop_id": 1986, "stop_name": "CENTREWOOD DR @ SUMMER TREE RD", "wheelchair_boarding": 1 }, "geometry": { "type": "Point", "coordinates": [ -77.440316, 38.829981 ] } },
{ "type": "Feature", "properties": { "stop_id": 1987, "stop_name": "CENTREWOOD DR @ SUMMER TREE RD", "wheelchair_boarding": 1 }, "geometry": { "type": "Point", "coordinates": [ -77.439995, 38.830081 ] } },
{ "type": "Feature", "properties": { "stop_id": 1988, "stop_name": "CENTREVILLE FARMS@ TWILIGHT GLOW DR", "wheelchair_boarding": 0 }, "geometry": { "type": "Point", "coordinates": [ -77.412926, 38.845692 ] } },
{ "type": "Feature", "properties": { "stop_id": 1989, "stop_name": "CENTREVILLE FARMS RD @ GRANITE STEP", "wheelchair_boarding": 0 }, "geometry": { "type": "Point", "coordinates": [ -77.40477, 38.848417 ] } },
{ "type": "Feature", "properties": { "stop_id": 1990, "stop_name": "CENTREVILLE FARMS RD @ LAMIUM LN", "wheelchair_boarding": 0 }, "geometry": { "type": "Point", "coordinates": [ -77.412662, 38.842266 ] } },
{ "type": "Feature", "properties": { "stop_id": 1991, "stop_name": "CENTREVILLE FARMS RD @ RACHAEL ALIC", "wheelchair_boarding": 0 }, "geometry": { "type": "Point", "coordinates": [ -77.410213, 38.848582 ] } },
{ "type": "Feature", "properties": { "stop_id": 1992, "stop_name": "CENTREVILLE FARMS RD @ PALE MOON WA", "wheelchair_boarding": 0 }, "geometry": { "type": "Point", "coordinates": [ -77.410054, 38.848438 ] } },
{ "type": "Feature", "properties": { "stop_id": 1995, "stop_name": "FIELD ENCAMPMENT RD @ UNIFORM DR", "wheelchair_boarding": 0 }, "geometry": { "type": "Point", "coordinates": [ -77.444684, 38.828486 ] } },
{ "type": "Feature", "properties": { "stop_id": 1996, "stop_name": "FIELD ENCAMPMENT RD @ MEADOW GLAD L", "wheelchair_boarding": 0 }, "geometry": { "type": "Point", "coordinates": [ -77.448023, 38.830509 ] } },
{ "type": "Feature", "properties": { "stop_id": 1997, "stop_name": "FIELD ENCAMPMENT RD @ SAINT GERMAIN", "wheelchair_boarding": 0 }, "geometry": { "type": "Point", "coordinates": [ -77.450205, 38.831863 ] } },
{ "type": "Feature", "properties": { "stop_id": 1998, "stop_name": "FIELD ENCAMPMENT RD @ SILO VALLEY V", "wheelchair_boarding": 0 }, "geometry": { "type": "Point", "coordinates": [ -77.441649, 38.828396 ] } },
{ "type": "Feature", "properties": { "stop_id": 2000, "stop_name": "FAIR LAKES PKWY @ FAIR LAKES CIR", "wheelchair_boarding": 0 }, "geometry": { "type": "Point", "coordinates": [ -77.389225, 38.861251 ] } },
{ "type": "Feature", "properties": { "stop_id": 2001, "stop_name": "FLAG POLE LN @ GRANITE CREEK LN", "wheelchair_boarding": 0 }, "geometry": { "type": "Point", "coordinates": [ -77.303702, 38.872347 ] } },
{ "type": "Feature", "properties": { "stop_id": 2002, "stop_name": "FLAG POLE LN @ GRANITE CREEK LN", "wheelchair_boarding": 0 }, "geometry": { "type": "Point", "coordinates": [ -77.303544, 38.872154 ] } },
{ "type": "Feature", "properties": { "stop_id": 2006, "stop_name": "LEE RD @ CONFERENCE CENTER DR", "wheelchair_boarding": 0 }, "geometry": { "type": "Point", "coordinates": [ -77.45296, 38.88021 ] } },
{ "type": "Feature", "properties": { "stop_id": 2007, "stop_name": "ROUTE 29 @ PICKWICK RD", "wheelchair_boarding": 0 }, "geometry": { "type": "Point", "coordinates": [ -77.423974, 38.839043 ] } },
{ "type": "Feature", "properties": { "stop_id": 2008, "stop_name": "ROUTE 50 @ AIRLINE PKWY", "wheelchair_boarding": 0 }, "geometry": { "type": "Point", "coordinates": [ -77.449812, 38.901547 ] } },
{ "type": "Feature", "properties": { "stop_id": 2009, "stop_name": "ROUTE 50 @ AVION PKWY", "wheelchair_boarding": 0 }, "geometry": { "type": "Point", "coordinates": [ -77.448642, 38.901555 ] } },
{ "type": "Feature", "properties": { "stop_id": 2010, "stop_name": "ROUTE 50 @ CHANTILLY RD", "wheelchair_boarding": 0 }, "geometry": { "type": "Point", "coordinates": [ -77.422299, 38.890909 ] } },
{ "type": "Feature", "properties": { "stop_id": 2011, "stop_name": "ROUTE 50 @ CHANTILLY RD", "wheelchair_boarding": 0 }, "geometry": { "type": "Point", "coordinates": [ -77.42231, 38.890497 ] } },
{ "type": "Feature", "properties": { "stop_id": 2012, "stop_name": "ROUTE 50 @ ALDER WOODS DR", "wheelchair_boarding": 0 }, "geometry": { "type": "Point", "coordinates": [ -77.376539, 38.873163 ] } },
{ "type": "Feature", "properties": { "stop_id": 2013, "stop_name": "ROUTE 50 @ DORFORTH DR", "wheelchair_boarding": 0 }, "geometry": { "type": "Point", "coordinates": [ -77.375597, 38.872389 ] } },
{ "type": "Feature", "properties": { "stop_id": 2014, "stop_name": "ROUTE 50 @ ELMWOOD ST", "wheelchair_boarding": 0 }, "geometry": { "type": "Point", "coordinates": [ -77.426581, 38.89213 ] } },
{ "type": "Feature", "properties": { "stop_id": 2015, "stop_name": "ROUTE 50 @ GALESBURY LN", "wheelchair_boarding": 0 }, "geometry": { "type": "Point", "coordinates": [ -77.418086, 38.889254 ] } },
{ "type": "Feature", "properties": { "stop_id": 2016, "stop_name": "ROUTE 50 @ GALESBURY LN", "wheelchair_boarding": 0 }, "geometry": { "type": "Point", "coordinates": [ -77.418619, 38.889057 ] } },
{ "type": "Feature", "properties": { "stop_id": 2017, "stop_name": "ROUTE 50 @ DORFORTH DR W", "wheelchair_boarding": 0 }, "geometry": { "type": "Point", "coordinates": [ -77.378384, 38.873495 ] } },
{ "type": "Feature", "properties": { "stop_id": 2018, "stop_name": "ROUTE 50 @ LEES CORNER RD", "wheelchair_boarding": 0 }, "geometry": { "type": "Point", "coordinates": [ -77.414019, 38.887565 ] } },
{ "type": "Feature", "properties": { "stop_id": 2019, "stop_name": "ROUTE 50 @ LEES CORNER RD", "wheelchair_boarding": 0 }, "geometry": { "type": "Point", "coordinates": [ -77.413185, 38.886959 ] } },
{ "type": "Feature", "properties": { "stop_id": 2021, "stop_name": "ROUTE 50 @ MEADOWLAND DR", "wheelchair_boarding": 0 }, "geometry": { "type": "Point", "coordinates": [ -77.424985, 38.891955 ] } },
{ "type": "Feature", "properties": { "stop_id": 2022, "stop_name": "ROUTE 50 @ STRINGFELLOW RD", "wheelchair_boarding": 0 }, "geometry": { "type": "Point", "coordinates": [ -77.404995, 38.884185 ] } },
{ "type": "Feature", "properties": { "stop_id": 2023, "stop_name": "ROUTE 50 @ WALNEY RD", "wheelchair_boarding": 0 }, "geometry": { "type": "Point", "coordinates": [ -77.432352, 38.894406 ] } },
{ "type": "Feature", "properties": { "stop_id": 2024, "stop_name": "ROUTE 50 @ WESTFAX DR", "wheelchair_boarding": 0 }, "geometry": { "type": "Point", "coordinates": [ -77.454417, 38.903352 ] } },
{ "type": "Feature", "properties": { "stop_id": 2025, "stop_name": "LIL ROCKY RUN @ BRADDOCK CREEK RD", "wheelchair_boarding": 0 }, "geometry": { "type": "Point", "coordinates": [ -77.424361, 38.832879 ] } },
{ "type": "Feature", "properties": { "stop_id": 2029, "stop_name": "LITTLE ROCKY RUN CIR @ ROCKTON CT", "wheelchair_boarding": 0 }, "geometry": { "type": "Point", "coordinates": [ -77.425103, 38.831409 ] } },
{ "type": "Feature", "properties": { "stop_id": 2030, "stop_name": "LIL ROCKY RUN CIR @ SUNSET RIDGE RD", "wheelchair_boarding": 0 }, "geometry": { "type": "Point", "coordinates": [ -77.42489, 38.83013 ] } },
{ "type": "Feature", "properties": { "stop_id": 2031, "stop_name": "LIL ROCKY RUN CIR @ WILD BROOK CT", "wheelchair_boarding": 0 }, "geometry": { "type": "Point", "coordinates": [ -77.423691, 38.833589 ] } },
{ "type": "Feature", "properties": { "stop_id": 2032, "stop_name": "NEW BRADDOCK RD @ FEDERATION DR", "wheelchair_boarding": 0 }, "geometry": { "type": "Point", "coordinates": [ -77.43416, 38.827177 ] } },
{ "type": "Feature", "properties": { "stop_id": 2037, "stop_name": "NEWTON PATENT DR @ AWBREY PATENT DR", "wheelchair_boarding": 0 }, "geometry": { "type": "Point", "coordinates": [ -77.443142, 38.844783 ] } },
{ "type": "Feature", "properties": { "stop_id": 2038, "stop_name": "NEWTON PATENT DR @ NEWTON TAVERN CT", "wheelchair_boarding": 0 }, "geometry": { "type": "Point", "coordinates": [ -77.439647, 38.846626 ] } },
{ "type": "Feature", "properties": { "stop_id": 2039, "stop_name": "NEWTON PATENT DR @ RED HOUSE DR", "wheelchair_boarding": 0 }, "geometry": { "type": "Point", "coordinates": [ -77.440837, 38.845342 ] } },
{ "type": "Feature", "properties": { "stop_id": 2042, "stop_name": "14280 PARK MEADOW DR", "wheelchair_boarding": 0 }, "geometry": { "type": "Point", "coordinates": [ -77.440029, 38.873638 ] } },
{ "type": "Feature", "properties": { "stop_id": 2043, "stop_name": "PARK MEADOW DR @ MEADOW WOOD LA", "wheelchair_boarding": 0 }, "geometry": { "type": "Point", "coordinates": [ -77.439278, 38.871748 ] } },
{ "type": "Feature", "properties": { "stop_id": 2044, "stop_name": "WESTFIELDS BLVD @ BRADDOCK RIDGE DR", "wheelchair_boarding": 0 }, "geometry": { "type": "Point", "coordinates": [ -77.449806, 38.857333 ] } },
{ "type": "Feature", "properties": { "stop_id": 2054, "stop_name": "SAINT GERMAIN DR @ GOLDEN OAK DR", "wheelchair_boarding": 0 }, "geometry": { "type": "Point", "coordinates": [ -77.447858, 38.835366 ] } },
{ "type": "Feature", "properties": { "stop_id": 2055, "stop_name": "SAINT GERMAIN DR @ TURIN LA", "wheelchair_boarding": 0 }, "geometry": { "type": "Point", "coordinates": [ -77.446009, 38.836527 ] } },
{ "type": "Feature", "properties": { "stop_id": 2056, "stop_name": "SAINT GERMAIN DR @ STRASBURG DR", "wheelchair_boarding": 0 }, "geometry": { "type": "Point", "coordinates": [ -77.443942, 38.837282 ] } },
{ "type": "Feature", "properties": { "stop_id": 2061, "stop_name": "STRINGFELLOW RD @ WESTBOOK DR", "wheelchair_boarding": 1 }, "geometry": { "type": "Point", "coordinates": [ -77.40269, 38.850494 ] } },
{ "type": "Feature", "properties": { "stop_id": 2064, "stop_name": "STONE RD @ BILLINGSGATE LA", "wheelchair_boarding": 0 }, "geometry": { "type": "Point", "coordinates": [ -77.45375, 38.84596 ] } },
{ "type": "Feature", "properties": { "stop_id": 2065, "stop_name": "STONE RD @ BILLINGSGATE LA", "wheelchair_boarding": 0 }, "geometry": { "type": "Point", "coordinates": [ -77.453624, 38.845376 ] } },
{ "type": "Feature", "properties": { "stop_id": 2066, "stop_name": "STRINGFELLOW RD @ CORALBERRY D", "wheelchair_boarding": 0 }, "geometry": { "type": "Point", "coordinates": [ -77.401439, 38.896175 ] } },
{ "type": "Feature", "properties": { "stop_id": 2067, "stop_name": "STRINGFELLOW RD @ CORALBERRY D", "wheelchair_boarding": 0 }, "geometry": { "type": "Point", "coordinates": [ -77.40133, 38.895934 ] } },
{ "type": "Feature", "properties": { "stop_id": 2068, "stop_name": "STRINGFELLOW RD @ JASPER RD", "wheelchair_boarding": 0 }, "geometry": { "type": "Point", "coordinates": [ -77.40563, 38.88687 ] } },
{ "type": "Feature", "properties": { "stop_id": 2069, "stop_name": "STRINGFELLOW RD @ JASPER RD", "wheelchair_boarding": 0 }, "geometry": { "type": "Point", "coordinates": [ -77.405466, 38.886902 ] } },
{ "type": "Feature", "properties": { "stop_id": 2070, "stop_name": "STONE RD @ SULLY PARK DR", "wheelchair_boarding": 1 }, "geometry": { "type": "Point", "coordinates": [ -77.452712, 38.850123 ] } },
{ "type": "Feature", "properties": { "stop_id": 2071, "stop_name": "STONE RD @ BRADDOCK RD", "wheelchair_boarding": 0 }, "geometry": { "type": "Point", "coordinates": [ -77.451312, 38.852709 ] } },
{ "type": "Feature", "properties": { "stop_id": 2072, "stop_name": "STRINGFELLOW RD @ WESTBROOK DR", "wheelchair_boarding": 1 }, "geometry": { "type": "Point", "coordinates": [ -77.402413, 38.850587 ] } },
{ "type": "Feature", "properties": { "stop_id": 2080, "stop_name": "TRINITY PKWY @ 5895 TRINITY PKWY", "wheelchair_boarding": 0 }, "geometry": { "type": "Point", "coordinates": [ -77.441109, 38.840446 ] } },
{ "type": "Feature", "properties": { "stop_id": 2081, "stop_name": "TRINITY PKWY @ 5875 TRINITY PKWY", "wheelchair_boarding": 0 }, "geometry": { "type": "Point", "coordinates": [ -77.439278, 38.841964 ] } },
{ "type": "Feature", "properties": { "stop_id": 2082, "stop_name": "TRINITY PKWY @ TRINITY PL", "wheelchair_boarding": 0 }, "geometry": { "type": "Point", "coordinates": [ -77.436063, 38.840503 ] } },
{ "type": "Feature", "properties": { "stop_id": 2083, "stop_name": "TRINITY PKWY @ WOOD MEADOW WAY", "wheelchair_boarding": 0 }, "geometry": { "type": "Point", "coordinates": [ -77.435873, 38.84205 ] } },
{ "type": "Feature", "properties": { "stop_id": 2084, "stop_name": "TRINITY PKWY @ WOOD MEADOW WAY", "wheelchair_boarding": 0 }, "geometry": { "type": "Point", "coordinates": [ -77.435702, 38.842343 ] } },
{ "type": "Feature", "properties": { "stop_id": 2085, "stop_name": "5800 TRINITY PKWY", "wheelchair_boarding": 0 }, "geometry": { "type": "Point", "coordinates": [ -77.43855, 38.84277 ] } },
{ "type": "Feature", "properties": { "stop_id": 2086, "stop_name": "UNION MILL RD @ BRADDOCK RD", "wheelchair_boarding": 1 }, "geometry": { "type": "Point", "coordinates": [ -77.411814, 38.834497 ] } },
{ "type": "Feature", "properties": { "stop_id": 2087, "stop_name": "UNION MILL RD @ TREY LA", "wheelchair_boarding": 0 }, "geometry": { "type": "Point", "coordinates": [ -77.411344, 38.833811 ] } },
{ "type": "Feature", "properties": { "stop_id": 2088, "stop_name": "WALNEY RD @ BRENTWALL DR", "wheelchair_boarding": 1 }, "geometry": { "type": "Point", "coordinates": [ -77.430509, 38.874339 ] } },
{ "type": "Feature", "properties": { "stop_id": 2089, "stop_name": "WALNEY RD @ WALBERN DR", "wheelchair_boarding": 1 }, "geometry": { "type": "Point", "coordinates": [ -77.429832, 38.872462 ] } },
{ "type": "Feature", "properties": { "stop_id": 2090, "stop_name": "WALNEY RD @ FILLINGAME DR", "wheelchair_boarding": 1 }, "geometry": { "type": "Point", "coordinates": [ -77.42954, 38.87223 ] } },
{ "type": "Feature", "properties": { "stop_id": 2091, "stop_name": "WALNEY RD @ LEETON CIR", "wheelchair_boarding": 1 }, "geometry": { "type": "Point", "coordinates": [ -77.430286, 38.874486 ] } },
{ "type": "Feature", "properties": { "stop_id": 2092, "stop_name": "WALNEY RD @ WAVERLY CROSSING WAY", "wheelchair_boarding": 0 }, "geometry": { "type": "Point", "coordinates": [ -77.43225, 38.876615 ] } },
{ "type": "Feature", "properties": { "stop_id": 2093, "stop_name": "WALNEY RD @ WAVERLY CROSSING LN", "wheelchair_boarding": 0 }, "geometry": { "type": "Point", "coordinates": [ -77.43178, 38.875885 ] } },
{ "type": "Feature", "properties": { "stop_id": 2094, "stop_name": "WESTFIELDS BLVD @ SEQUOIA FARMS DR", "wheelchair_boarding": 0 }, "geometry": { "type": "Point", "coordinates": [ -77.448244, 38.867282 ] } },
{ "type": "Feature", "properties": { "stop_id": 2095, "stop_name": "WESTFIELDS BLVD @ SULLY STATION DR", "wheelchair_boarding": 0 }, "geometry": { "type": "Point", "coordinates": [ -77.44852, 38.866529 ] } },
{ "type": "Feature", "properties": { "stop_id": 2096, "stop_name": "WHITE GRANITE DR @ CHAIN BRIDGE RD", "wheelchair_boarding": 0 }, "geometry": { "type": "Point", "coordinates": [ -77.306283, 38.874657 ] } },
{ "type": "Feature", "properties": { "stop_id": 2097, "stop_name": "WHITE GRANITE DR @ CHAIN BRIDGE RD", "wheelchair_boarding": 0 }, "geometry": { "type": "Point", "coordinates": [ -77.305846, 38.874344 ] } },
{ "type": "Feature", "properties": { "stop_id": 2099, "stop_name": "SINGLETONS WAY @ GEORGE BAYLOR DR", "wheelchair_boarding": 1 }, "geometry": { "type": "Point", "coordinates": [ -77.43099, 38.82894 ] } },
{ "type": "Feature", "properties": { "stop_id": 2100, "stop_name": "ROUTE 50 @ FAIR RIDGE DR", "wheelchair_boarding": 0 }, "geometry": { "type": "Point", "coordinates": [ -77.3698, 38.870556 ] } },
{ "type": "Feature", "properties": { "stop_id": 2101, "stop_name": "BACKLICK NORTH PARK AND RIDE", "wheelchair_boarding": 0 }, "geometry": { "type": "Point", "coordinates": [ -77.183879, 38.769729 ] } },
{ "type": "Feature", "properties": { "stop_id": 2102, "stop_name": "GREENSBORO DR @ INTERNATIONAL DR", "wheelchair_boarding": 0 }, "geometry": { "type": "Point", "coordinates": [ -77.227616, 38.922604 ] } },
{ "type": "Feature", "properties": { "stop_id": 2104, "stop_name": "HERNDON METRO BAY B", "wheelchair_boarding": 0 }, "geometry": { "type": "Point", "coordinates": [ -77.383037, 38.951612 ] } },
{ "type": "Feature", "properties": { "stop_id": 2105, "stop_name": "GUINEA RD @ BURKE RD", "wheelchair_boarding": 0 }, "geometry": { "type": "Point", "coordinates": [ -77.281, 38.80599 ] } },
{ "type": "Feature", "properties": { "stop_id": 2106, "stop_name": "GUINEA RD @ QUEENS WOODS DR", "wheelchair_boarding": 0 }, "geometry": { "type": "Point", "coordinates": [ -77.27374, 38.81037 ] } },
{ "type": "Feature", "properties": { "stop_id": 2110, "stop_name": "TOWER DR @ TOWER DR", "wheelchair_boarding": 0 }, "geometry": { "type": "Point", "coordinates": [ -77.086195, 38.772154 ] } },
{ "type": "Feature", "properties": { "stop_id": 2111, "stop_name": "TOWER DR @ TOWER DR", "wheelchair_boarding": 0 }, "geometry": { "type": "Point", "coordinates": [ -77.08635, 38.77234 ] } },
{ "type": "Feature", "properties": { "stop_id": 2112, "stop_name": "COLUMBIA PIKE @ ANNANDALE CTR DR", "wheelchair_boarding": 0 }, "geometry": { "type": "Point", "coordinates": [ -77.192827, 38.831853 ] } },
{ "type": "Feature", "properties": { "stop_id": 2114, "stop_name": "SULLY STATION DR @ WOODFORD DR", "wheelchair_boarding": 1 }, "geometry": { "type": "Point", "coordinates": [ -77.450117, 38.867026 ] } },
{ "type": "Feature", "properties": { "stop_id": 2115, "stop_name": "SULLY STATION DR @ FARMING WAY", "wheelchair_boarding": 1 }, "geometry": { "type": "Point", "coordinates": [ -77.45338, 38.86904 ] } },
{ "type": "Feature", "properties": { "stop_id": 2116, "stop_name": "SULLY STATION DR @ GLEN MEADOW DR", "wheelchair_boarding": 0 }, "geometry": { "type": "Point", "coordinates": [ -77.45644, 38.86895 ] } },
{ "type": "Feature", "properties": { "stop_id": 2117, "stop_name": "SULLY STATION DR @ SUN MEADOW DR", "wheelchair_boarding": 1 }, "geometry": { "type": "Point", "coordinates": [ -77.459309, 38.866678 ] } },
{ "type": "Feature", "properties": { "stop_id": 2118, "stop_name": "SULLY STATION DR @ BRADDOCK RD", "wheelchair_boarding": 1 }, "geometry": { "type": "Point", "coordinates": [ -77.45996, 38.86483 ] } },
{ "type": "Feature", "properties": { "stop_id": 2119, "stop_name": "SULLY STATION DR @ BRADDOCK RD", "wheelchair_boarding": 1 }, "geometry": { "type": "Point", "coordinates": [ -77.459985, 38.864671 ] } },
{ "type": "Feature", "properties": { "stop_id": 2120, "stop_name": "SULLY STATION DR @ WINDRIFT CT", "wheelchair_boarding": 1 }, "geometry": { "type": "Point", "coordinates": [ -77.4589, 38.86711 ] } },
{ "type": "Feature", "properties": { "stop_id": 2121, "stop_name": "SULLY STATION DR @ GLEN MEADOW RD", "wheelchair_boarding": 0 }, "geometry": { "type": "Point", "coordinates": [ -77.45689, 38.86868 ] } },
{ "type": "Feature", "properties": { "stop_id": 2122, "stop_name": "SULLY STATION DR @ FARMING WAY", "wheelchair_boarding": 1 }, "geometry": { "type": "Point", "coordinates": [ -77.45359, 38.86894 ] } },
{ "type": "Feature", "properties": { "stop_id": 2123, "stop_name": "SULLY STATION DR @ GLEN MEADOW RD", "wheelchair_boarding": 0 }, "geometry": { "type": "Point", "coordinates": [ -77.449866, 38.866699 ] } },
{ "type": "Feature", "properties": { "stop_id": 2124, "stop_name": "STONECROFT BLVD AT SULLY GOVT CTR", "wheelchair_boarding": 0 }, "geometry": { "type": "Point", "coordinates": [ -77.450978, 38.87128 ] } },
{ "type": "Feature", "properties": { "stop_id": 2125, "stop_name": "WAKEFIELD DR @ POTOMAC AVE", "wheelchair_boarding": 0 }, "geometry": { "type": "Point", "coordinates": [ -77.05745, 38.77278 ] } },
{ "type": "Feature", "properties": { "stop_id": 2126, "stop_name": "LITTLE RIVER TURNPIKE @ BACKLICK RD", "wheelchair_boarding": 0 }, "geometry": { "type": "Point", "coordinates": [ -77.193519, 38.829892 ] } },
{ "type": "Feature", "properties": { "stop_id": 2127, "stop_name": "BRADDOCK RD @ RED FOX DR W", "wheelchair_boarding": 0 }, "geometry": { "type": "Point", "coordinates": [ -77.25777, 38.811 ] } },
{ "type": "Feature", "properties": { "stop_id": 2128, "stop_name": "BRADDOCK RD @ KING DAVID BLVD", "wheelchair_boarding": 0 }, "geometry": { "type": "Point", "coordinates": [ -77.26185, 38.81088 ] } },
{ "type": "Feature", "properties": { "stop_id": 2129, "stop_name": "BRADDOCK RD @ BRADFIELD DR", "wheelchair_boarding": 0 }, "geometry": { "type": "Point", "coordinates": [ -77.26347, 38.81101 ] } },
{ "type": "Feature", "properties": { "stop_id": 2130, "stop_name": "BRADDOCK RD @ BRADFIELD DR", "wheelchair_boarding": 0 }, "geometry": { "type": "Point", "coordinates": [ -77.26316, 38.81073 ] } },
{ "type": "Feature", "properties": { "stop_id": 2131, "stop_name": "BRADDOCK RD @ RED FOX DR W", "wheelchair_boarding": 0 }, "geometry": { "type": "Point", "coordinates": [ -77.25778, 38.81071 ] } },
{ "type": "Feature", "properties": { "stop_id": 2132, "stop_name": "BRADDOCK RD @ RED FOX DR", "wheelchair_boarding": 0 }, "geometry": { "type": "Point", "coordinates": [ -77.253549, 38.810558 ] } },
{ "type": "Feature", "properties": { "stop_id": 2133, "stop_name": "TELEGRAPH RD @ EAST DR", "wheelchair_boarding": 0 }, "geometry": { "type": "Point", "coordinates": [ -77.08094, 38.79707 ] } },
{ "type": "Feature", "properties": { "stop_id": 2134, "stop_name": "GOSNALL RD @ TYSPRING ST", "wheelchair_boarding": 0 }, "geometry": { "type": "Point", "coordinates": [ -77.238577, 38.921995 ] } },
{ "type": "Feature", "properties": { "stop_id": 2135, "stop_name": "WESTPARK DR @ GREENSBORO DR", "wheelchair_boarding": 0 }, "geometry": { "type": "Point", "coordinates": [ -77.233735, 38.925344 ] } },
{ "type": "Feature", "properties": { "stop_id": 2137, "stop_name": "TYSONS BLVD @ WESTBRANCH DR", "wheelchair_boarding": 1 }, "geometry": { "type": "Point", "coordinates": [ -77.222308, 38.924017 ] } },
{ "type": "Feature", "properties": { "stop_id": 2138, "stop_name": "WESTPARK DR @ JONES BRANCH DR", "wheelchair_boarding": 0 }, "geometry": { "type": "Point", "coordinates": [ -77.218224, 38.924589 ] } },
{ "type": "Feature", "properties": { "stop_id": 2139, "stop_name": "GALLERIA DR @ TYSONS BLVD", "wheelchair_boarding": 0 }, "geometry": { "type": "Point", "coordinates": [ -77.220517, 38.922465 ] } },
{ "type": "Feature", "properties": { "stop_id": 2141, "stop_name": "WESTPARK DR @ JONES BRANCH DR N", "wheelchair_boarding": 0 }, "geometry": { "type": "Point", "coordinates": [ -77.218563, 38.925071 ] } },
{ "type": "Feature", "properties": { "stop_id": 2142, "stop_name": "JONES BRANCH DR @ FREDDIE MAC CTR", "wheelchair_boarding": 0 }, "geometry": { "type": "Point", "coordinates": [ -77.224792, 38.931461 ] } },
{ "type": "Feature", "properties": { "stop_id": 2143, "stop_name": "JONES BRANCH DR @ WEST BRANCH DR", "wheelchair_boarding": 0 }, "geometry": { "type": "Point", "coordinates": [ -77.219408, 38.931368 ] } },
{ "type": "Feature", "properties": { "stop_id": 2144, "stop_name": "7925 JONES BRANCH DR", "wheelchair_boarding": 0 }, "geometry": { "type": "Point", "coordinates": [ -77.216874, 38.930249 ] } },
{ "type": "Feature", "properties": { "stop_id": 2145, "stop_name": "JONES BRANCH DR @ 495 EXPRESS LA RA", "wheelchair_boarding": 0 }, "geometry": { "type": "Point", "coordinates": [ -77.21661, 38.928624 ] } },
{ "type": "Feature", "properties": { "stop_id": 2146, "stop_name": "JONES BRANCH DR @ WESTPARK DR", "wheelchair_boarding": 0 }, "geometry": { "type": "Point", "coordinates": [ -77.217683, 38.926622 ] } },
{ "type": "Feature", "properties": { "stop_id": 2147, "stop_name": "CHAIN BRIDGE RD @ INTERNATIONAL DR", "wheelchair_boarding": 0 }, "geometry": { "type": "Point", "coordinates": [ -77.224763, 38.919864 ] } },
{ "type": "Feature", "properties": { "stop_id": 2148, "stop_name": "TYSONS CORNER METRO BAY E", "wheelchair_boarding": 0 }, "geometry": { "type": "Point", "coordinates": [ -77.223064, 38.919876 ] } },
{ "type": "Feature", "properties": { "stop_id": 2149, "stop_name": "DOLLEY MADISON BLVD @ OLD MEADOW RD", "wheelchair_boarding": 0 }, "geometry": { "type": "Point", "coordinates": [ -77.210116, 38.923981 ] } },
{ "type": "Feature", "properties": { "stop_id": 2150, "stop_name": "ANDERSON RD @ CHAIN BRIDGE RD", "wheelchair_boarding": 0 }, "geometry": { "type": "Point", "coordinates": [ -77.205413, 38.926258 ] } },
{ "type": "Feature", "properties": { "stop_id": 2151, "stop_name": "CHAIN BRIDGE RD @ ANDERSON RD", "wheelchair_boarding": 0 }, "geometry": { "type": "Point", "coordinates": [ -77.20355, 38.926145 ] } },
{ "type": "Feature", "properties": { "stop_id": 2152, "stop_name": "CHAIN BRIDGE RD @ SENECA AVE", "wheelchair_boarding": 0 }, "geometry": { "type": "Point", "coordinates": [ -77.20114, 38.926709 ] } },
{ "type": "Feature", "properties": { "stop_id": 2153, "stop_name": "CHAIN BRIDGE RD @ EVERS DR", "wheelchair_boarding": 0 }, "geometry": { "type": "Point", "coordinates": [ -77.19487, 38.929427 ] } },
{ "type": "Feature", "properties": { "stop_id": 2154, "stop_name": "CHAIN BRIDGE RD @ WASP LA", "wheelchair_boarding": 0 }, "geometry": { "type": "Point", "coordinates": [ -77.191355, 38.929665 ] } },
{ "type": "Feature", "properties": { "stop_id": 2155, "stop_name": "CHAIN BRIDGE RD @ AUDMAR DR", "wheelchair_boarding": 0 }, "geometry": { "type": "Point", "coordinates": [ -77.18844, 38.92955 ] } },
{ "type": "Feature", "properties": { "stop_id": 2156, "stop_name": "CHAIN BRIDGE RD @ WESTMORELAND ST", "wheelchair_boarding": 0 }, "geometry": { "type": "Point", "coordinates": [ -77.184836, 38.929664 ] } },
{ "type": "Feature", "properties": { "stop_id": 2157, "stop_name": "WESTMORELAND ST @ CHAIN BRIDGE RD", "wheelchair_boarding": 0 }, "geometry": { "type": "Point", "coordinates": [ -77.184304, 38.928943 ] } },
{ "type": "Feature", "properties": { "stop_id": 2158, "stop_name": "WESTMORELAND ST @ OLD CHESTERBROOK", "wheelchair_boarding": 0 }, "geometry": { "type": "Point", "coordinates": [ -77.182828, 38.926522 ] } },
{ "type": "Feature", "properties": { "stop_id": 2159, "stop_name": "WESTMORELAND @ ROSEMONT", "wheelchair_boarding": 0 }, "geometry": { "type": "Point", "coordinates": [ -77.181911, 38.924297 ] } },
{ "type": "Feature", "properties": { "stop_id": 2160, "stop_name": "WESTMORELAND @ SOUTHRIDGE", "wheelchair_boarding": 0 }, "geometry": { "type": "Point", "coordinates": [ -77.181297, 38.920941 ] } },
{ "type": "Feature", "properties": { "stop_id": 2161, "stop_name": "WESTMORELAND @ LUMSDEN", "wheelchair_boarding": 0 }, "geometry": { "type": "Point", "coordinates": [ -77.180608, 38.919524 ] } },
{ "type": "Feature", "properties": { "stop_id": 2162, "stop_name": "WESTMORELAND @ VAN FLEET", "wheelchair_boarding": 0 }, "geometry": { "type": "Point", "coordinates": [ -77.17941, 38.917721 ] } },
{ "type": "Feature", "properties": { "stop_id": 2163, "stop_name": "WESTMORELAND @ SOMERVILLE", "wheelchair_boarding": 0 }, "geometry": { "type": "Point", "coordinates": [ -77.177553, 38.915211 ] } },
{ "type": "Feature", "properties": { "stop_id": 2164, "stop_name": "WESTMORELAND @ POOLE", "wheelchair_boarding": 0 }, "geometry": { "type": "Point", "coordinates": [ -77.175284, 38.913215 ] } },
{ "type": "Feature", "properties": { "stop_id": 2165, "stop_name": "WESTMORELAND @ YOUNGBLOOD", "wheelchair_boarding": 0 }, "geometry": { "type": "Point", "coordinates": [ -77.174111, 38.912489 ] } },
{ "type": "Feature", "properties": { "stop_id": 2166, "stop_name": "WESTMORELAND @ MAYFAIR MCLEAN", "wheelchair_boarding": 0 }, "geometry": { "type": "Point", "coordinates": [ -77.172789, 38.910026 ] } },
{ "type": "Feature", "properties": { "stop_id": 2167, "stop_name": "WESTMORELAND @ KIRBY", "wheelchair_boarding": 0 }, "geometry": { "type": "Point", "coordinates": [ -77.17273, 38.907449 ] } },
{ "type": "Feature", "properties": { "stop_id": 2168, "stop_name": "WESTMORELAND @ PLACID", "wheelchair_boarding": 0 }, "geometry": { "type": "Point", "coordinates": [ -77.172595, 38.905787 ] } },
{ "type": "Feature", "properties": { "stop_id": 2169, "stop_name": "WESTMORELAND @ HAYCOCK", "wheelchair_boarding": 0 }, "geometry": { "type": "Point", "coordinates": [ -77.172013, 38.903661 ] } },
{ "type": "Feature", "properties": { "stop_id": 2170, "stop_name": "WESTMORELAND @ PLACID", "wheelchair_boarding": 0 }, "geometry": { "type": "Point", "coordinates": [ -77.172205, 38.905165 ] } },
{ "type": "Feature", "properties": { "stop_id": 2171, "stop_name": "WESTMORELAND @ KIRBY", "wheelchair_boarding": 0 }, "geometry": { "type": "Point", "coordinates": [ -77.172574, 38.907165 ] } },
{ "type": "Feature", "properties": { "stop_id": 2172, "stop_name": "WESTMORELAND ST @ HOPEWOOD DR", "wheelchair_boarding": 0 }, "geometry": { "type": "Point", "coordinates": [ -77.172534, 38.908418 ] } },
{ "type": "Feature", "properties": { "stop_id": 2173, "stop_name": "WESTMORELAND ST @ MAYFAIR MCLEAN CT", "wheelchair_boarding": 0 }, "geometry": { "type": "Point", "coordinates": [ -77.17263, 38.910269 ] } },
{ "type": "Feature", "properties": { "stop_id": 2174, "stop_name": "WESTMORELAND ST @ YOUNGBLOOD ST", "wheelchair_boarding": 0 }, "geometry": { "type": "Point", "coordinates": [ -77.173679, 38.912328 ] } },
{ "type": "Feature", "properties": { "stop_id": 2175, "stop_name": "WESTMORELAND ST @ POOLE LN", "wheelchair_boarding": 0 }, "geometry": { "type": "Point", "coordinates": [ -77.175347, 38.913503 ] } },
{ "type": "Feature", "properties": { "stop_id": 2176, "stop_name": "WESTMORELAND ST @ SOMERVILLE DR", "wheelchair_boarding": 0 }, "geometry": { "type": "Point", "coordinates": [ -77.177486, 38.915396 ] } },
{ "type": "Feature", "properties": { "stop_id": 2177, "stop_name": "WESTMORELAND ST @ VAN FLEET DR", "wheelchair_boarding": 0 }, "geometry": { "type": "Point", "coordinates": [ -77.179242, 38.917823 ] } },
{ "type": "Feature", "properties": { "stop_id": 2178, "stop_name": "WESTMORELAND ST @ DEAN DR", "wheelchair_boarding": 0 }, "geometry": { "type": "Point", "coordinates": [ -77.180274, 38.919269 ] } },
{ "type": "Feature", "properties": { "stop_id": 2179, "stop_name": "WESTMORELAND ST @ FELIX ST", "wheelchair_boarding": 0 }, "geometry": { "type": "Point", "coordinates": [ -77.181196, 38.9213 ] } },
{ "type": "Feature", "properties": { "stop_id": 2180, "stop_name": "WESTMORELAND ST @ ROSEMONT DR", "wheelchair_boarding": 0 }, "geometry": { "type": "Point", "coordinates": [ -77.181681, 38.924335 ] } },
{ "type": "Feature", "properties": { "stop_id": 2181, "stop_name": "WESTMORELAND ST @ OLD CHESTERBROOK", "wheelchair_boarding": 0 }, "geometry": { "type": "Point", "coordinates": [ -77.182361, 38.926128 ] } },
{ "type": "Feature", "properties": { "stop_id": 2182, "stop_name": "WESTMORELAND ST @ CHAIN BRIDGE RD", "wheelchair_boarding": 0 }, "geometry": { "type": "Point", "coordinates": [ -77.184099, 38.928982 ] } },
{ "type": "Feature", "properties": { "stop_id": 2183, "stop_name": "CHAIN BRIDGE RD @ BUENA VISTA AVE", "wheelchair_boarding": 0 }, "geometry": { "type": "Point", "coordinates": [ -77.181913, 38.930737 ] } },
{ "type": "Feature", "properties": { "stop_id": 2184, "stop_name": "CHAIN BRIDGE RD @ LAUGHLIN AVE", "wheelchair_boarding": 0 }, "geometry": { "type": "Point", "coordinates": [ -77.180446, 38.931867 ] } },
{ "type": "Feature", "properties": { "stop_id": 2185, "stop_name": "CHAIN BRIDGE RD @ BUENA VISTA AVE", "wheelchair_boarding": 0 }, "geometry": { "type": "Point", "coordinates": [ -77.181524, 38.931148 ] } },
{ "type": "Feature", "properties": { "stop_id": 2186, "stop_name": "CHAIN BRIDGE RD @ PATHFINDER LN", "wheelchair_boarding": 0 }, "geometry": { "type": "Point", "coordinates": [ -77.185048, 38.929785 ] } },
{ "type": "Feature", "properties": { "stop_id": 2187, "stop_name": "CHAIN BRIDGE RD @ AUDMAR DR", "wheelchair_boarding": 0 }, "geometry": { "type": "Point", "coordinates": [ -77.18841, 38.929736 ] } },
{ "type": "Feature", "properties": { "stop_id": 2188, "stop_name": "CHAIN BRIDGE RD @ WASP LA", "wheelchair_boarding": 0 }, "geometry": { "type": "Point", "coordinates": [ -77.191459, 38.929864 ] } },
{ "type": "Feature", "properties": { "stop_id": 2189, "stop_name": "CHAIN BRIDGE RD @ EVANS FARM DR", "wheelchair_boarding": 0 }, "geometry": { "type": "Point", "coordinates": [ -77.194341, 38.929633 ] } },
{ "type": "Feature", "properties": { "stop_id": 2190, "stop_name": "CHAIN BRIDGE RD @ MCLEAN COMMONS CT", "wheelchair_boarding": 0 }, "geometry": { "type": "Point", "coordinates": [ -77.195999, 38.929441 ] } },
{ "type": "Feature", "properties": { "stop_id": 2191, "stop_name": "CHAIN BRIDGE RD @ MONTCALM DR", "wheelchair_boarding": 0 }, "geometry": { "type": "Point", "coordinates": [ -77.198763, 38.928075 ] } },
{ "type": "Feature", "properties": { "stop_id": 2192, "stop_name": "CHAIN BRIDGE RD @ HUNTING AVE", "wheelchair_boarding": 0 }, "geometry": { "type": "Point", "coordinates": [ -77.198359, 38.928208 ] } },
{ "type": "Feature", "properties": { "stop_id": 2193, "stop_name": "CHAIN BRIDGE RD @ SENECA AVE", "wheelchair_boarding": 0 }, "geometry": { "type": "Point", "coordinates": [ -77.20101, 38.926893 ] } },
{ "type": "Feature", "properties": { "stop_id": 2194, "stop_name": "CHAIN BRIDGE RD @ ANDERSON RD", "wheelchair_boarding": 0 }, "geometry": { "type": "Point", "coordinates": [ -77.204348, 38.926092 ] } },
{ "type": "Feature", "properties": { "stop_id": 2195, "stop_name": "OLD DOMINION DR @ CORNER LA", "wheelchair_boarding": 0 }, "geometry": { "type": "Point", "coordinates": [ -77.17555, 38.93321 ] } },
{ "type": "Feature", "properties": { "stop_id": 2196, "stop_name": "BEVERLY RD @ OLD MCLEAN VILLAGE RD", "wheelchair_boarding": 0 }, "geometry": { "type": "Point", "coordinates": [ -77.17764, 38.93715 ] } },
{ "type": "Feature", "properties": { "stop_id": 2198, "stop_name": "ELM ST @ BEVERLY RD", "wheelchair_boarding": 0 }, "geometry": { "type": "Point", "coordinates": [ -77.17873, 38.93529 ] } },
{ "type": "Feature", "properties": { "stop_id": 2199, "stop_name": "DOLLEY MADISON BLVD @ SCOTTS CROSSI", "wheelchair_boarding": 0 }, "geometry": { "type": "Point", "coordinates": [ -77.20792, 38.92544 ] } },
{ "type": "Feature", "properties": { "stop_id": 2200, "stop_name": "MCLEAN METRO B", "wheelchair_boarding": 0 }, "geometry": { "type": "Point", "coordinates": [ -77.209096, 38.924672 ] } },
{ "type": "Feature", "properties": { "stop_id": 2201, "stop_name": "CHAIN BRIDGE RD @ ST ANDREWS DR NE", "wheelchair_boarding": 0 }, "geometry": { "type": "Point", "coordinates": [ -77.24329, 38.91413 ] } },
{ "type": "Feature", "properties": { "stop_id": 2202, "stop_name": "CHAIN BRIDGE RD @ WESTBRIAR DR NE", "wheelchair_boarding": 0 }, "geometry": { "type": "Point", "coordinates": [ -77.24677, 38.91254 ] } },
{ "type": "Feature", "properties": { "stop_id": 2203, "stop_name": "CHAIN BRIDGE RD @ NIBLICK DR SE", "wheelchair_boarding": 0 }, "geometry": { "type": "Point", "coordinates": [ -77.24999, 38.91107 ] } },
{ "type": "Feature", "properties": { "stop_id": 2204, "stop_name": "MAPLE AVE @ MASHIE DR", "wheelchair_boarding": 0 }, "geometry": { "type": "Point", "coordinates": [ -77.25229, 38.91058 ] } },
{ "type": "Feature", "properties": { "stop_id": 2205, "stop_name": "MAPLE AVE @ FOLLIN LA", "wheelchair_boarding": 0 }, "geometry": { "type": "Point", "coordinates": [ -77.25399, 38.91032 ] } },
{ "type": "Feature", "properties": { "stop_id": 2206, "stop_name": "MAPLE AVE @ PLEASANT ST NW", "wheelchair_boarding": 0 }, "geometry": { "type": "Point", "coordinates": [ -77.26978, 38.89804 ] } },
{ "type": "Feature", "properties": { "stop_id": 2207, "stop_name": "MAPLE AVE @ LEWIS ST NW", "wheelchair_boarding": 0 }, "geometry": { "type": "Point", "coordinates": [ -77.27213, 38.89616 ] } },
{ "type": "Feature", "properties": { "stop_id": 2208, "stop_name": "MAPLE AVE @ COURTHOUSE RD", "wheelchair_boarding": 0 }, "geometry": { "type": "Point", "coordinates": [ -77.268022, 38.899209 ] } },
{ "type": "Feature", "properties": { "stop_id": 2209, "stop_name": "MAPLE AVE @ MASHIE DR", "wheelchair_boarding": 0 }, "geometry": { "type": "Point", "coordinates": [ -77.252613, 38.910338 ] } },
{ "type": "Feature", "properties": { "stop_id": 2210, "stop_name": "MAPLE AVE @ NIBLICK DR", "wheelchair_boarding": 0 }, "geometry": { "type": "Point", "coordinates": [ -77.250306, 38.910729 ] } },
{ "type": "Feature", "properties": { "stop_id": 2211, "stop_name": "CHAIN BRIDGE RD @ WESTBRIAR DR NE", "wheelchair_boarding": 0 }, "geometry": { "type": "Point", "coordinates": [ -77.246704, 38.912328 ] } },
{ "type": "Feature", "properties": { "stop_id": 2212, "stop_name": "CHAIN BRIDGE RD @ HORSE SHOE DR (SO", "wheelchair_boarding": 0 }, "geometry": { "type": "Point", "coordinates": [ -77.244126, 38.913508 ] } },
{ "type": "Feature", "properties": { "stop_id": 2213, "stop_name": "OLD COURTHOUSE RD @ CHAIN BRIDGE RD", "wheelchair_boarding": 0 }, "geometry": { "type": "Point", "coordinates": [ -77.236769, 38.91575 ] } },
{ "type": "Feature", "properties": { "stop_id": 2214, "stop_name": "OLD COURTHOUSE RD @ WOODFORD RD", "wheelchair_boarding": 0 }, "geometry": { "type": "Point", "coordinates": [ -77.233556, 38.914573 ] } },
{ "type": "Feature", "properties": { "stop_id": 2215, "stop_name": "OLD COURTHOUSE RD @ BYRD RD", "wheelchair_boarding": 0 }, "geometry": { "type": "Point", "coordinates": [ -77.231416, 38.913736 ] } },
{ "type": "Feature", "properties": { "stop_id": 2216, "stop_name": "OLD COURTHOUSE RD @ LORD FAIRFAX RD", "wheelchair_boarding": 0 }, "geometry": { "type": "Point", "coordinates": [ -77.229238, 38.912633 ] } },
{ "type": "Feature", "properties": { "stop_id": 2217, "stop_name": "OLD COURTHOUSE RD @ LORD FAIRFAX RD", "wheelchair_boarding": 0 }, "geometry": { "type": "Point", "coordinates": [ -77.22937, 38.912956 ] } },
{ "type": "Feature", "properties": { "stop_id": 2218, "stop_name": "OLD COURTHOUSE RD @ BYRD RD", "wheelchair_boarding": 0 }, "geometry": { "type": "Point", "coordinates": [ -77.230718, 38.913634 ] } },
{ "type": "Feature", "properties": { "stop_id": 2219, "stop_name": "OLD COURTHOUSE RD @ HULL RD", "wheelchair_boarding": 0 }, "geometry": { "type": "Point", "coordinates": [ -77.23254, 38.914432 ] } },
{ "type": "Feature", "properties": { "stop_id": 2220, "stop_name": "OLD COURTHOUSE RD @ CHAIN BRIDGE RD", "wheelchair_boarding": 0 }, "geometry": { "type": "Point", "coordinates": [ -77.236224, 38.915757 ] } },
{ "type": "Feature", "properties": { "stop_id": 2221, "stop_name": "CHAIN BRIDGE RD @ OLD COURTHOUSE RD", "wheelchair_boarding": 0 }, "geometry": { "type": "Point", "coordinates": [ -77.238315, 38.916218 ] } },
{ "type": "Feature", "properties": { "stop_id": 2222, "stop_name": "RICHMOND HWY @ POHICK RD", "wheelchair_boarding": 0 }, "geometry": { "type": "Point", "coordinates": [ -77.160334, 38.708359 ] } },
{ "type": "Feature", "properties": { "stop_id": 2225, "stop_name": "CENTREVILLE RD @ ARMFIELD FARM DR", "wheelchair_boarding": 0 }, "geometry": { "type": "Point", "coordinates": [ -77.42326, 38.9052 ] } },
{ "type": "Feature", "properties": { "stop_id": 2227, "stop_name": "CENTREVILLE RD @ ARMFIELD FARM DR", "wheelchair_boarding": 0 }, "geometry": { "type": "Point", "coordinates": [ -77.423926, 38.904405 ] } },
{ "type": "Feature", "properties": { "stop_id": 2228, "stop_name": "CENTREVILLE RD @ RENOIR TER", "wheelchair_boarding": 0 }, "geometry": { "type": "Point", "coordinates": [ -77.427634, 38.898844 ] } },
{ "type": "Feature", "properties": { "stop_id": 2229, "stop_name": "LEWINSVILLE RD @ ARTNAUMAN CT", "wheelchair_boarding": 1 }, "geometry": { "type": "Point", "coordinates": [ -77.228439, 38.94001 ] } },
{ "type": "Feature", "properties": { "stop_id": 2230, "stop_name": "LEWINSVILLE RD @ FALSTAFF RD", "wheelchair_boarding": 1 }, "geometry": { "type": "Point", "coordinates": [ -77.224792, 38.941112 ] } },
{ "type": "Feature", "properties": { "stop_id": 2231, "stop_name": "LEWINSVILLE RD @ WINTER HUNT RD", "wheelchair_boarding": 0 }, "geometry": { "type": "Point", "coordinates": [ -77.223039, 38.941619 ] } },
{ "type": "Feature", "properties": { "stop_id": 2232, "stop_name": "LEWINSVILLE RD @ MEADOW GREEN LA", "wheelchair_boarding": 0 }, "geometry": { "type": "Point", "coordinates": [ -77.220991, 38.941667 ] } },
{ "type": "Feature", "properties": { "stop_id": 2233, "stop_name": "LEWINSVILLE RD @ TITANIA LA", "wheelchair_boarding": 0 }, "geometry": { "type": "Point", "coordinates": [ -77.218904, 38.941045 ] } },
{ "type": "Feature", "properties": { "stop_id": 2234, "stop_name": "LEWINSVILLE RD @ OLD FALLS RD", "wheelchair_boarding": 1 }, "geometry": { "type": "Point", "coordinates": [ -77.215813, 38.940742 ] } },
{ "type": "Feature", "properties": { "stop_id": 2235, "stop_name": "LEWINSVILLE RD @ FALSTAFF RD", "wheelchair_boarding": 1 }, "geometry": { "type": "Point", "coordinates": [ -77.212589, 38.938877 ] } },
{ "type": "Feature", "properties": { "stop_id": 2236, "stop_name": "LEWINSVILLE RD @ SNOW MEADOW LA", "wheelchair_boarding": 0 }, "geometry": { "type": "Point", "coordinates": [ -77.210374, 38.937023 ] } },
{ "type": "Feature", "properties": { "stop_id": 2237, "stop_name": "LEWINSVILLE RD @ SCOTTS RUN RD", "wheelchair_boarding": 0 }, "geometry": { "type": "Point", "coordinates": [ -77.206199, 38.934991 ] } },
{ "type": "Feature", "properties": { "stop_id": 2238, "stop_name": "LEWINSVILLE RD @ TYSONS MCLEAN DR", "wheelchair_boarding": 0 }, "geometry": { "type": "Point", "coordinates": [ -77.202604, 38.933638 ] } },
{ "type": "Feature", "properties": { "stop_id": 2239, "stop_name": "LEWINSVILLE RD @ FARM CREDIT DR", "wheelchair_boarding": 0 }, "geometry": { "type": "Point", "coordinates": [ -77.200454, 38.932445 ] } },
{ "type": "Feature", "properties": { "stop_id": 2240, "stop_name": "LEWINSVILLE RD @ WINDY HILL RD", "wheelchair_boarding": 1 }, "geometry": { "type": "Point", "coordinates": [ -77.203194, 38.934168 ] } },
{ "type": "Feature", "properties": { "stop_id": 2241, "stop_name": "LEWINSVILLE RD @ SCOTTS RUN RD", "wheelchair_boarding": 0 }, "geometry": { "type": "Point", "coordinates": [ -77.206126, 38.935095 ] } },
{ "type": "Feature", "properties": { "stop_id": 2242, "stop_name": "LEWINSVILLE RD @ TIMBERLY LA", "wheelchair_boarding": 0 }, "geometry": { "type": "Point", "coordinates": [ -77.209146, 38.936606 ] } },
{ "type": "Feature", "properties": { "stop_id": 2243, "stop_name": "LEWINSVILLE RD @ BRIDLE PATH LN", "wheelchair_boarding": 0 }, "geometry": { "type": "Point", "coordinates": [ -77.213053, 38.939558 ] } },
{ "type": "Feature", "properties": { "stop_id": 2244, "stop_name": "LEWINSVILLE RD @ TITANIA LA", "wheelchair_boarding": 0 }, "geometry": { "type": "Point", "coordinates": [ -77.218612, 38.941119 ] } },
{ "type": "Feature", "properties": { "stop_id": 2245, "stop_name": "LEWINSVILLE RD @ MEADOW GREEN LA", "wheelchair_boarding": 0 }, "geometry": { "type": "Point", "coordinates": [ -77.221135, 38.941909 ] } },
{ "type": "Feature", "properties": { "stop_id": 2246, "stop_name": "LEWINSVILLE RD @ WINTER HUNT RD", "wheelchair_boarding": 0 }, "geometry": { "type": "Point", "coordinates": [ -77.223151, 38.9418 ] } },
{ "type": "Feature", "properties": { "stop_id": 2247, "stop_name": "LEWINSVILLE RD @ FALSTAFF RD", "wheelchair_boarding": 0 }, "geometry": { "type": "Point", "coordinates": [ -77.22571, 38.941035 ] } },
{ "type": "Feature", "properties": { "stop_id": 2248, "stop_name": "LEWINSVILLE RD @ ARTNAUMAN CT", "wheelchair_boarding": 1 }, "geometry": { "type": "Point", "coordinates": [ -77.228458, 38.940229 ] } },
{ "type": "Feature", "properties": { "stop_id": 2249, "stop_name": "LENCLAIR ST @ MEMORIAL ST", "wheelchair_boarding": 0 }, "geometry": { "type": "Point", "coordinates": [ -77.08621, 38.77041 ] } },
{ "type": "Feature", "properties": { "stop_id": 2250, "stop_name": "BUCKMAN RD @ RUSSELL RD", "wheelchair_boarding": 0 }, "geometry": { "type": "Point", "coordinates": [ -77.10202, 38.73584 ] } },
{ "type": "Feature", "properties": { "stop_id": 2251, "stop_name": "15TH ST S@ S FERN ST", "wheelchair_boarding": 0 }, "geometry": { "type": "Point", "coordinates": [ -77.056075, 38.859658 ] } },
{ "type": "Feature", "properties": { "stop_id": 2252, "stop_name": "PENTAGON CITY METRO", "wheelchair_boarding": 1 }, "geometry": { "type": "Point", "coordinates": [ -77.059503, 38.862935 ] } },
{ "type": "Feature", "properties": { "stop_id": 2253, "stop_name": "PENTAGON CITY METRO", "wheelchair_boarding": 1 }, "geometry": { "type": "Point", "coordinates": [ -77.05937, 38.863118 ] } },
{ "type": "Feature", "properties": { "stop_id": 2254, "stop_name": "SEVEN WOODS DR @ REDONDO PL", "wheelchair_boarding": 0 }, "geometry": { "type": "Point", "coordinates": [ -77.09875, 38.73932 ] } },
{ "type": "Feature", "properties": { "stop_id": 2256, "stop_name": "SEVEN WOODS DR @ BURLINGAME PL", "wheelchair_boarding": 0 }, "geometry": { "type": "Point", "coordinates": [ -77.09891, 38.74081 ] } },
{ "type": "Feature", "properties": { "stop_id": 2257, "stop_name": "JANNA LEE AVE @ BUCKMAN RD", "wheelchair_boarding": 0 }, "geometry": { "type": "Point", "coordinates": [ -77.095549, 38.739137 ] } },
{ "type": "Feature", "properties": { "stop_id": 2258, "stop_name": "LAUREL CREST DR @ SILVERBROOK RD", "wheelchair_boarding": 0 }, "geometry": { "type": "Point", "coordinates": [ -77.228838, 38.711104 ] } },
{ "type": "Feature", "properties": { "stop_id": 2259, "stop_name": "WALNUT BRANCH RD @ GREY SQUIRREL LA", "wheelchair_boarding": 0 }, "geometry": { "type": "Point", "coordinates": [ -77.358342, 38.973778 ] } },
{ "type": "Feature", "properties": { "stop_id": 2260, "stop_name": "CENTER ST @ PRIDE AVE", "wheelchair_boarding": 0 }, "geometry": { "type": "Point", "coordinates": [ -77.388746, 38.967042 ] } },
{ "type": "Feature", "properties": { "stop_id": 2261, "stop_name": "BUCKMAN RD @ ROLLING HILLS AVE", "wheelchair_boarding": 0 }, "geometry": { "type": "Point", "coordinates": [ -77.09155, 38.739329 ] } },
{ "type": "Feature", "properties": { "stop_id": 2264, "stop_name": "S KINGS HWY @ TOWER DR", "wheelchair_boarding": 0 }, "geometry": { "type": "Point", "coordinates": [ -77.085321, 38.77724 ] } },
{ "type": "Feature", "properties": { "stop_id": 2265, "stop_name": "TOWN CENTER PKWY @ MARKET ST", "wheelchair_boarding": 0 }, "geometry": { "type": "Point", "coordinates": [ -77.363407, 38.958493 ] } },
{ "type": "Feature", "properties": { "stop_id": 2267, "stop_name": "WEST OX RD @ FRANKLIN FARM RD", "wheelchair_boarding": 1 }, "geometry": { "type": "Point", "coordinates": [ -77.382579, 38.90596 ] } },
{ "type": "Feature", "properties": { "stop_id": 2269, "stop_name": "GROOM COTTAGE DR @ LORTON MARKET ST", "wheelchair_boarding": 0 }, "geometry": { "type": "Point", "coordinates": [ -77.22183, 38.699871 ] } },
{ "type": "Feature", "properties": { "stop_id": 2270, "stop_name": "LORTON MARKET ST @ GROOM COTTAGE DR", "wheelchair_boarding": 0 }, "geometry": { "type": "Point", "coordinates": [ -77.221952, 38.700304 ] } },
{ "type": "Feature", "properties": { "stop_id": 2271, "stop_name": "GROOM COTTAGE DR @ SAMUEL WALLIS ST", "wheelchair_boarding": 0 }, "geometry": { "type": "Point", "coordinates": [ -77.220423, 38.698968 ] } },
{ "type": "Feature", "properties": { "stop_id": 2272, "stop_name": "RICHMOND HWY @ GUNSTON COVE RD", "wheelchair_boarding": 0 }, "geometry": { "type": "Point", "coordinates": [ -77.218454, 38.693082 ] } },
{ "type": "Feature", "properties": { "stop_id": 2273, "stop_name": "SUNSET HILLS RD @ YMCA-RESTON", "wheelchair_boarding": 0 }, "geometry": { "type": "Point", "coordinates": [ -77.368323, 38.955315 ] } },
{ "type": "Feature", "properties": { "stop_id": 2275, "stop_name": "11550 SUNSET HILLS RD", "wheelchair_boarding": 0 }, "geometry": { "type": "Point", "coordinates": [ -77.344072, 38.952265 ] } },
{ "type": "Feature", "properties": { "stop_id": 2276, "stop_name": "FRONTIER DR @ SPRING MALL DR", "wheelchair_boarding": 0 }, "geometry": { "type": "Point", "coordinates": [ -77.170686, 38.77074 ] } },
{ "type": "Feature", "properties": { "stop_id": 2278, "stop_name": "EADS ST S @ 18TH ST S", "wheelchair_boarding": 0 }, "geometry": { "type": "Point", "coordinates": [ -77.053269, 38.857884 ] } },
{ "type": "Feature", "properties": { "stop_id": 2279, "stop_name": "CENTREVILLE RD @ METROTECH DR", "wheelchair_boarding": 0 }, "geometry": { "type": "Point", "coordinates": [ -77.429867, 38.896575 ] } },
{ "type": "Feature", "properties": { "stop_id": 2280, "stop_name": "TELEGRAPH RD @ TELEGRAPH SQ DR", "wheelchair_boarding": 0 }, "geometry": { "type": "Point", "coordinates": [ -77.193623, 38.7173 ] } },
{ "type": "Feature", "properties": { "stop_id": 2281, "stop_name": "HELMSDALE LN @ WEXFORD PL", "wheelchair_boarding": 0 }, "geometry": { "type": "Point", "coordinates": [ -77.13453, 38.75377 ] } },
{ "type": "Feature", "properties": { "stop_id": 2282, "stop_name": "EDSALL RD @ BACKLICK RD", "wheelchair_boarding": 0 }, "geometry": { "type": "Point", "coordinates": [ -77.182198, 38.80679 ] } },
{ "type": "Feature", "properties": { "stop_id": 2283, "stop_name": "HELMSDALE LN @ TELEGRAPH RD", "wheelchair_boarding": 0 }, "geometry": { "type": "Point", "coordinates": [ -77.13709, 38.75525 ] } },
{ "type": "Feature", "properties": { "stop_id": 2284, "stop_name": "CENTREVILLE RD @ PARCHER AVE", "wheelchair_boarding": 0 }, "geometry": { "type": "Point", "coordinates": [ -77.402199, 38.959099 ] } },
{ "type": "Feature", "properties": { "stop_id": 2285, "stop_name": "CHAIN BRIDGE RD@ MCCLEAN COMMONS CT", "wheelchair_boarding": 0 }, "geometry": { "type": "Point", "coordinates": [ -77.196098, 38.929298 ] } },
{ "type": "Feature", "properties": { "stop_id": 2286, "stop_name": "WHITE GRANITE DR @ FLAG POLE LN", "wheelchair_boarding": 0 }, "geometry": { "type": "Point", "coordinates": [ -77.305141, 38.873092 ] } },
{ "type": "Feature", "properties": { "stop_id": 2287, "stop_name": "WHITE GRANITE DR @ FLAG POLE LN", "wheelchair_boarding": 0 }, "geometry": { "type": "Point", "coordinates": [ -77.305325, 38.873017 ] } },
{ "type": "Feature", "properties": { "stop_id": 2288, "stop_name": "WALNEY RD @ DALLAS ST", "wheelchair_boarding": 1 }, "geometry": { "type": "Point", "coordinates": [ -77.433723, 38.888868 ] } },
{ "type": "Feature", "properties": { "stop_id": 2289, "stop_name": "LEE RD @ CHANTILLY CROSSING LA", "wheelchair_boarding": 0 }, "geometry": { "type": "Point", "coordinates": [ -77.447935, 38.89596 ] } },
{ "type": "Feature", "properties": { "stop_id": 2290, "stop_name": "LEE RD @ ALBEMARLE POINT PL", "wheelchair_boarding": 0 }, "geometry": { "type": "Point", "coordinates": [ -77.449948, 38.891461 ] } },
{ "type": "Feature", "properties": { "stop_id": 2291, "stop_name": "LEE RD @ WILLARD RD", "wheelchair_boarding": 1 }, "geometry": { "type": "Point", "coordinates": [ -77.451419, 38.888714 ] } },
{ "type": "Feature", "properties": { "stop_id": 2292, "stop_name": "WILLARD RD @ DALY DR", "wheelchair_boarding": 1 }, "geometry": { "type": "Point", "coordinates": [ -77.442028, 38.885807 ] } },
{ "type": "Feature", "properties": { "stop_id": 2293, "stop_name": "WILLARD RD @ ENTRE CT", "wheelchair_boarding": 1 }, "geometry": { "type": "Point", "coordinates": [ -77.435947, 38.887254 ] } },
{ "type": "Feature", "properties": { "stop_id": 2294, "stop_name": "RESTON NORTH PARK AND RIDE", "wheelchair_boarding": 0 }, "geometry": { "type": "Point", "coordinates": [ -77.338716, 38.951082 ] } },
{ "type": "Feature", "properties": { "stop_id": 2295, "stop_name": "RESTON TOWN CTR BAY E", "wheelchair_boarding": 0 }, "geometry": { "type": "Point", "coordinates": [ -77.359707, 38.956868 ] } },
{ "type": "Feature", "properties": { "stop_id": 2296, "stop_name": "FIELDS BRIGADE RD @ BRICKELL DR", "wheelchair_boarding": 0 }, "geometry": { "type": "Point", "coordinates": [ -77.378289, 38.868567 ] } },
{ "type": "Feature", "properties": { "stop_id": 2297, "stop_name": "MONUMENT DR @ FIELDS BRIGADE RD", "wheelchair_boarding": 0 }, "geometry": { "type": "Point", "coordinates": [ -77.377663, 38.866319 ] } },
{ "type": "Feature", "properties": { "stop_id": 2298, "stop_name": "MEADOW FIELD DR @ ROSEMEADE DR", "wheelchair_boarding": 0 }, "geometry": { "type": "Point", "coordinates": [ -77.372949, 38.869941 ] } },
{ "type": "Feature", "properties": { "stop_id": 2299, "stop_name": "FIELDS BRIGADE RD @ QUIET CROSSING", "wheelchair_boarding": 0 }, "geometry": { "type": "Point", "coordinates": [ -77.376309, 38.870816 ] } },
{ "type": "Feature", "properties": { "stop_id": 2300, "stop_name": "SACRAMENTO DR @ RICHMOND HWY", "wheelchair_boarding": 0 }, "geometry": { "type": "Point", "coordinates": [ -77.126177, 38.721026 ] } },
{ "type": "Feature", "properties": { "stop_id": 2301, "stop_name": "COLUMBIA PIKE @ MAPLE PL", "wheelchair_boarding": 0 }, "geometry": { "type": "Point", "coordinates": [ -77.195066, 38.830971 ] } },
{ "type": "Feature", "properties": { "stop_id": 2302, "stop_name": "JOHN MARR DR @ LITTLE RIVER TPKE", "wheelchair_boarding": 0 }, "geometry": { "type": "Point", "coordinates": [ -77.190157, 38.829027 ] } },
{ "type": "Feature", "properties": { "stop_id": 2304, "stop_name": "HUNTINGTON METRO SOUTH BAY B", "wheelchair_boarding": 0 }, "geometry": { "type": "Point", "coordinates": [ -77.076067, 38.792131 ] } },
{ "type": "Feature", "properties": { "stop_id": 2305, "stop_name": "BRACKNELL DR @ STEVENAGE RD", "wheelchair_boarding": 0 }, "geometry": { "type": "Point", "coordinates": [ -77.357311, 38.96736 ] } },
{ "type": "Feature", "properties": { "stop_id": 2306, "stop_name": "STEVENAGE RD @ BENNINGTON WOODS RD", "wheelchair_boarding": 0 }, "geometry": { "type": "Point", "coordinates": [ -77.358787, 38.96765 ] } },
{ "type": "Feature", "properties": { "stop_id": 2307, "stop_name": "BRACKNELL DR @ STEVENAGE RD", "wheelchair_boarding": 0 }, "geometry": { "type": "Point", "coordinates": [ -77.357151, 38.967372 ] } },
{ "type": "Feature", "properties": { "stop_id": 2310, "stop_name": "FOUNTAIN DR @ BARON CAMERON AVE", "wheelchair_boarding": 0 }, "geometry": { "type": "Point", "coordinates": [ -77.356177, 38.965286 ] } },
{ "type": "Feature", "properties": { "stop_id": 2311, "stop_name": "FOUNTAIN DR @ SPECTRUM CTR", "wheelchair_boarding": 0 }, "geometry": { "type": "Point", "coordinates": [ -77.355972, 38.963553 ] } },
{ "type": "Feature", "properties": { "stop_id": 2317, "stop_name": "WILLARD RD @ LEE RD", "wheelchair_boarding": 1 }, "geometry": { "type": "Point", "coordinates": [ -77.451711, 38.887284 ] } },
{ "type": "Feature", "properties": { "stop_id": 2318, "stop_name": "RICHMOND HWY @ GUNSTON COVE RD", "wheelchair_boarding": 0 }, "geometry": { "type": "Point", "coordinates": [ -77.218054, 38.69332 ] } },
{ "type": "Feature", "properties": { "stop_id": 2319, "stop_name": "FULLERTON RD @ BOSTON BLVD", "wheelchair_boarding": 0 }, "geometry": { "type": "Point", "coordinates": [ -77.199121, 38.741411 ] } },
{ "type": "Feature", "properties": { "stop_id": 2320, "stop_name": "FULLERTON RD @ BOSTON BLVD", "wheelchair_boarding": 0 }, "geometry": { "type": "Point", "coordinates": [ -77.198681, 38.741001 ] } },
{ "type": "Feature", "properties": { "stop_id": 2321, "stop_name": "GUNSTON RD @ 5TH ST", "wheelchair_boarding": 0 }, "geometry": { "type": "Point", "coordinates": [ -77.148833, 38.704097 ] } },
{ "type": "Feature", "properties": { "stop_id": 2324, "stop_name": "GUNSTON RD @ GOETHALS RD", "wheelchair_boarding": 0 }, "geometry": { "type": "Point", "coordinates": [ -77.151933, 38.712051 ] } },
{ "type": "Feature", "properties": { "stop_id": 2325, "stop_name": "GUNSTON RD @ GOETHALS RD", "wheelchair_boarding": 0 }, "geometry": { "type": "Point", "coordinates": [ -77.152159, 38.711665 ] } },
{ "type": "Feature", "properties": { "stop_id": 2327, "stop_name": "FRYE RD @ KIDD ST", "wheelchair_boarding": 0 }, "geometry": { "type": "Point", "coordinates": [ -77.11488, 38.7358 ] } },
{ "type": "Feature", "properties": { "stop_id": 2328, "stop_name": "LORTON RD @ SILVERBROOK RD", "wheelchair_boarding": 0 }, "geometry": { "type": "Point", "coordinates": [ -77.227271, 38.704765 ] } },
{ "type": "Feature", "properties": { "stop_id": 2329, "stop_name": "SILVERBROOK RD @ LAUREL CREST DR", "wheelchair_boarding": 0 }, "geometry": { "type": "Point", "coordinates": [ -77.236033, 38.718036 ] } },
{ "type": "Feature", "properties": { "stop_id": 2330, "stop_name": "SILVERBROOK RD @ LAUREL CREST DR", "wheelchair_boarding": 0 }, "geometry": { "type": "Point", "coordinates": [ -77.235228, 38.717152 ] } },
{ "type": "Feature", "properties": { "stop_id": 2331, "stop_name": "SILVERBROOK @ INDIAN PAINTBRUSH WAY", "wheelchair_boarding": 0 }, "geometry": { "type": "Point", "coordinates": [ -77.239478, 38.72164 ] } },
{ "type": "Feature", "properties": { "stop_id": 2332, "stop_name": "FRYE RD @ LAWRENCE ST", "wheelchair_boarding": 0 }, "geometry": { "type": "Point", "coordinates": [ -77.11533, 38.73751 ] } },
{ "type": "Feature", "properties": { "stop_id": 2333, "stop_name": "SILVERBROOK @ INDIAN PAINTBRUSH WAY", "wheelchair_boarding": 0 }, "geometry": { "type": "Point", "coordinates": [ -77.23986, 38.721677 ] } },
{ "type": "Feature", "properties": { "stop_id": 2334, "stop_name": "ROLLING RD @TERRA GRANDE VE", "wheelchair_boarding": 0 }, "geometry": { "type": "Point", "coordinates": [ -77.208546, 38.734881 ] } },
{ "type": "Feature", "properties": { "stop_id": 2335, "stop_name": "SARATOGA SHOPPING CTR", "wheelchair_boarding": 0 }, "geometry": { "type": "Point", "coordinates": [ -77.21134, 38.739841 ] } },
{ "type": "Feature", "properties": { "stop_id": 2336, "stop_name": "FULLERTON RD @ TWIST LA", "wheelchair_boarding": 0 }, "geometry": { "type": "Point", "coordinates": [ -77.208297, 38.742334 ] } },
{ "type": "Feature", "properties": { "stop_id": 2337, "stop_name": "FULLERTON RD @ CLUNY CT", "wheelchair_boarding": 0 }, "geometry": { "type": "Point", "coordinates": [ -77.208536, 38.742454 ] } },
{ "type": "Feature", "properties": { "stop_id": 2338, "stop_name": "ABBOT RD @ WILLS RD", "wheelchair_boarding": 0 }, "geometry": { "type": "Point", "coordinates": [ -77.149854, 38.715927 ] } },
{ "type": "Feature", "properties": { "stop_id": 2339, "stop_name": "GUNSTON RD @ TWELFTH ST", "wheelchair_boarding": 0 }, "geometry": { "type": "Point", "coordinates": [ -77.144482, 38.695836 ] } },
{ "type": "Feature", "properties": { "stop_id": 2340, "stop_name": "BELVOIR RD @ 18TH ST", "wheelchair_boarding": 0 }, "geometry": { "type": "Point", "coordinates": [ -77.136502, 38.691977 ] } },
{ "type": "Feature", "properties": { "stop_id": 2341, "stop_name": "BELVOIR RD @ 12TH ST", "wheelchair_boarding": 0 }, "geometry": { "type": "Point", "coordinates": [ -77.139354, 38.697791 ] } },
{ "type": "Feature", "properties": { "stop_id": 2342, "stop_name": "BELVOIR RD @ 6TH ST", "wheelchair_boarding": 0 }, "geometry": { "type": "Point", "coordinates": [ -77.141179, 38.70347 ] } },
{ "type": "Feature", "properties": { "stop_id": 2344, "stop_name": "LAWRENCE ST @ OAKLAKE CT", "wheelchair_boarding": 0 }, "geometry": { "type": "Point", "coordinates": [ -77.10964, 38.73853 ] } },
{ "type": "Feature", "properties": { "stop_id": 2345, "stop_name": "DULLES AIRPORT", "wheelchair_boarding": 0 }, "geometry": { "type": "Point", "coordinates": [ -77.448765, 38.955974 ] } },
{ "type": "Feature", "properties": { "stop_id": 2346, "stop_name": "LAWRENCE ST @ LAKEPARK DR", "wheelchair_boarding": 0 }, "geometry": { "type": "Point", "coordinates": [ -77.10766, 38.73907 ] } },
{ "type": "Feature", "properties": { "stop_id": 2347, "stop_name": "PATRIOT RIDGE", "wheelchair_boarding": 0 }, "geometry": { "type": "Point", "coordinates": [ -77.188084, 38.746849 ] } },
{ "type": "Feature", "properties": { "stop_id": 2348, "stop_name": "FORT BELVOIR NORTH AREA", "wheelchair_boarding": 0 }, "geometry": { "type": "Point", "coordinates": [ -77.195935, 38.755546 ] } },
{ "type": "Feature", "properties": { "stop_id": 2349, "stop_name": "SARATOGA PARK AND RIDE", "wheelchair_boarding": 0 }, "geometry": { "type": "Point", "coordinates": [ -77.209144, 38.745998 ] } },
{ "type": "Feature", "properties": { "stop_id": 2350, "stop_name": "CHAIN BRIDGE RD @ OLD MEADOW RD", "wheelchair_boarding": 0 }, "geometry": { "type": "Point", "coordinates": [ -77.210359, 38.922674 ] } },
{ "type": "Feature", "properties": { "stop_id": 2351, "stop_name": "NEW GUINEA RD @ COLONY VIEW DR", "wheelchair_boarding": 0 }, "geometry": { "type": "Point", "coordinates": [ -77.300745, 38.799761 ] } },
{ "type": "Feature", "properties": { "stop_id": 2354, "stop_name": "MCLEAN METRO BAY C", "wheelchair_boarding": 0 }, "geometry": { "type": "Point", "coordinates": [ -77.207962, 38.924601 ] } },
{ "type": "Feature", "properties": { "stop_id": 2356, "stop_name": "POHICK RD @ ALBAN RD", "wheelchair_boarding": 0 }, "geometry": { "type": "Point", "coordinates": [ -77.209561, 38.723532 ] } },
{ "type": "Feature", "properties": { "stop_id": 2357, "stop_name": "FULLERTON RD @ BOUDINOT DR", "wheelchair_boarding": 1 }, "geometry": { "type": "Point", "coordinates": [ -77.193705, 38.742619 ] } },
{ "type": "Feature", "properties": { "stop_id": 2358, "stop_name": "FULLERTON RD @ ANGUS CT", "wheelchair_boarding": 0 }, "geometry": { "type": "Point", "coordinates": [ -77.203543, 38.742736 ] } },
{ "type": "Feature", "properties": { "stop_id": 2359, "stop_name": "SUNSET HILLS RD @ ISAAC NEWTON SQ (", "wheelchair_boarding": 0 }, "geometry": { "type": "Point", "coordinates": [ -77.340725, 38.951462 ] } },
{ "type": "Feature", "properties": { "stop_id": 2360, "stop_name": "VIENNA METRO NORTH BAY F", "wheelchair_boarding": 0 }, "geometry": { "type": "Point", "coordinates": [ -77.271338, 38.87915 ] } },
{ "type": "Feature", "properties": { "stop_id": 2362, "stop_name": "CINDER BED RD @ NEWINGTON RD", "wheelchair_boarding": 0 }, "geometry": { "type": "Point", "coordinates": [ -77.184027, 38.734491 ] } },
{ "type": "Feature", "properties": { "stop_id": 2364, "stop_name": "BACKLICK RD @ BARTA RD", "wheelchair_boarding": 0 }, "geometry": { "type": "Point", "coordinates": [ -77.184414, 38.75695 ] } },
{ "type": "Feature", "properties": { "stop_id": 2365, "stop_name": "LEWINSVILLE RD @ BALLS HILL RD", "wheelchair_boarding": 0 }, "geometry": { "type": "Point", "coordinates": [ -77.199842, 38.932433 ] } },
{ "type": "Feature", "properties": { "stop_id": 2366, "stop_name": "FARM CREDIT ADMINISTRATION", "wheelchair_boarding": 1 }, "geometry": { "type": "Point", "coordinates": [ -77.202389, 38.932206 ] } },
{ "type": "Feature", "properties": { "stop_id": 2368, "stop_name": "POLE RD @ KEELER ST", "wheelchair_boarding": 0 }, "geometry": { "type": "Point", "coordinates": [ -77.11588, 38.73131 ] } },
{ "type": "Feature", "properties": { "stop_id": 2373, "stop_name": "TYSONS CORNER METRO BAY B", "wheelchair_boarding": 0 }, "geometry": { "type": "Point", "coordinates": [ -77.222104, 38.920668 ] } },
{ "type": "Feature", "properties": { "stop_id": 2374, "stop_name": "OLD COURTHOUSE RD@ BATTERY PARK ST", "wheelchair_boarding": 0 }, "geometry": { "type": "Point", "coordinates": [ -77.240641, 38.917684 ] } },
{ "type": "Feature", "properties": { "stop_id": 2375, "stop_name": "OLD COURTHOUSE RD @ PINE VALLEY DR", "wheelchair_boarding": 0 }, "geometry": { "type": "Point", "coordinates": [ -77.247108, 38.919757 ] } },
{ "type": "Feature", "properties": { "stop_id": 2376, "stop_name": "CRK CROSSING RD @ OLD COURTHOUSE RD", "wheelchair_boarding": 0 }, "geometry": { "type": "Point", "coordinates": [ -77.258125, 38.92296 ] } },
{ "type": "Feature", "properties": { "stop_id": 2377, "stop_name": "CHURCH ST NE @ EAST ST NE", "wheelchair_boarding": 0 }, "geometry": { "type": "Point", "coordinates": [ -77.257946, 38.90962 ] } },
{ "type": "Feature", "properties": { "stop_id": 2378, "stop_name": "BEULAH RD NE @ AYR HILL AVE NE", "wheelchair_boarding": 0 }, "geometry": { "type": "Point", "coordinates": [ -77.260526, 38.908991 ] } },
{ "type": "Feature", "properties": { "stop_id": 2379, "stop_name": "BEULAH RD @ DELANCEY DR", "wheelchair_boarding": 0 }, "geometry": { "type": "Point", "coordinates": [ -77.26902, 38.920084 ] } },
{ "type": "Feature", "properties": { "stop_id": 2380, "stop_name": "BEULAH RD @ ABBOTSFORD DR", "wheelchair_boarding": 0 }, "geometry": { "type": "Point", "coordinates": [ -77.270162, 38.921689 ] } },
{ "type": "Feature", "properties": { "stop_id": 2381, "stop_name": "TRAP RD @ OLD COURTHOUSE RD", "wheelchair_boarding": 0 }, "geometry": { "type": "Point", "coordinates": [ -77.270813, 38.93034 ] } },
{ "type": "Feature", "properties": { "stop_id": 2382, "stop_name": "TRAP RD @ GELDING LA", "wheelchair_boarding": 0 }, "geometry": { "type": "Point", "coordinates": [ -77.266344, 38.932543 ] } },
{ "type": "Feature", "properties": { "stop_id": 2383, "stop_name": "CEDAR LA @ AMANDA PL", "wheelchair_boarding": 0 }, "geometry": { "type": "Point", "coordinates": [ -77.242676, 38.887691 ] } },
{ "type": "Feature", "properties": { "stop_id": 2385, "stop_name": "PARK ST @ ELMAR DR", "wheelchair_boarding": 0 }, "geometry": { "type": "Point", "coordinates": [ -77.254006, 38.89657 ] } },
{ "type": "Feature", "properties": { "stop_id": 2386, "stop_name": "UDVAR-HAZY AIR & SPACE MUSEUM", "wheelchair_boarding": 0 }, "geometry": { "type": "Point", "coordinates": [ -77.44314, 38.91075 ] } },
{ "type": "Feature", "properties": { "stop_id": 2387, "stop_name": "MARK CENTER TRANSIT STATION", "wheelchair_boarding": 0 }, "geometry": { "type": "Point", "coordinates": [ -77.116752, 38.831909 ] } },
{ "type": "Feature", "properties": { "stop_id": 2389, "stop_name": "SHERWOOD HALL LA @ FORDSON RD", "wheelchair_boarding": 0 }, "geometry": { "type": "Point", "coordinates": [ -77.08205, 38.74306 ] } },
{ "type": "Feature", "properties": { "stop_id": 2390, "stop_name": "FORDSON RD @ BEECHCRAFT DR", "wheelchair_boarding": 0 }, "geometry": { "type": "Point", "coordinates": [ -77.086023, 38.754229 ] } },
{ "type": "Feature", "properties": { "stop_id": 2391, "stop_name": "FORDSON RD @ JOSEPH MAKELL CT", "wheelchair_boarding": 0 }, "geometry": { "type": "Point", "coordinates": [ -77.08138, 38.74709 ] } },
{ "type": "Feature", "properties": { "stop_id": 2392, "stop_name": "SHERWOOD HALL LA @ HOLLINDALE DR", "wheelchair_boarding": 0 }, "geometry": { "type": "Point", "coordinates": [ -77.05861, 38.75162 ] } },
{ "type": "Feature", "properties": { "stop_id": 2393, "stop_name": "DEEPFORD ST @ WAYLES ST", "wheelchair_boarding": 0 }, "geometry": { "type": "Point", "coordinates": [ -77.166413, 38.783434 ] } },
{ "type": "Feature", "properties": { "stop_id": 2394, "stop_name": "PARKERS LN @ HINSON FARM RD", "wheelchair_boarding": 0 }, "geometry": { "type": "Point", "coordinates": [ -77.07445, 38.73945 ] } },
{ "type": "Feature", "properties": { "stop_id": 2395, "stop_name": "SHERWOOD HALL LN @ MIDDAY LN", "wheelchair_boarding": 0 }, "geometry": { "type": "Point", "coordinates": [ -77.06631, 38.74691 ] } },
{ "type": "Feature", "properties": { "stop_id": 2396, "stop_name": "SHERWOOD HALL LA @ FRIARS CT", "wheelchair_boarding": 0 }, "geometry": { "type": "Point", "coordinates": [ -77.0742, 38.74409 ] } },
{ "type": "Feature", "properties": { "stop_id": 2397, "stop_name": "FRANCONIA RD @ BEULAH ST", "wheelchair_boarding": 0 }, "geometry": { "type": "Point", "coordinates": [ -77.145267, 38.782144 ] } },
{ "type": "Feature", "properties": { "stop_id": 2398, "stop_name": "RICHMOND HWY @ LADSON LA", "wheelchair_boarding": 0 }, "geometry": { "type": "Point", "coordinates": [ -77.086576, 38.740929 ] } },
{ "type": "Feature", "properties": { "stop_id": 2399, "stop_name": "RICHMOND HWY @ BUCKMAN RD", "wheelchair_boarding": 0 }, "geometry": { "type": "Point", "coordinates": [ -77.10751, 38.72915 ] } },
{ "type": "Feature", "properties": { "stop_id": 2400, "stop_name": "ROSE HILL DR @ GREENHAVEN PL", "wheelchair_boarding": 0 }, "geometry": { "type": "Point", "coordinates": [ -77.12119, 38.78515 ] } },
{ "type": "Feature", "properties": { "stop_id": 2401, "stop_name": "CROWN ROYAL DR @ HIGH MEADOW RD", "wheelchair_boarding": 0 }, "geometry": { "type": "Point", "coordinates": [ -77.138536, 38.788477 ] } },
{ "type": "Feature", "properties": { "stop_id": 2402, "stop_name": "BUCKMAN RD @ JANNA LEE AVE", "wheelchair_boarding": 0 }, "geometry": { "type": "Point", "coordinates": [ -77.09435, 38.73912 ] } },
{ "type": "Feature", "properties": { "stop_id": 2403, "stop_name": "TAMARIND ST @ LARAMIE PL", "wheelchair_boarding": 0 }, "geometry": { "type": "Point", "coordinates": [ -77.09703, 38.74111 ] } },
{ "type": "Feature", "properties": { "stop_id": 2404, "stop_name": "RUSSELL RD @ KESWICK RD", "wheelchair_boarding": 0 }, "geometry": { "type": "Point", "coordinates": [ -77.10339, 38.73718 ] } },
{ "type": "Feature", "properties": { "stop_id": 2405, "stop_name": "LAWRENCE ST @ RUSSELL RD", "wheelchair_boarding": 0 }, "geometry": { "type": "Point", "coordinates": [ -77.10538, 38.7399 ] } },
{ "type": "Feature", "properties": { "stop_id": 2406, "stop_name": "FRANCONIA RD @ WESTCHESTER ST", "wheelchair_boarding": 0 }, "geometry": { "type": "Point", "coordinates": [ -77.123062, 38.785911 ] } },
{ "type": "Feature", "properties": { "stop_id": 2407, "stop_name": "BROADMOOR ST @ DERTH CT", "wheelchair_boarding": 0 }, "geometry": { "type": "Point", "coordinates": [ -77.13711, 38.74534 ] } },
{ "type": "Feature", "properties": { "stop_id": 2408, "stop_name": "BELLE VIEW BLVD @ WILLIAMS DR", "wheelchair_boarding": 0 }, "geometry": { "type": "Point", "coordinates": [ -77.06805, 38.77207 ] } },
{ "type": "Feature", "properties": { "stop_id": 2409, "stop_name": "BELLE VIEW BLVD @ SWARTHMORE DR", "wheelchair_boarding": 0 }, "geometry": { "type": "Point", "coordinates": [ -77.06708, 38.77234 ] } },
{ "type": "Feature", "properties": { "stop_id": 2410, "stop_name": "VANTAGE RD @ STREAM BED WAY", "wheelchair_boarding": 0 }, "geometry": { "type": "Point", "coordinates": [ -77.10712, 38.76969 ] } },
{ "type": "Feature", "properties": { "stop_id": 2411, "stop_name": "DARTMOUTH DR @ DUKE DR", "wheelchair_boarding": 0 }, "geometry": { "type": "Point", "coordinates": [ -77.06718, 38.76882 ] } },
{ "type": "Feature", "properties": { "stop_id": 2412, "stop_name": "HUNTINGTON AVE @ FIFER DR", "wheelchair_boarding": 0 }, "geometry": { "type": "Point", "coordinates": [ -77.06921, 38.79344 ] } },
{ "type": "Feature", "properties": { "stop_id": 2413, "stop_name": "HUNTINGTON AVE @ FOLEY ST", "wheelchair_boarding": 0 }, "geometry": { "type": "Point", "coordinates": [ -77.067084, 38.792033 ] } },
{ "type": "Feature", "properties": { "stop_id": 2414, "stop_name": "HUNTINGTON AVE @ OLD RICHMOND HWY", "wheelchair_boarding": 0 }, "geometry": { "type": "Point", "coordinates": [ -77.065073, 38.790661 ] } },
{ "type": "Feature", "properties": { "stop_id": 2416, "stop_name": "HUNTINGTON AVE @ BLAINE DR", "wheelchair_boarding": 0 }, "geometry": { "type": "Point", "coordinates": [ -77.07017, 38.79405 ] } },
{ "type": "Feature", "properties": { "stop_id": 2417, "stop_name": "BROADMOOR ST @ HAYFIELD RD", "wheelchair_boarding": 0 }, "geometry": { "type": "Point", "coordinates": [ -77.13502, 38.74637 ] } },
{ "type": "Feature", "properties": { "stop_id": 2418, "stop_name": "KINGSBURY RD @ HELMSDALE LA", "wheelchair_boarding": 0 }, "geometry": { "type": "Point", "coordinates": [ -77.12984, 38.75088 ] } },
{ "type": "Feature", "properties": { "stop_id": 2419, "stop_name": "VANTAGE DR @ VANTAGE CT", "wheelchair_boarding": 0 }, "geometry": { "type": "Point", "coordinates": [ -77.10797, 38.76413 ] } },
{ "type": "Feature", "properties": { "stop_id": 2420, "stop_name": "QUANDER RD @ WILLIAMS DR", "wheelchair_boarding": 0 }, "geometry": { "type": "Point", "coordinates": [ -77.06709, 38.76974 ] } },
{ "type": "Feature", "properties": { "stop_id": 2421, "stop_name": "QUANDER RD @ DUKE DR", "wheelchair_boarding": 0 }, "geometry": { "type": "Point", "coordinates": [ -77.06796, 38.77051 ] } },
{ "type": "Feature", "properties": { "stop_id": 2422, "stop_name": "HUNTINGTON AVE @ FARRINGTON AVE", "wheelchair_boarding": 0 }, "geometry": { "type": "Point", "coordinates": [ -77.07228, 38.79504 ] } },
{ "type": "Feature", "properties": { "stop_id": 2424, "stop_name": "FRANCONIA RD @ WESTCHESTER ST", "wheelchair_boarding": 0 }, "geometry": { "type": "Point", "coordinates": [ -77.123578, 38.785922 ] } },
{ "type": "Feature", "properties": { "stop_id": 2425, "stop_name": "HUNTINGTON AVE @ FENWICK DR", "wheelchair_boarding": 0 }, "geometry": { "type": "Point", "coordinates": [ -77.0741, 38.79565 ] } },
{ "type": "Feature", "properties": { "stop_id": 2426, "stop_name": "TELEGRAPH RD @ BELLEAU WOODS LN", "wheelchair_boarding": 0 }, "geometry": { "type": "Point", "coordinates": [ -77.13634, 38.75718 ] } },
{ "type": "Feature", "properties": { "stop_id": 2427, "stop_name": "TELEGRAPH RD @ MISSION CT", "wheelchair_boarding": 0 }, "geometry": { "type": "Point", "coordinates": [ -77.10877, 38.77677 ] } },
{ "type": "Feature", "properties": { "stop_id": 2428, "stop_name": "TELEGRAPH RD @ MARL-PAT DR", "wheelchair_boarding": 0 }, "geometry": { "type": "Point", "coordinates": [ -77.08475, 38.79166 ] } },
{ "type": "Feature", "properties": { "stop_id": 2429, "stop_name": "CROWN ROYAL DR @ HIGH MEADOW RD", "wheelchair_boarding": 0 }, "geometry": { "type": "Point", "coordinates": [ -77.138647, 38.788365 ] } },
{ "type": "Feature", "properties": { "stop_id": 2430, "stop_name": "FRANCONIA RD @ BEULAH ST", "wheelchair_boarding": 0 }, "geometry": { "type": "Point", "coordinates": [ -77.146502, 38.782265 ] } },
{ "type": "Feature", "properties": { "stop_id": 2431, "stop_name": "TELEGRAPH RD @ RAINWATER PL", "wheelchair_boarding": 0 }, "geometry": { "type": "Point", "coordinates": [ -77.192338, 38.718745 ] } },
{ "type": "Feature", "properties": { "stop_id": 2432, "stop_name": "TELEGRAPH RD @ LOCKPORT PL", "wheelchair_boarding": 0 }, "geometry": { "type": "Point", "coordinates": [ -77.19433, 38.71549 ] } },
{ "type": "Feature", "properties": { "stop_id": 2433, "stop_name": "DEEPFORD ST @ WAYLES ST", "wheelchair_boarding": 0 }, "geometry": { "type": "Point", "coordinates": [ -77.166492, 38.783593 ] } },
{ "type": "Feature", "properties": { "stop_id": 2434, "stop_name": "TELEGRAPH RD @ FRANCONIA RD", "wheelchair_boarding": 0 }, "geometry": { "type": "Point", "coordinates": [ -77.0849, 38.79191 ] } },
{ "type": "Feature", "properties": { "stop_id": 2435, "stop_name": "TELEGRAPH RD @ WILTON RD", "wheelchair_boarding": 0 }, "geometry": { "type": "Point", "coordinates": [ -77.0896, 38.78741 ] } },
{ "type": "Feature", "properties": { "stop_id": 2436, "stop_name": "FORT HUNT RD @ ALEXANDRIA AVE", "wheelchair_boarding": 0 }, "geometry": { "type": "Point", "coordinates": [ -77.05811, 38.74668 ] } },
{ "type": "Feature", "properties": { "stop_id": 2437, "stop_name": "FORT HUNT RD @ ADMIRAL DR", "wheelchair_boarding": 0 }, "geometry": { "type": "Point", "coordinates": [ -77.05716, 38.74983 ] } },
{ "type": "Feature", "properties": { "stop_id": 2438, "stop_name": "FORT HUNT RD @ MORNINGSIDE LA", "wheelchair_boarding": 0 }, "geometry": { "type": "Point", "coordinates": [ -77.05715, 38.75284 ] } },
{ "type": "Feature", "properties": { "stop_id": 2439, "stop_name": "FORT HUNT RD @ MARINE DR", "wheelchair_boarding": 0 }, "geometry": { "type": "Point", "coordinates": [ -77.05842, 38.75885 ] } },
{ "type": "Feature", "properties": { "stop_id": 2440, "stop_name": "FORT HUNT RD @ WAKE FOREST DR", "wheelchair_boarding": 0 }, "geometry": { "type": "Point", "coordinates": [ -77.05979, 38.76764 ] } },
{ "type": "Feature", "properties": { "stop_id": 2441, "stop_name": "FORT HUNT RD @ BELLE VIEW BLVD", "wheelchair_boarding": 0 }, "geometry": { "type": "Point", "coordinates": [ -77.06252, 38.77563 ] } },
{ "type": "Feature", "properties": { "stop_id": 2442, "stop_name": "FORT HUNT RD @ BELLE HAVEN RD", "wheelchair_boarding": 0 }, "geometry": { "type": "Point", "coordinates": [ -77.06246, 38.78053 ] } },
{ "type": "Feature", "properties": { "stop_id": 2443, "stop_name": "FORT HUNT RD @ HUNTING COVE PL", "wheelchair_boarding": 0 }, "geometry": { "type": "Point", "coordinates": [ -77.06112, 38.78496 ] } },
{ "type": "Feature", "properties": { "stop_id": 2444, "stop_name": "FORT HUNT RD @ WOODMONT RD", "wheelchair_boarding": 0 }, "geometry": { "type": "Point", "coordinates": [ -77.06076, 38.78781 ] } },
{ "type": "Feature", "properties": { "stop_id": 2445, "stop_name": "LITTLE RIVER TPKE @ BEAUREGARD ST", "wheelchair_boarding": 0 }, "geometry": { "type": "Point", "coordinates": [ -77.14428, 38.81881 ] } },
{ "type": "Feature", "properties": { "stop_id": 2446, "stop_name": "LITTLE RIVER TPKE @ SOUTHLAND AVE", "wheelchair_boarding": 0 }, "geometry": { "type": "Point", "coordinates": [ -77.14777, 38.81937 ] } },
{ "type": "Feature", "properties": { "stop_id": 2447, "stop_name": "LITTLE RIVER TURNPIKE @ MERRITT RD", "wheelchair_boarding": 0 }, "geometry": { "type": "Point", "coordinates": [ -77.15531, 38.82086 ] } },
{ "type": "Feature", "properties": { "stop_id": 2448, "stop_name": "LITTLE RIVER TPKE @ GREEN SPRING RD", "wheelchair_boarding": 0 }, "geometry": { "type": "Point", "coordinates": [ -77.15954, 38.8219 ] } },
{ "type": "Feature", "properties": { "stop_id": 2449, "stop_name": "LITTLE RIVER TPKE @ BRADDOCK RD", "wheelchair_boarding": 0 }, "geometry": { "type": "Point", "coordinates": [ -77.16257, 38.82266 ] } },
{ "type": "Feature", "properties": { "stop_id": 2450, "stop_name": "LITTLE RIVER TPKE @ BRADDOCK RD", "wheelchair_boarding": 0 }, "geometry": { "type": "Point", "coordinates": [ -77.16289, 38.82244 ] } },
{ "type": "Feature", "properties": { "stop_id": 2451, "stop_name": "LITTLE RIVER TURNPIKE @ CHEROKEE AV", "wheelchair_boarding": 0 }, "geometry": { "type": "Point", "coordinates": [ -77.156, 38.82074 ] } },
{ "type": "Feature", "properties": { "stop_id": 2452, "stop_name": "LITTLE RIVER TPKE @ SOUTHLAND AVE", "wheelchair_boarding": 0 }, "geometry": { "type": "Point", "coordinates": [ -77.14745, 38.81909 ] } },
{ "type": "Feature", "properties": { "stop_id": 2453, "stop_name": "LITTLE RIVER TURNPIKE @ MANITOBA DR", "wheelchair_boarding": 0 }, "geometry": { "type": "Point", "coordinates": [ -77.144886, 38.818704 ] } },
{ "type": "Feature", "properties": { "stop_id": 2454, "stop_name": "RICHMOND HWY @ BREVARD CT", "wheelchair_boarding": 0 }, "geometry": { "type": "Point", "coordinates": [ -77.108031, 38.72919 ] } },
{ "type": "Feature", "properties": { "stop_id": 2455, "stop_name": "POTOMAC AVE @ BELLE VIEW BLVD", "wheelchair_boarding": 0 }, "geometry": { "type": "Point", "coordinates": [ -77.05697, 38.77493 ] } },
{ "type": "Feature", "properties": { "stop_id": 2456, "stop_name": "BELLE VIEW BLVD @ 13TH ST", "wheelchair_boarding": 0 }, "geometry": { "type": "Point", "coordinates": [ -77.05811, 38.77517 ] } },
{ "type": "Feature", "properties": { "stop_id": 2457, "stop_name": "BELLE VIEW BLVD @ FORT HUNT RD", "wheelchair_boarding": 0 }, "geometry": { "type": "Point", "coordinates": [ -77.0615, 38.77519 ] } },
{ "type": "Feature", "properties": { "stop_id": 2458, "stop_name": "BELLE VIEW BLVD @ BLUEBILL LA", "wheelchair_boarding": 0 }, "geometry": { "type": "Point", "coordinates": [ -77.0635, 38.77512 ] } },
{ "type": "Feature", "properties": { "stop_id": 2459, "stop_name": "BELLE VIEW BLVD @ CAVALIER DR", "wheelchair_boarding": 0 }, "geometry": { "type": "Point", "coordinates": [ -77.06809, 38.77218 ] } },
{ "type": "Feature", "properties": { "stop_id": 2460, "stop_name": "BEACON HILL RD @ OAK DR", "wheelchair_boarding": 0 }, "geometry": { "type": "Point", "coordinates": [ -77.07579, 38.77056 ] } },
{ "type": "Feature", "properties": { "stop_id": 2461, "stop_name": "BEACON HILL RD @ RICHMOND HWY", "wheelchair_boarding": 0 }, "geometry": { "type": "Point", "coordinates": [ -77.07985, 38.77194 ] } },
{ "type": "Feature", "properties": { "stop_id": 2462, "stop_name": "QUANDER RD @ DUKE DR", "wheelchair_boarding": 0 }, "geometry": { "type": "Point", "coordinates": [ -77.06852, 38.77089 ] } },
{ "type": "Feature", "properties": { "stop_id": 2463, "stop_name": "FORT HUNT RD @ WAYNEWOOD BLVD", "wheelchair_boarding": 0 }, "geometry": { "type": "Point", "coordinates": [ -77.05834, 38.72633 ] } },
{ "type": "Feature", "properties": { "stop_id": 2464, "stop_name": "FORT HUNT RD @ FALSTER RD", "wheelchair_boarding": 0 }, "geometry": { "type": "Point", "coordinates": [ -77.05613, 38.73191 ] } },
{ "type": "Feature", "properties": { "stop_id": 2465, "stop_name": "FORT HUNT RD @ COLLINGWOOD RD", "wheelchair_boarding": 0 }, "geometry": { "type": "Point", "coordinates": [ -77.055639, 38.73321 ] } },
{ "type": "Feature", "properties": { "stop_id": 2466, "stop_name": "FORT HUNT RD @ GLADSTONE PL", "wheelchair_boarding": 0 }, "geometry": { "type": "Point", "coordinates": [ -77.05433, 38.73682 ] } },
{ "type": "Feature", "properties": { "stop_id": 2467, "stop_name": "FORT HUNT RD @ WELLINGTON RD", "wheelchair_boarding": 0 }, "geometry": { "type": "Point", "coordinates": [ -77.05388, 38.73913 ] } },
{ "type": "Feature", "properties": { "stop_id": 2468, "stop_name": "FORT HUNT RD @ SHENANDOAH RD", "wheelchair_boarding": 0 }, "geometry": { "type": "Point", "coordinates": [ -77.05596, 38.74221 ] } },
{ "type": "Feature", "properties": { "stop_id": 2469, "stop_name": "FORT HUNT RD @ GAHANT RD", "wheelchair_boarding": 0 }, "geometry": { "type": "Point", "coordinates": [ -77.05705, 38.74387 ] } },
{ "type": "Feature", "properties": { "stop_id": 2470, "stop_name": "G W PKWY @ STRATFORD LA", "wheelchair_boarding": 0 }, "geometry": { "type": "Point", "coordinates": [ -77.07185, 38.71167 ] } },
{ "type": "Feature", "properties": { "stop_id": 2471, "stop_name": "MT VERNON MEM HWY @ OLD MILL RD", "wheelchair_boarding": 0 }, "geometry": { "type": "Point", "coordinates": [ -77.10074, 38.7142 ] } },
{ "type": "Feature", "properties": { "stop_id": 2472, "stop_name": "FORT HUNT RD @ WOODMONT RD", "wheelchair_boarding": 0 }, "geometry": { "type": "Point", "coordinates": [ -77.06085, 38.78872 ] } },
{ "type": "Feature", "properties": { "stop_id": 2473, "stop_name": "FORT HUNT RD @ BELLE HAVEN RD", "wheelchair_boarding": 0 }, "geometry": { "type": "Point", "coordinates": [ -77.06255, 38.78073 ] } },
{ "type": "Feature", "properties": { "stop_id": 2475, "stop_name": "FORT HUNT RD @ QUANDER RD", "wheelchair_boarding": 0 }, "geometry": { "type": "Point", "coordinates": [ -77.0604, 38.76469 ] } },
{ "type": "Feature", "properties": { "stop_id": 2476, "stop_name": "MT VERNON ESTATE", "wheelchair_boarding": 0 }, "geometry": { "type": "Point", "coordinates": [ -77.08723, 38.71125 ] } },
{ "type": "Feature", "properties": { "stop_id": 2477, "stop_name": "G W PKWY @ STRATFORD LA", "wheelchair_boarding": 0 }, "geometry": { "type": "Point", "coordinates": [ -77.0706, 38.71077 ] } },
{ "type": "Feature", "properties": { "stop_id": 2478, "stop_name": "FORT HUNT RD @ ROLLINS DR", "wheelchair_boarding": 0 }, "geometry": { "type": "Point", "coordinates": [ -77.05978, 38.76325 ] } },
{ "type": "Feature", "properties": { "stop_id": 2479, "stop_name": "FORT HUNT RD @ FORT HUNT CT", "wheelchair_boarding": 0 }, "geometry": { "type": "Point", "coordinates": [ -77.05965, 38.76147 ] } },
{ "type": "Feature", "properties": { "stop_id": 2480, "stop_name": "FORT HUNT RD @ PAUL SPRING PKWY", "wheelchair_boarding": 0 }, "geometry": { "type": "Point", "coordinates": [ -77.05776, 38.74839 ] } },
{ "type": "Feature", "properties": { "stop_id": 2481, "stop_name": "FORT HUNT RD @ MASON HILL DR", "wheelchair_boarding": 0 }, "geometry": { "type": "Point", "coordinates": [ -77.057481, 38.755589 ] } },
{ "type": "Feature", "properties": { "stop_id": 2482, "stop_name": "FORT HUNT RD @ SHERWOOD HALL RD", "wheelchair_boarding": 0 }, "geometry": { "type": "Point", "coordinates": [ -77.05737, 38.75167 ] } },
{ "type": "Feature", "properties": { "stop_id": 2483, "stop_name": "FORT HUNT RD @ SHENANDOAH RD", "wheelchair_boarding": 0 }, "geometry": { "type": "Point", "coordinates": [ -77.05593, 38.74189 ] } },
{ "type": "Feature", "properties": { "stop_id": 2484, "stop_name": "FORT HUNT RD @ LAFAYETTE DR", "wheelchair_boarding": 0 }, "geometry": { "type": "Point", "coordinates": [ -77.05514, 38.74071 ] } },
{ "type": "Feature", "properties": { "stop_id": 2485, "stop_name": "ROSE HILL DR @ BEE ST", "wheelchair_boarding": 0 }, "geometry": { "type": "Point", "coordinates": [ -77.112645, 38.777289 ] } },
{ "type": "Feature", "properties": { "stop_id": 2486, "stop_name": "RICHMOND HWY @ FORDSON RD", "wheelchair_boarding": 0 }, "geometry": { "type": "Point", "coordinates": [ -77.08283, 38.74868 ] } },
{ "type": "Feature", "properties": { "stop_id": 2487, "stop_name": "RICHMOND HWY @ WOODLAWN TER", "wheelchair_boarding": 0 }, "geometry": { "type": "Point", "coordinates": [ -77.08302, 38.75113 ] } },
{ "type": "Feature", "properties": { "stop_id": 2488, "stop_name": "VERNON VIEW DR @ RIVER FARM DR", "wheelchair_boarding": 0 }, "geometry": { "type": "Point", "coordinates": [ -77.0622, 38.71094 ] } },
{ "type": "Feature", "properties": { "stop_id": 2489, "stop_name": "VERNON VIEW DR @ BUSHROD RD", "wheelchair_boarding": 0 }, "geometry": { "type": "Point", "coordinates": [ -77.06256, 38.71472 ] } },
{ "type": "Feature", "properties": { "stop_id": 2490, "stop_name": "VERNON VIEW DR @ DANEWOOD DR", "wheelchair_boarding": 0 }, "geometry": { "type": "Point", "coordinates": [ -77.06268, 38.71741 ] } },
{ "type": "Feature", "properties": { "stop_id": 2491, "stop_name": "VERNON VIEW DR @ FORT HUNT RD", "wheelchair_boarding": 0 }, "geometry": { "type": "Point", "coordinates": [ -77.06136, 38.71906 ] } },
{ "type": "Feature", "properties": { "stop_id": 2492, "stop_name": "FORT HUNT RD @ WELLINGTON RD", "wheelchair_boarding": 0 }, "geometry": { "type": "Point", "coordinates": [ -77.05397, 38.73897 ] } },
{ "type": "Feature", "properties": { "stop_id": 2493, "stop_name": "FORT HUNT RD @ GLADSTONE PL", "wheelchair_boarding": 0 }, "geometry": { "type": "Point", "coordinates": [ -77.05452, 38.73666 ] } },
{ "type": "Feature", "properties": { "stop_id": 2494, "stop_name": "FORT HUNT RD @ OAKBROOKE AVE", "wheelchair_boarding": 0 }, "geometry": { "type": "Point", "coordinates": [ -77.0552, 38.73499 ] } },
{ "type": "Feature", "properties": { "stop_id": 2495, "stop_name": "FORT HUNT RD @ FALSTER RD", "wheelchair_boarding": 0 }, "geometry": { "type": "Point", "coordinates": [ -77.05632, 38.73184 ] } },
{ "type": "Feature", "properties": { "stop_id": 2496, "stop_name": "FORT HUNT RD @ BISHOP CREST CT", "wheelchair_boarding": 0 }, "geometry": { "type": "Point", "coordinates": [ -77.05713, 38.72971 ] } },
{ "type": "Feature", "properties": { "stop_id": 2497, "stop_name": "FORT HUNT RD @ OLD STAGE RD", "wheelchair_boarding": 0 }, "geometry": { "type": "Point", "coordinates": [ -77.0595, 38.72516 ] } },
{ "type": "Feature", "properties": { "stop_id": 2498, "stop_name": "FORT HUNT RD @ ELKIN ST", "wheelchair_boarding": 0 }, "geometry": { "type": "Point", "coordinates": [ -77.0608, 38.72228 ] } },
{ "type": "Feature", "properties": { "stop_id": 2499, "stop_name": "VERNON VIEW DR @ FORT HUNT RD", "wheelchair_boarding": 0 }, "geometry": { "type": "Point", "coordinates": [ -77.06158, 38.71912 ] } },
{ "type": "Feature", "properties": { "stop_id": 2500, "stop_name": "VERNON VIEW DR @ BATTERY RD", "wheelchair_boarding": 0 }, "geometry": { "type": "Point", "coordinates": [ -77.06287, 38.71552 ] } },
{ "type": "Feature", "properties": { "stop_id": 2501, "stop_name": "VERNON VIEW DR @ WAKEFIELD ST", "wheelchair_boarding": 0 }, "geometry": { "type": "Point", "coordinates": [ -77.062682, 38.714206 ] } },
{ "type": "Feature", "properties": { "stop_id": 2502, "stop_name": "VERNON VIEW DR @ PRICES LA", "wheelchair_boarding": 0 }, "geometry": { "type": "Point", "coordinates": [ -77.06251, 38.71262 ] } },
{ "type": "Feature", "properties": { "stop_id": 2503, "stop_name": "RICHMOND HWY @ ARLINGTON DR", "wheelchair_boarding": 0 }, "geometry": { "type": "Point", "coordinates": [ -77.0833, 38.75487 ] } },
{ "type": "Feature", "properties": { "stop_id": 2504, "stop_name": "RICHMOND HWY @ LOCKHEED BLVD", "wheelchair_boarding": 0 }, "geometry": { "type": "Point", "coordinates": [ -77.08367, 38.75881 ] } },
{ "type": "Feature", "properties": { "stop_id": 2505, "stop_name": "RICHMOND HWY @ COLLARD ST", "wheelchair_boarding": 0 }, "geometry": { "type": "Point", "coordinates": [ -77.08332, 38.76671 ] } },
{ "type": "Feature", "properties": { "stop_id": 2506, "stop_name": "RICHMOND HWY @ GROVETON ST", "wheelchair_boarding": 0 }, "geometry": { "type": "Point", "coordinates": [ -77.082189, 38.76859 ] } },
{ "type": "Feature", "properties": { "stop_id": 2507, "stop_name": "RICHMOND HWY @ SCHOOLEY DR", "wheelchair_boarding": 0 }, "geometry": { "type": "Point", "coordinates": [ -77.08127, 38.77101 ] } },
{ "type": "Feature", "properties": { "stop_id": 2508, "stop_name": "RICHMOND HWY @ BEDDOO ST", "wheelchair_boarding": 0 }, "geometry": { "type": "Point", "coordinates": [ -77.08088, 38.77353 ] } },
{ "type": "Feature", "properties": { "stop_id": 2509, "stop_name": "RICHMOND HWY @ DAWN DR", "wheelchair_boarding": 0 }, "geometry": { "type": "Point", "coordinates": [ -77.080268, 38.775767 ] } },
{ "type": "Feature", "properties": { "stop_id": 2510, "stop_name": "RICHMOND HWY @ REGAN ST", "wheelchair_boarding": 0 }, "geometry": { "type": "Point", "coordinates": [ -77.079925, 38.77771 ] } },
{ "type": "Feature", "properties": { "stop_id": 2511, "stop_name": "RICHMOND HWY @ QUANDER RD", "wheelchair_boarding": 0 }, "geometry": { "type": "Point", "coordinates": [ -77.07236, 38.78437 ] } },
{ "type": "Feature", "properties": { "stop_id": 2512, "stop_name": "6065 RICHMOND HWY", "wheelchair_boarding": 0 }, "geometry": { "type": "Point", "coordinates": [ -77.069702, 38.78547 ] } },
{ "type": "Feature", "properties": { "stop_id": 2514, "stop_name": "RICHMOND HWY @ LUKENS LA", "wheelchair_boarding": 0 }, "geometry": { "type": "Point", "coordinates": [ -77.11998, 38.7233 ] } },
{ "type": "Feature", "properties": { "stop_id": 2515, "stop_name": "RICHMOND HWY @ WYNGATE MANOR CT", "wheelchair_boarding": 0 }, "geometry": { "type": "Point", "coordinates": [ -77.11699, 38.72451 ] } },
{ "type": "Feature", "properties": { "stop_id": 2516, "stop_name": "RICHMOND HWY @ FOREST PL", "wheelchair_boarding": 0 }, "geometry": { "type": "Point", "coordinates": [ -77.11497, 38.72546 ] } },
{ "type": "Feature", "properties": { "stop_id": 2517, "stop_name": "RICHMOND HWY @ FRYE RD", "wheelchair_boarding": 0 }, "geometry": { "type": "Point", "coordinates": [ -77.1114, 38.72722 ] } },
{ "type": "Feature", "properties": { "stop_id": 2518, "stop_name": "RICHMOND HWY @ BELFORD DR", "wheelchair_boarding": 0 }, "geometry": { "type": "Point", "coordinates": [ -77.084229, 38.744494 ] } },
{ "type": "Feature", "properties": { "stop_id": 2519, "stop_name": "SOAPSTONE DR @ SWEETBAY LA", "wheelchair_boarding": 0 }, "geometry": { "type": "Point", "coordinates": [ -77.344596, 38.925776 ] } },
{ "type": "Feature", "properties": { "stop_id": 2602, "stop_name": "STOP 2", "wheelchair_boarding": 1 }, "geometry": { "type": "Point", "coordinates": [ -77.382049, 38.962761 ] } },
{ "type": "Feature", "properties": { "stop_id": 2603, "stop_name": "STOP 3", "wheelchair_boarding": 1 }, "geometry": { "type": "Point", "coordinates": [ -77.382902, 38.96506 ] } },
{ "type": "Feature", "properties": { "stop_id": 2604, "stop_name": "STOP 4", "wheelchair_boarding": 1 }, "geometry": { "type": "Point", "coordinates": [ -77.382108, 38.966508 ] } },
{ "type": "Feature", "properties": { "stop_id": 2607, "stop_name": "STOP 2", "wheelchair_boarding": 1 }, "geometry": { "type": "Point", "coordinates": [ -77.182765, 38.73796 ] } },
{ "type": "Feature", "properties": { "stop_id": 2608, "stop_name": "STOP 3", "wheelchair_boarding": 1 }, "geometry": { "type": "Point", "coordinates": [ -77.184036, 38.736606 ] } },
{ "type": "Feature", "properties": { "stop_id": 2609, "stop_name": "STOP 4", "wheelchair_boarding": 1 }, "geometry": { "type": "Point", "coordinates": [ -77.184026, 38.735677 ] } },
{ "type": "Feature", "properties": { "stop_id": 2612, "stop_name": "STOP 2", "wheelchair_boarding": 1 }, "geometry": { "type": "Point", "coordinates": [ -77.376254, 38.851561 ] } },
{ "type": "Feature", "properties": { "stop_id": 2613, "stop_name": "STOP 3", "wheelchair_boarding": 1 }, "geometry": { "type": "Point", "coordinates": [ -77.373159, 38.851215 ] } },
{ "type": "Feature", "properties": { "stop_id": 2614, "stop_name": "STOP 4", "wheelchair_boarding": 1 }, "geometry": { "type": "Point", "coordinates": [ -77.373293, 38.849434 ] } },
{ "type": "Feature", "properties": { "stop_id": 2720, "stop_name": "ROLLING RD @ VIRGINIA DR", "wheelchair_boarding": 0 }, "geometry": { "type": "Point", "coordinates": [ -77.212095, 38.743222 ] } },
{ "type": "Feature", "properties": { "stop_id": 2721, "stop_name": "JONES BRANCH @ LINCOLN CENTER CT", "wheelchair_boarding": 0 }, "geometry": { "type": "Point", "coordinates": [ -77.230127, 38.931903 ] } },
{ "type": "Feature", "properties": { "stop_id": 2736, "stop_name": "8520 CINDER BED RD", "wheelchair_boarding": 0 }, "geometry": { "type": "Point", "coordinates": [ -77.188943, 38.726817 ] } },
{ "type": "Feature", "properties": { "stop_id": 2738, "stop_name": "FAIRFAX COUNTY PKWY @ TERMINAL RD", "wheelchair_boarding": 0 }, "geometry": { "type": "Point", "coordinates": [ -77.189895, 38.734543 ] } },
{ "type": "Feature", "properties": { "stop_id": 2740, "stop_name": "FAIR LAKES CIR @ ROGER STOVER DR", "wheelchair_boarding": 0 }, "geometry": { "type": "Point", "coordinates": [ -77.379452, 38.859438 ] } },
{ "type": "Feature", "properties": { "stop_id": 2741, "stop_name": "ROUTE 50 @ RUGBY RD", "wheelchair_boarding": 0 }, "geometry": { "type": "Point", "coordinates": [ -77.387303, 38.877378 ] } },
{ "type": "Feature", "properties": { "stop_id": 2742, "stop_name": "STONE RD @ STONEPATH CIR N", "wheelchair_boarding": 0 }, "geometry": { "type": "Point", "coordinates": [ -77.454889, 38.84107 ] } },
{ "type": "Feature", "properties": { "stop_id": 2744, "stop_name": "LOISDALE RD @ NEWINGTON RD", "wheelchair_boarding": 0 }, "geometry": { "type": "Point", "coordinates": [ -77.187605, 38.740561 ] } },
{ "type": "Feature", "properties": { "stop_id": 2745, "stop_name": "LOISDALE RD @ 7951 LOISDALE RD", "wheelchair_boarding": 0 }, "geometry": { "type": "Point", "coordinates": [ -77.187485, 38.742323 ] } },
{ "type": "Feature", "properties": { "stop_id": 2746, "stop_name": "LOISDALE RD @ NEWINGTON RD", "wheelchair_boarding": 0 }, "geometry": { "type": "Point", "coordinates": [ -77.187351, 38.739733 ] } },
{ "type": "Feature", "properties": { "stop_id": 2747, "stop_name": "LOISDALE RD @ CONSTANCE DR", "wheelchair_boarding": 0 }, "geometry": { "type": "Point", "coordinates": [ -77.182546, 38.760783 ] } },
{ "type": "Feature", "properties": { "stop_id": 2748, "stop_name": "LOISDALE RD @ CONSTANCE DR", "wheelchair_boarding": 0 }, "geometry": { "type": "Point", "coordinates": [ -77.182785, 38.761356 ] } },
{ "type": "Feature", "properties": { "stop_id": 2749, "stop_name": "7801 LOISDALE RD", "wheelchair_boarding": 0 }, "geometry": { "type": "Point", "coordinates": [ -77.185621, 38.746917 ] } },
{ "type": "Feature", "properties": { "stop_id": 2750, "stop_name": "7601 LOISDALE RD", "wheelchair_boarding": 0 }, "geometry": { "type": "Point", "coordinates": [ -77.183571, 38.753053 ] } },
{ "type": "Feature", "properties": { "stop_id": 2751, "stop_name": "7415 LOISDALE RD", "wheelchair_boarding": 0 }, "geometry": { "type": "Point", "coordinates": [ -77.183141, 38.75626 ] } },
{ "type": "Feature", "properties": { "stop_id": 2771, "stop_name": "CENTREVILLE RD @ KINROSS CIR", "wheelchair_boarding": 0 }, "geometry": { "type": "Point", "coordinates": [ -77.41858, 38.919791 ] } },
{ "type": "Feature", "properties": { "stop_id": 2772, "stop_name": "FAIR LAKES BLVD @ GREAT HERON DR", "wheelchair_boarding": 0 }, "geometry": { "type": "Point", "coordinates": [ -77.402154, 38.855849 ] } },
{ "type": "Feature", "properties": { "stop_id": 2774, "stop_name": "LAKE PLEASANT @ COLORADO SPRINGS DR", "wheelchair_boarding": 0 }, "geometry": { "type": "Point", "coordinates": [ -77.220153, 38.74083 ] } },
{ "type": "Feature", "properties": { "stop_id": 2775, "stop_name": "LAKE PLEASANT DR @ HUDSON FALLS WAY", "wheelchair_boarding": 0 }, "geometry": { "type": "Point", "coordinates": [ -77.218138, 38.735654 ] } },
{ "type": "Feature", "properties": { "stop_id": 2776, "stop_name": "LAKE PLEASANT DR @ WEST POINT DR", "wheelchair_boarding": 0 }, "geometry": { "type": "Point", "coordinates": [ -77.220317, 38.73919 ] } },
{ "type": "Feature", "properties": { "stop_id": 2777, "stop_name": "MULBERRY BOTTOM LA @ ATTLEBORO DR", "wheelchair_boarding": 0 }, "geometry": { "type": "Point", "coordinates": [ -77.217062, 38.742642 ] } },
{ "type": "Feature", "properties": { "stop_id": 2778, "stop_name": "MULBERRY BOTTOM LA @ ATTLEBORO DR", "wheelchair_boarding": 0 }, "geometry": { "type": "Point", "coordinates": [ -77.216953, 38.745236 ] } },
{ "type": "Feature", "properties": { "stop_id": 2779, "stop_name": "MULBERRY BOTTOM LA@DOUBLE CREEK CT", "wheelchair_boarding": 0 }, "geometry": { "type": "Point", "coordinates": [ -77.217408, 38.743713 ] } },
{ "type": "Feature", "properties": { "stop_id": 2780, "stop_name": "MT VERN MEM HWY @ OLD MT VERNON RD", "wheelchair_boarding": 0 }, "geometry": { "type": "Point", "coordinates": [ -77.096374, 38.715972 ] } },
{ "type": "Feature", "properties": { "stop_id": 2781, "stop_name": "METRO PENTAGON BAY L4", "wheelchair_boarding": 0 }, "geometry": { "type": "Point", "coordinates": [ -77.05513, 38.868288 ] } },
{ "type": "Feature", "properties": { "stop_id": 2782, "stop_name": "NORTON RD @ BURGUNDY RD", "wheelchair_boarding": 0 }, "geometry": { "type": "Point", "coordinates": [ -77.092747, 38.796892 ] } },
{ "type": "Feature", "properties": { "stop_id": 2783, "stop_name": "NORTHUMBERLAND RD @ EUCLID WAY", "wheelchair_boarding": 0 }, "geometry": { "type": "Point", "coordinates": [ -77.215019, 38.733983 ] } },
{ "type": "Feature", "properties": { "stop_id": 2784, "stop_name": "NORTHUMBERLAND RD @ ROWANTA WAY", "wheelchair_boarding": 0 }, "geometry": { "type": "Point", "coordinates": [ -77.211426, 38.731227 ] } },
{ "type": "Feature", "properties": { "stop_id": 2785, "stop_name": "OLD KEENE MILL RD @ BAUER DR", "wheelchair_boarding": 0 }, "geometry": { "type": "Point", "coordinates": [ -77.2412, 38.77807 ] } },
{ "type": "Feature", "properties": { "stop_id": 2786, "stop_name": "OLD KEENE MILL RD @ FIELD MASTER DR", "wheelchair_boarding": 0 }, "geometry": { "type": "Point", "coordinates": [ -77.25534, 38.77322 ] } },
{ "type": "Feature", "properties": { "stop_id": 2787, "stop_name": "OLD KEENE MILL RD @ HUNTSMAN BLVD", "wheelchair_boarding": 0 }, "geometry": { "type": "Point", "coordinates": [ -77.2498, 38.77412 ] } },
{ "type": "Feature", "properties": { "stop_id": 2788, "stop_name": "OLD KEENE MILL RD @ HILLSIDE RD", "wheelchair_boarding": 0 }, "geometry": { "type": "Point", "coordinates": [ -77.24376, 38.77683 ] } },
{ "type": "Feature", "properties": { "stop_id": 2789, "stop_name": "OLD KEENE MILL RD @ KEENE DR", "wheelchair_boarding": 0 }, "geometry": { "type": "Point", "coordinates": [ -77.25918, 38.77365 ] } },
{ "type": "Feature", "properties": { "stop_id": 2790, "stop_name": "OLD KEENE MILL RD @ ROLLING MILL PL", "wheelchair_boarding": 0 }, "geometry": { "type": "Point", "coordinates": [ -77.237405, 38.778445 ] } },
{ "type": "Feature", "properties": { "stop_id": 2791, "stop_name": "OLD KEENE MILL RD @ KEENE MILL CTR", "wheelchair_boarding": 0 }, "geometry": { "type": "Point", "coordinates": [ -77.23479, 38.77903 ] } },
{ "type": "Feature", "properties": { "stop_id": 2792, "stop_name": "TELEGRAPH RD @ OLD TELEGRAPH RD", "wheelchair_boarding": 0 }, "geometry": { "type": "Point", "coordinates": [ -77.104509, 38.781209 ] } },
{ "type": "Feature", "properties": { "stop_id": 2799, "stop_name": "ROUTE 50 @ MIDDLE RIDGE RD", "wheelchair_boarding": 0 }, "geometry": { "type": "Point", "coordinates": [ -77.38914, 38.877632 ] } },
{ "type": "Feature", "properties": { "stop_id": 2800, "stop_name": "CHAIN BRIDGE RD @ TENNYSON DR", "wheelchair_boarding": 0 }, "geometry": { "type": "Point", "coordinates": [ -77.179703, 38.932019 ] } },
{ "type": "Feature", "properties": { "stop_id": 2802, "stop_name": "NORTH COUNTY HUMAN SERVICES CTR", "wheelchair_boarding": 0 }, "geometry": { "type": "Point", "coordinates": [ -77.35967, 38.96426 ] } },
{ "type": "Feature", "properties": { "stop_id": 2803, "stop_name": "ARMISTEAD RD @ GUNSTON PLZ", "wheelchair_boarding": 0 }, "geometry": { "type": "Point", "coordinates": [ -77.209491, 38.703605 ] } },
{ "type": "Feature", "properties": { "stop_id": 2804, "stop_name": "FOUNTAIN DR @ SPECTRUM CTR", "wheelchair_boarding": 0 }, "geometry": { "type": "Point", "coordinates": [ -77.356342, 38.962999 ] } },
{ "type": "Feature", "properties": { "stop_id": 2809, "stop_name": "CHANCELLOR WAY @ ROLLING RD", "wheelchair_boarding": 0 }, "geometry": { "type": "Point", "coordinates": [ -77.216149, 38.752451 ] } },
{ "type": "Feature", "properties": { "stop_id": 2810, "stop_name": "ELM ST @ FLEETWOOD RD", "wheelchair_boarding": 0 }, "geometry": { "type": "Point", "coordinates": [ -77.18136, 38.937163 ] } },
{ "type": "Feature", "properties": { "stop_id": 2811, "stop_name": "FLEETWOOD RD @ BAKERS CREST CT", "wheelchair_boarding": 0 }, "geometry": { "type": "Point", "coordinates": [ -77.179788, 38.938494 ] } },
{ "type": "Feature", "properties": { "stop_id": 2812, "stop_name": "BEVERLY RD @ FLEETWOOD RD", "wheelchair_boarding": 0 }, "geometry": { "type": "Point", "coordinates": [ -77.177544, 38.939101 ] } },
{ "type": "Feature", "properties": { "stop_id": 2813, "stop_name": "OLD DOMINION DR @ CHAIN BRIDGE RD", "wheelchair_boarding": 0 }, "geometry": { "type": "Point", "coordinates": [ -77.17786, 38.934063 ] } },
{ "type": "Feature", "properties": { "stop_id": 2814, "stop_name": "METRO ROAD @ SUMMERS GROVE", "wheelchair_boarding": 0 }, "geometry": { "type": "Point", "coordinates": [ -77.131322, 38.800263 ] } },
{ "type": "Feature", "properties": { "stop_id": 2815, "stop_name": "FULLERTON RD @ CAMERON BROWN CT", "wheelchair_boarding": 0 }, "geometry": { "type": "Point", "coordinates": [ -77.203468, 38.742642 ] } },
{ "type": "Feature", "properties": { "stop_id": 2816, "stop_name": "CEDAR LA @ STONEWALL DR", "wheelchair_boarding": 0 }, "geometry": { "type": "Point", "coordinates": [ -77.239956, 38.890924 ] } },
{ "type": "Feature", "properties": { "stop_id": 2817, "stop_name": "CEDAR LA @ REDWOOD DR", "wheelchair_boarding": 0 }, "geometry": { "type": "Point", "coordinates": [ -77.239528, 38.891575 ] } },
{ "type": "Feature", "properties": { "stop_id": 2818, "stop_name": "CEDAR LA @ WEDDERBURN STATION DR", "wheelchair_boarding": 0 }, "geometry": { "type": "Point", "coordinates": [ -77.236722, 38.894915 ] } },
{ "type": "Feature", "properties": { "stop_id": 2819, "stop_name": "CEDAR LA @ WEDDERBURN STATION DR", "wheelchair_boarding": 0 }, "geometry": { "type": "Point", "coordinates": [ -77.237765, 38.893792 ] } },
{ "type": "Feature", "properties": { "stop_id": 2820, "stop_name": "OLD COURTHOUSE RD @ DREWLAINE DR", "wheelchair_boarding": 0 }, "geometry": { "type": "Point", "coordinates": [ -77.255678, 38.923156 ] } },
{ "type": "Feature", "properties": { "stop_id": 2821, "stop_name": "PARK ST @ BATTLE CT", "wheelchair_boarding": 1 }, "geometry": { "type": "Point", "coordinates": [ -77.257894, 38.899633 ] } },
{ "type": "Feature", "properties": { "stop_id": 2822, "stop_name": "PARK ST @ MOORE AVE", "wheelchair_boarding": 1 }, "geometry": { "type": "Point", "coordinates": [ -77.255049, 38.897441 ] } },
{ "type": "Feature", "properties": { "stop_id": 2823, "stop_name": "TAPAWINGO RD SE @ PARK ST SE", "wheelchair_boarding": 0 }, "geometry": { "type": "Point", "coordinates": [ -77.253372, 38.895597 ] } },
{ "type": "Feature", "properties": { "stop_id": 2824, "stop_name": "TAPAWINGO RD SW @ PLUM ST SW", "wheelchair_boarding": 0 }, "geometry": { "type": "Point", "coordinates": [ -77.257846, 38.891996 ] } },
{ "type": "Feature", "properties": { "stop_id": 2825, "stop_name": "HEALTH CLINIC", "wheelchair_boarding": 0 }, "geometry": { "type": "Point", "coordinates": [ -77.359102, 38.965258 ] } },
{ "type": "Feature", "properties": { "stop_id": 2826, "stop_name": "BURGUNDY RD @ TREMONT DR", "wheelchair_boarding": 0 }, "geometry": { "type": "Point", "coordinates": [ -77.092355, 38.797297 ] } },
{ "type": "Feature", "properties": { "stop_id": 2827, "stop_name": "BURGUNDY RD @ SOUTH QUAKER LN", "wheelchair_boarding": 0 }, "geometry": { "type": "Point", "coordinates": [ -77.088251, 38.797884 ] } },
{ "type": "Feature", "properties": { "stop_id": 2828, "stop_name": "BURGUNDY RD @ SOUTH QUAKER LN", "wheelchair_boarding": 0 }, "geometry": { "type": "Point", "coordinates": [ -77.088062, 38.797941 ] } },
{ "type": "Feature", "properties": { "stop_id": 2829, "stop_name": "BURGUNDY RD @ CHAPIN AVE", "wheelchair_boarding": 0 }, "geometry": { "type": "Point", "coordinates": [ -77.083173, 38.797962 ] } },
{ "type": "Feature", "properties": { "stop_id": 2830, "stop_name": "BURGUNDY RD @ CHAPIN AVE", "wheelchair_boarding": 0 }, "geometry": { "type": "Point", "coordinates": [ -77.083629, 38.797773 ] } },
{ "type": "Feature", "properties": { "stop_id": 2832, "stop_name": "TYSONS CORNER METRO BAY A", "wheelchair_boarding": 0 }, "geometry": { "type": "Point", "coordinates": [ -77.222135, 38.921043 ] } },
{ "type": "Feature", "properties": { "stop_id": 2833, "stop_name": "CHAIN BRIDGE RD @ HORSE SHOE DR (NO", "wheelchair_boarding": 0 }, "geometry": { "type": "Point", "coordinates": [ -77.239745, 38.915459 ] } },
{ "type": "Feature", "properties": { "stop_id": 2834, "stop_name": "18TH ST @ CRYSTAL CITY METRO", "wheelchair_boarding": 1 }, "geometry": { "type": "Point", "coordinates": [ -77.051819, 38.857503 ] } },
{ "type": "Feature", "properties": { "stop_id": 2835, "stop_name": "23RD ST @ CRYSTAL DRIVE", "wheelchair_boarding": 1 }, "geometry": { "type": "Point", "coordinates": [ -77.050169, 38.853339 ] } },
{ "type": "Feature", "properties": { "stop_id": 2836, "stop_name": "TELEGRAPH RD @ LOCKPORT PL", "wheelchair_boarding": 0 }, "geometry": { "type": "Point", "coordinates": [ -77.19375, 38.7149 ] } },
{ "type": "Feature", "properties": { "stop_id": 2837, "stop_name": "FORT HUNT RD @ CROTON DR", "wheelchair_boarding": 0 }, "geometry": { "type": "Point", "coordinates": [ -77.056979, 38.730172 ] } },
{ "type": "Feature", "properties": { "stop_id": 2921, "stop_name": "Wolf Trap Filene Center", "wheelchair_boarding": 1 }, "geometry": { "type": "Point", "coordinates": [ -77.26588, 38.937325 ] } },
{ "type": "Feature", "properties": { "stop_id": 2922, "stop_name": "WESTPARK DR @ PARK RUN DR", "wheelchair_boarding": 1 }, "geometry": { "type": "Point", "coordinates": [ -77.226689, 38.92899 ] } },
{ "type": "Feature", "properties": { "stop_id": 2923, "stop_name": "WESTPARK DR @ WESTBRANCH DR", "wheelchair_boarding": 1 }, "geometry": { "type": "Point", "coordinates": [ -77.222502, 38.927886 ] } },
{ "type": "Feature", "properties": { "stop_id": 2924, "stop_name": "7948 WESTPARK DR", "wheelchair_boarding": 1 }, "geometry": { "type": "Point", "coordinates": [ -77.220164, 38.926342 ] } },
{ "type": "Feature", "properties": { "stop_id": 2925, "stop_name": "LAWYERS RD @ MARGARET THOMAS LA", "wheelchair_boarding": 1 }, "geometry": { "type": "Point", "coordinates": [ -77.377116, 38.917254 ] } },
{ "type": "Feature", "properties": { "stop_id": 2927, "stop_name": "TOWN CENTER PKWY @ BLUEMONT WAY", "wheelchair_boarding": 0 }, "geometry": { "type": "Point", "coordinates": [ -77.362699, 38.957072 ] } },
{ "type": "Feature", "properties": { "stop_id": 2928, "stop_name": "TELEGRAPH RD @ BELVOIR VIEW PL", "wheelchair_boarding": 0 }, "geometry": { "type": "Point", "coordinates": [ -77.188541, 38.722214 ] } },
{ "type": "Feature", "properties": { "stop_id": 2929, "stop_name": "TELEGRAPH RD @ BELVOIR VIEW PL", "wheelchair_boarding": 0 }, "geometry": { "type": "Point", "coordinates": [ -77.188419, 38.722019 ] } },
{ "type": "Feature", "properties": { "stop_id": 2930, "stop_name": "SPRING HILL RD @ TYCO RD", "wheelchair_boarding": 1 }, "geometry": { "type": "Point", "coordinates": [ -77.234837, 38.930417 ] } },
{ "type": "Feature", "properties": { "stop_id": 2931, "stop_name": "SPRING HILL RD @ TYCO RD", "wheelchair_boarding": 0 }, "geometry": { "type": "Point", "coordinates": [ -77.234435, 38.930822 ] } },
{ "type": "Feature", "properties": { "stop_id": 2933, "stop_name": "CENTREVILLE RD @ LOWE ST", "wheelchair_boarding": 0 }, "geometry": { "type": "Point", "coordinates": [ -77.425201, 38.901749 ] } },
{ "type": "Feature", "properties": { "stop_id": 2934, "stop_name": "WOODBURN RD @ WELLNESS BLVD", "wheelchair_boarding": 0 }, "geometry": { "type": "Point", "coordinates": [ -77.225272, 38.854672 ] } },
{ "type": "Feature", "properties": { "stop_id": 2935, "stop_name": "RICHMOND HWY @ BELVOIR RD", "wheelchair_boarding": 0 }, "geometry": { "type": "Point", "coordinates": [ -77.143546, 38.71195 ] } },
{ "type": "Feature", "properties": { "stop_id": 2936, "stop_name": "RICHMOND HWY @ BELVOIR RD", "wheelchair_boarding": 0 }, "geometry": { "type": "Point", "coordinates": [ -77.143345, 38.711769 ] } },
{ "type": "Feature", "properties": { "stop_id": 2937, "stop_name": "209 ELDEN ST", "wheelchair_boarding": 0 }, "geometry": { "type": "Point", "coordinates": [ -77.371308, 38.96676 ] } },
{ "type": "Feature", "properties": { "stop_id": 2938, "stop_name": "SOAPSTONE DR @ GREEN WATCH WAY", "wheelchair_boarding": 0 }, "geometry": { "type": "Point", "coordinates": [ -77.345978, 38.934529 ] } },
{ "type": "Feature", "properties": { "stop_id": 2939, "stop_name": "HERNDON PKWY @ QUEENS ROW ST N", "wheelchair_boarding": 0 }, "geometry": { "type": "Point", "coordinates": [ -77.371142, 38.977111 ] } },
{ "type": "Feature", "properties": { "stop_id": 2940, "stop_name": "HANOVER AVE @ GREENVILLE PL", "wheelchair_boarding": 0 }, "geometry": { "type": "Point", "coordinates": [ -77.19569, 38.79145 ] } },
{ "type": "Feature", "properties": { "stop_id": 2941, "stop_name": "HANOVER AVE @ HIGHLAND ST", "wheelchair_boarding": 0 }, "geometry": { "type": "Point", "coordinates": [ -77.19581, 38.793375 ] } },
{ "type": "Feature", "properties": { "stop_id": 2942, "stop_name": "HIGHLAND ST @ GLOUCESTER AVE", "wheelchair_boarding": 0 }, "geometry": { "type": "Point", "coordinates": [ -77.19275, 38.79246 ] } },
{ "type": "Feature", "properties": { "stop_id": 2943, "stop_name": "GALLOWS RD @ MADRILLON RD", "wheelchair_boarding": 0 }, "geometry": { "type": "Point", "coordinates": [ -77.225531, 38.910931 ] } },
{ "type": "Feature", "properties": { "stop_id": 2944, "stop_name": "RESTON TOWN CTR BAY G", "wheelchair_boarding": 0 }, "geometry": { "type": "Point", "coordinates": [ -77.359275, 38.956966 ] } },
{ "type": "Feature", "properties": { "stop_id": 2945, "stop_name": "RESTON TOWN CTR BAY H", "wheelchair_boarding": 0 }, "geometry": { "type": "Point", "coordinates": [ -77.359064, 38.957021 ] } },
{ "type": "Feature", "properties": { "stop_id": 2946, "stop_name": "TELEGRAPH RD @ VIRGINIA HILLS AVE", "wheelchair_boarding": 0 }, "geometry": { "type": "Point", "coordinates": [ -77.102359, 38.782556 ] } },
{ "type": "Feature", "properties": { "stop_id": 2947, "stop_name": "FAIRFAX COUNTY PKWY @ TUCKAWAY", "wheelchair_boarding": 0 }, "geometry": { "type": "Point", "coordinates": [ -77.404877, 38.900279 ] } },
{ "type": "Feature", "properties": { "stop_id": 2949, "stop_name": "RESTON TOWN CTR BAY F", "wheelchair_boarding": 0 }, "geometry": { "type": "Point", "coordinates": [ -77.35949, 38.95692 ] } },
{ "type": "Feature", "properties": { "stop_id": 2950, "stop_name": "RESTON TOWN CTR BAY D", "wheelchair_boarding": 0 }, "geometry": { "type": "Point", "coordinates": [ -77.359803, 38.956811 ] } },
{ "type": "Feature", "properties": { "stop_id": 2951, "stop_name": "RESTON TOWN CTR BAY C", "wheelchair_boarding": 0 }, "geometry": { "type": "Point", "coordinates": [ -77.359546, 38.956875 ] } },
{ "type": "Feature", "properties": { "stop_id": 2952, "stop_name": "RESTON TOWN CTR BAY B", "wheelchair_boarding": 0 }, "geometry": { "type": "Point", "coordinates": [ -77.359345, 38.956916 ] } },
{ "type": "Feature", "properties": { "stop_id": 2953, "stop_name": "RESTON TOWN CTR BAY A", "wheelchair_boarding": 0 }, "geometry": { "type": "Point", "coordinates": [ -77.359115, 38.956972 ] } },
{ "type": "Feature", "properties": { "stop_id": 2954, "stop_name": "WOODBURN RD @ WELLNESS BLVD", "wheelchair_boarding": 0 }, "geometry": { "type": "Point", "coordinates": [ -77.225079, 38.854503 ] } },
{ "type": "Feature", "properties": { "stop_id": 2955, "stop_name": "FRANCONIA-SPRINGFIELD METRO BAY J", "wheelchair_boarding": 1 }, "geometry": { "type": "Point", "coordinates": [ -77.167846, 38.766975 ] } },
{ "type": "Feature", "properties": { "stop_id": 2956, "stop_name": "FRANCONIA-SPRINGFIELD METRO BAY K", "wheelchair_boarding": 0 }, "geometry": { "type": "Point", "coordinates": [ -77.167743, 38.767027 ] } },
{ "type": "Feature", "properties": { "stop_id": 2957, "stop_name": "FRANCONIA-SPRINGFIELD METRO BAY L", "wheelchair_boarding": 0 }, "geometry": { "type": "Point", "coordinates": [ -77.167578, 38.767081 ] } },
{ "type": "Feature", "properties": { "stop_id": 2958, "stop_name": "RICHMOND HWY @ GROVETON ST", "wheelchair_boarding": 0 }, "geometry": { "type": "Point", "coordinates": [ -77.082725, 38.768506 ] } },
{ "type": "Feature", "properties": { "stop_id": 2959, "stop_name": "VIENNA METRO BAY T", "wheelchair_boarding": 1 }, "geometry": { "type": "Point", "coordinates": [ -77.272697, 38.876925 ] } },
{ "type": "Feature", "properties": { "stop_id": 2963, "stop_name": "VAN DORN METRO BAY E", "wheelchair_boarding": 0 }, "geometry": { "type": "Point", "coordinates": [ -77.128365, 38.799549 ] } },
{ "type": "Feature", "properties": { "stop_id": 2964, "stop_name": "BEULAH ST @ BURNETT ST", "wheelchair_boarding": 0 }, "geometry": { "type": "Point", "coordinates": [ -77.14849, 38.77636 ] } },
{ "type": "Feature", "properties": { "stop_id": 2965, "stop_name": "CROWN ROYAL DR @ FOUNDERS HILL DR", "wheelchair_boarding": 0 }, "geometry": { "type": "Point", "coordinates": [ -77.139209, 38.790778 ] } },
{ "type": "Feature", "properties": { "stop_id": 2966, "stop_name": "CROWN ROYAL DR @ HIGHDALE CIR", "wheelchair_boarding": 0 }, "geometry": { "type": "Point", "coordinates": [ -77.139126, 38.791014 ] } },
{ "type": "Feature", "properties": { "stop_id": 2967, "stop_name": "FLAT ROCK RD @ FLAT ROCK CT", "wheelchair_boarding": 0 }, "geometry": { "type": "Point", "coordinates": [ -77.15225, 38.77459 ] } },
{ "type": "Feature", "properties": { "stop_id": 2968, "stop_name": "HOOES RD @ SCOTT ST", "wheelchair_boarding": 0 }, "geometry": { "type": "Point", "coordinates": [ -77.25114, 38.74169 ] } },
{ "type": "Feature", "properties": { "stop_id": 2969, "stop_name": "KING CENTRE DR @ SIR VICEROY DR", "wheelchair_boarding": 0 }, "geometry": { "type": "Point", "coordinates": [ -77.13271, 38.769613 ] } },
{ "type": "Feature", "properties": { "stop_id": 2970, "stop_name": "MANCHESTER BLVD @ SILVERLAKE BLVD", "wheelchair_boarding": 0 }, "geometry": { "type": "Point", "coordinates": [ -77.15431, 38.76465 ] } },
{ "type": "Feature", "properties": { "stop_id": 2971, "stop_name": "OLD KEENE MILL RD @ BARDU AVE", "wheelchair_boarding": 0 }, "geometry": { "type": "Point", "coordinates": [ -77.222089, 38.779422 ] } },
{ "type": "Feature", "properties": { "stop_id": 2972, "stop_name": "OLD KEENE MILL RD @ HASTINGS ST", "wheelchair_boarding": 0 }, "geometry": { "type": "Point", "coordinates": [ -77.1973, 38.777449 ] } },
{ "type": "Feature", "properties": { "stop_id": 2973, "stop_name": "SUMMER RIDGE RD @ BENTLEY MILL PL", "wheelchair_boarding": 0 }, "geometry": { "type": "Point", "coordinates": [ -77.13711, 38.76351 ] } },
{ "type": "Feature", "properties": { "stop_id": 2974, "stop_name": "SUMMER RIDGE RD @ BUXTON CT", "wheelchair_boarding": 0 }, "geometry": { "type": "Point", "coordinates": [ -77.13667, 38.76232 ] } },
{ "type": "Feature", "properties": { "stop_id": 2975, "stop_name": "SUMMER RIDGE RD @ WESCOTT HILLS WAY", "wheelchair_boarding": 0 }, "geometry": { "type": "Point", "coordinates": [ -77.141286, 38.76041 ] } },
{ "type": "Feature", "properties": { "stop_id": 2976, "stop_name": "BEULAH ST @ WALHAVEN DR", "wheelchair_boarding": 0 }, "geometry": { "type": "Point", "coordinates": [ -77.147243, 38.777965 ] } },
{ "type": "Feature", "properties": { "stop_id": 2977, "stop_name": "FLEET DR @ GRAVEL AVE", "wheelchair_boarding": 0 }, "geometry": { "type": "Point", "coordinates": [ -77.153896, 38.772153 ] } },
{ "type": "Feature", "properties": { "stop_id": 2978, "stop_name": "RICHMOND HWY @ WOODLAWN CT", "wheelchair_boarding": 0 }, "geometry": { "type": "Point", "coordinates": [ -77.12285, 38.7219 ] } },
{ "type": "Feature", "properties": { "stop_id": 2979, "stop_name": "SOUTHRUN RD @ ROCKY KNOB CT", "wheelchair_boarding": 0 }, "geometry": { "type": "Point", "coordinates": [ -77.244717, 38.728441 ] } },
{ "type": "Feature", "properties": { "stop_id": 2980, "stop_name": "SOUTHRUN RD @ CATIA LA", "wheelchair_boarding": 0 }, "geometry": { "type": "Point", "coordinates": [ -77.233754, 38.728317 ] } },
{ "type": "Feature", "properties": { "stop_id": 2981, "stop_name": "SOUTHRUN RD @ GRANDVIEW CT", "wheelchair_boarding": 0 }, "geometry": { "type": "Point", "coordinates": [ -77.227551, 38.731693 ] } },
{ "type": "Feature", "properties": { "stop_id": 2982, "stop_name": "SOUTHRUN RD @ POHICK RD", "wheelchair_boarding": 0 }, "geometry": { "type": "Point", "coordinates": [ -77.226163, 38.735397 ] } },
{ "type": "Feature", "properties": { "stop_id": 2983, "stop_name": "NEWINGTON FRST AVE@FALLING LEAF RD", "wheelchair_boarding": 0 }, "geometry": { "type": "Point", "coordinates": [ -77.240074, 38.743199 ] } },
{ "type": "Feature", "properties": { "stop_id": 2984, "stop_name": "NEWINGTON FOREST AVE @ ATHENA ST", "wheelchair_boarding": 0 }, "geometry": { "type": "Point", "coordinates": [ -77.240486, 38.740247 ] } },
{ "type": "Feature", "properties": { "stop_id": 2985, "stop_name": "NEWINGTON FOREST AVE @ WINDING WAY", "wheelchair_boarding": 0 }, "geometry": { "type": "Point", "coordinates": [ -77.243576, 38.738388 ] } },
{ "type": "Feature", "properties": { "stop_id": 2986, "stop_name": "NEWINGTON FRST AVE @ WILLOWDALE CT", "wheelchair_boarding": 0 }, "geometry": { "type": "Point", "coordinates": [ -77.247338, 38.738602 ] } },
{ "type": "Feature", "properties": { "stop_id": 2987, "stop_name": "TELEGRAPH RD @ HILLVIEW AVE", "wheelchair_boarding": 0 }, "geometry": { "type": "Point", "coordinates": [ -77.097955, 38.784358 ] } },
{ "type": "Feature", "properties": { "stop_id": 2988, "stop_name": "TELEGRAPH RD @ RONSON DR", "wheelchair_boarding": 0 }, "geometry": { "type": "Point", "coordinates": [ -77.104589, 38.78125 ] } },
{ "type": "Feature", "properties": { "stop_id": 2989, "stop_name": "TELEGRAPH RD @ HILLVIEW AVE", "wheelchair_boarding": 0 }, "geometry": { "type": "Point", "coordinates": [ -77.098, 38.78422 ] } },
{ "type": "Feature", "properties": { "stop_id": 2990, "stop_name": "POLE RD @ HIGHLAND LA", "wheelchair_boarding": 0 }, "geometry": { "type": "Point", "coordinates": [ -77.120246, 38.730207 ] } },
{ "type": "Feature", "properties": { "stop_id": 2991, "stop_name": "BACKLICK RD @ RHODEN CT", "wheelchair_boarding": 0 }, "geometry": { "type": "Point", "coordinates": [ -77.186169, 38.79599 ] } },
{ "type": "Feature", "properties": { "stop_id": 2992, "stop_name": "FRANCONIA RD @ FLEET DR", "wheelchair_boarding": 0 }, "geometry": { "type": "Point", "coordinates": [ -77.155848, 38.779892 ] } },
{ "type": "Feature", "properties": { "stop_id": 2993, "stop_name": "LORTON VRE BAY B", "wheelchair_boarding": 0 }, "geometry": { "type": "Point", "coordinates": [ -77.214484, 38.714773 ] } },
{ "type": "Feature", "properties": { "stop_id": 2994, "stop_name": "LORTON VRE BAY C", "wheelchair_boarding": 0 }, "geometry": { "type": "Point", "coordinates": [ -77.214581, 38.714734 ] } },
{ "type": "Feature", "properties": { "stop_id": 2995, "stop_name": "SACRAMENTO DR @ WOODLAWN MANOR CT", "wheelchair_boarding": 0 }, "geometry": { "type": "Point", "coordinates": [ -77.130477, 38.726776 ] } },
{ "type": "Feature", "properties": { "stop_id": 2996, "stop_name": "POHICK RD @ WHERNSIDE ST", "wheelchair_boarding": 0 }, "geometry": { "type": "Point", "coordinates": [ -77.197892, 38.711339 ] } },
{ "type": "Feature", "properties": { "stop_id": 2998, "stop_name": "SOUTH KINGS HWY @ TELEGRAPH RD", "wheelchair_boarding": 0 }, "geometry": { "type": "Point", "coordinates": [ -77.11978, 38.767637 ] } },
{ "type": "Feature", "properties": { "stop_id": 2999, "stop_name": "OLD KEENE MILL RD @ HASTINGS ST", "wheelchair_boarding": 0 }, "geometry": { "type": "Point", "coordinates": [ -77.197241, 38.777168 ] } },
{ "type": "Feature", "properties": { "stop_id": 3000, "stop_name": "VERNON VIEW DR @ DANEWOOD DR", "wheelchair_boarding": 0 }, "geometry": { "type": "Point", "coordinates": [ -77.06271, 38.717752 ] } },
{ "type": "Feature", "properties": { "stop_id": 3001, "stop_name": "TAMARIND ST @ JANNA LEE AVE", "wheelchair_boarding": 0 }, "geometry": { "type": "Point", "coordinates": [ -77.096068, 38.740634 ] } },
{ "type": "Feature", "properties": { "stop_id": 3002, "stop_name": "PARKERS LN @ SHERWOOD HALL LN", "wheelchair_boarding": 0 }, "geometry": { "type": "Point", "coordinates": [ -77.075935, 38.741998 ] } },
{ "type": "Feature", "properties": { "stop_id": 3003, "stop_name": "NORTH KINGS HWY @ POAG ST", "wheelchair_boarding": 0 }, "geometry": { "type": "Point", "coordinates": [ -77.078477, 38.782596 ] } },
{ "type": "Feature", "properties": { "stop_id": 3004, "stop_name": "ARLINGTON DR @ ARLINGTON DR", "wheelchair_boarding": 0 }, "geometry": { "type": "Point", "coordinates": [ -77.078262, 38.757987 ] } },
{ "type": "Feature", "properties": { "stop_id": 3005, "stop_name": "HARRISON LN @ POLINS CT", "wheelchair_boarding": 0 }, "geometry": { "type": "Point", "coordinates": [ -77.094056, 38.765482 ] } },
{ "type": "Feature", "properties": { "stop_id": 3006, "stop_name": "BACKLICK RD @ FOREST VIEW DR", "wheelchair_boarding": 0 }, "geometry": { "type": "Point", "coordinates": [ -77.183955, 38.761606 ] } },
{ "type": "Feature", "properties": { "stop_id": 3007, "stop_name": "BACKLICK RD @ FOREST VIEW DR", "wheelchair_boarding": 0 }, "geometry": { "type": "Point", "coordinates": [ -77.184337, 38.761472 ] } },
{ "type": "Feature", "properties": { "stop_id": 3008, "stop_name": "KINGSTOWNE VLG PKWY @ KING CENTRE D", "wheelchair_boarding": 0 }, "geometry": { "type": "Point", "coordinates": [ -77.140446, 38.767353 ] } },
{ "type": "Feature", "properties": { "stop_id": 3010, "stop_name": "EDSALL RD @ CLIFTON ST", "wheelchair_boarding": 0 }, "geometry": { "type": "Point", "coordinates": [ -77.171274, 38.806429 ] } },
{ "type": "Feature", "properties": { "stop_id": 3011, "stop_name": "EDSALL RD @ CLIFTON ST", "wheelchair_boarding": 0 }, "geometry": { "type": "Point", "coordinates": [ -77.172318, 38.806468 ] } },
{ "type": "Feature", "properties": { "stop_id": 3012, "stop_name": "POHICK RD @ SOUTHRUN RD", "wheelchair_boarding": 0 }, "geometry": { "type": "Point", "coordinates": [ -77.226219, 38.736633 ] } },
{ "type": "Feature", "properties": { "stop_id": 3013, "stop_name": "SOUTHRUN RD @ WHITE FEATHER CT", "wheelchair_boarding": 0 }, "geometry": { "type": "Point", "coordinates": [ -77.242058, 38.72831 ] } },
{ "type": "Feature", "properties": { "stop_id": 3014, "stop_name": "POHICK RD @ GAMBRILL CT", "wheelchair_boarding": 0 }, "geometry": { "type": "Point", "coordinates": [ -77.233442, 38.743109 ] } },
{ "type": "Feature", "properties": { "stop_id": 3015, "stop_name": "POHICK RD @ GAMBRILL CT", "wheelchair_boarding": 0 }, "geometry": { "type": "Point", "coordinates": [ -77.233704, 38.742998 ] } },
{ "type": "Feature", "properties": { "stop_id": 3016, "stop_name": "TELEGRAPH RD @ HIGHLAND MEADOWS CT", "wheelchair_boarding": 0 }, "geometry": { "type": "Point", "coordinates": [ -77.128935, 38.763364 ] } },
{ "type": "Feature", "properties": { "stop_id": 3017, "stop_name": "LEAF RD @ TELEGRAPH RD", "wheelchair_boarding": 0 }, "geometry": { "type": "Point", "coordinates": [ -77.144967, 38.746877 ] } },
{ "type": "Feature", "properties": { "stop_id": 3018, "stop_name": "HAYFIELD RD @ KINGSTOWNE VILLAGE PK", "wheelchair_boarding": 0 }, "geometry": { "type": "Point", "coordinates": [ -77.145531, 38.756066 ] } },
{ "type": "Feature", "properties": { "stop_id": 3019, "stop_name": "KINGSTOWNE VILLAGE PKWY @ CROSS GAT", "wheelchair_boarding": 0 }, "geometry": { "type": "Point", "coordinates": [ -77.147175, 38.755745 ] } },
{ "type": "Feature", "properties": { "stop_id": 3020, "stop_name": "KINGSTOWNE VILLAGE PKWY @ CROSS GAT", "wheelchair_boarding": 0 }, "geometry": { "type": "Point", "coordinates": [ -77.14707, 38.755485 ] } },
{ "type": "Feature", "properties": { "stop_id": 3021, "stop_name": "KING CTR DR @ VAN DORN ST S", "wheelchair_boarding": 0 }, "geometry": { "type": "Point", "coordinates": [ -77.132225, 38.771174 ] } },
{ "type": "Feature", "properties": { "stop_id": 3022, "stop_name": "BEULAH ST @ NELSON LA", "wheelchair_boarding": 0 }, "geometry": { "type": "Point", "coordinates": [ -77.146411, 38.779626 ] } },
{ "type": "Feature", "properties": { "stop_id": 3023, "stop_name": "SOUTH VAN DORN ST @ GREENDALE VILLA", "wheelchair_boarding": 0 }, "geometry": { "type": "Point", "coordinates": [ -77.131652, 38.77261 ] } },
{ "type": "Feature", "properties": { "stop_id": 3024, "stop_name": "S KINGS HWY @ QUEENS RD", "wheelchair_boarding": 0 }, "geometry": { "type": "Point", "coordinates": [ -77.092932, 38.773551 ] } },
{ "type": "Feature", "properties": { "stop_id": 3025, "stop_name": "HARRISON LN@ POLINS CT", "wheelchair_boarding": 0 }, "geometry": { "type": "Point", "coordinates": [ -77.094449, 38.765426 ] } },
{ "type": "Feature", "properties": { "stop_id": 3026, "stop_name": "SPRING MALL DR @ LOISDALE RD", "wheelchair_boarding": 0 }, "geometry": { "type": "Point", "coordinates": [ -77.179299, 38.77217 ] } },
{ "type": "Feature", "properties": { "stop_id": 3027, "stop_name": "BRADDOCK RD @ OX RD", "wheelchair_boarding": 0 }, "geometry": { "type": "Point", "coordinates": [ -77.314799, 38.82661 ] } },
{ "type": "Feature", "properties": { "stop_id": 3028, "stop_name": "SPRING MALL DR @ LOISDALE RD", "wheelchair_boarding": 0 }, "geometry": { "type": "Point", "coordinates": [ -77.178809, 38.77229 ] } },
{ "type": "Feature", "properties": { "stop_id": 3029, "stop_name": "BROADMOOR ST @ TELEGRAPH RD", "wheelchair_boarding": 0 }, "geometry": { "type": "Point", "coordinates": [ -77.14224, 38.74858 ] } },
{ "type": "Feature", "properties": { "stop_id": 3030, "stop_name": "RICHMOND HWY @ KINGS VILLAGE RD", "wheelchair_boarding": 0 }, "geometry": { "type": "Point", "coordinates": [ -77.08318, 38.746 ] } },
{ "type": "Feature", "properties": { "stop_id": 3031, "stop_name": "GUNSTON HILL DR @ GROOM COTTAGE DR", "wheelchair_boarding": 0 }, "geometry": { "type": "Point", "coordinates": [ -77.220199, 38.69772 ] } },
{ "type": "Feature", "properties": { "stop_id": 3032, "stop_name": "GLADE DR @ BRETON CT", "wheelchair_boarding": 0 }, "geometry": { "type": "Point", "coordinates": [ -77.361324, 38.934731 ] } },
{ "type": "Feature", "properties": { "stop_id": 3033, "stop_name": "RICHMOND HWY @ CHERWEK DR", "wheelchair_boarding": 0 }, "geometry": { "type": "Point", "coordinates": [ -77.211258, 38.699978 ] } },
{ "type": "Feature", "properties": { "stop_id": 3034, "stop_name": "RICHMOND HWY @ DUTCHMAN DR", "wheelchair_boarding": 0 }, "geometry": { "type": "Point", "coordinates": [ -77.213208, 38.697907 ] } },
{ "type": "Feature", "properties": { "stop_id": 3035, "stop_name": "ARMISTEAD @ POHICK RIVER", "wheelchair_boarding": 0 }, "geometry": { "type": "Point", "coordinates": [ -77.209567, 38.703503 ] } },
{ "type": "Feature", "properties": { "stop_id": 3036, "stop_name": "BUSHMAN DR @ APPALACHIAN CIR", "wheelchair_boarding": 1 }, "geometry": { "type": "Point", "coordinates": [ -77.296806, 38.871895 ] } },
{ "type": "Feature", "properties": { "stop_id": 3037, "stop_name": "CHAIN BRIDGE RD @ FIVE OAKS RD", "wheelchair_boarding": 1 }, "geometry": { "type": "Point", "coordinates": [ -77.283106, 38.887489 ] } },
{ "type": "Feature", "properties": { "stop_id": 3038, "stop_name": "RICHMOND HWY @ HAGEL CIR", "wheelchair_boarding": 1 }, "geometry": { "type": "Point", "coordinates": [ -77.215416, 38.696311 ] } },
{ "type": "Feature", "properties": { "stop_id": 3039, "stop_name": "GUINEA RD @ FALMEAD RD W", "wheelchair_boarding": 0 }, "geometry": { "type": "Point", "coordinates": [ -77.293386, 38.799549 ] } },
{ "type": "Feature", "properties": { "stop_id": 3040, "stop_name": "WIEHLE AVE @ ROGER BACON DR", "wheelchair_boarding": 1 }, "geometry": { "type": "Point", "coordinates": [ -77.334888, 38.951949 ] } },
{ "type": "Feature", "properties": { "stop_id": 3041, "stop_name": "WALNUT BRANCH RD @ FAIRFAX COUNTY P", "wheelchair_boarding": 0 }, "geometry": { "type": "Point", "coordinates": [ -77.360816, 38.975392 ] } },
{ "type": "Feature", "properties": { "stop_id": 3043, "stop_name": "7100 COLUMBIA PIKE", "wheelchair_boarding": 0 }, "geometry": { "type": "Point", "coordinates": [ -77.190429, 38.832794 ] } },
{ "type": "Feature", "properties": { "stop_id": 3044, "stop_name": "DOERR RD @ FT BELVOIR HOSPITAL", "wheelchair_boarding": 0 }, "geometry": { "type": "Point", "coordinates": [ -77.144909, 38.70564 ] } },
{ "type": "Feature", "properties": { "stop_id": 3045, "stop_name": "GRAINGER CT @ BOSTON BLVD", "wheelchair_boarding": 0 }, "geometry": { "type": "Point", "coordinates": [ -77.201038, 38.739776 ] } },
{ "type": "Feature", "properties": { "stop_id": 3046, "stop_name": "MAPLE AVE @ PLEASANT ST SW", "wheelchair_boarding": 0 }, "geometry": { "type": "Point", "coordinates": [ -77.269519, 38.897965 ] } },
{ "type": "Feature", "properties": { "stop_id": 3047, "stop_name": "MAPLE AVE @ LEWIS ST NW", "wheelchair_boarding": 0 }, "geometry": { "type": "Point", "coordinates": [ -77.272244, 38.895759 ] } },
{ "type": "Feature", "properties": { "stop_id": 3048, "stop_name": "MAPLE AVE @ BEULAH RD NE", "wheelchair_boarding": 0 }, "geometry": { "type": "Point", "coordinates": [ -77.257651, 38.90739 ] } },
{ "type": "Feature", "properties": { "stop_id": 3049, "stop_name": "HUNT CLUB RD @ RING RD", "wheelchair_boarding": 0 }, "geometry": { "type": "Point", "coordinates": [ -77.323308, 38.970974 ] } },
{ "type": "Feature", "properties": { "stop_id": 3050, "stop_name": "VIENNA METRO NORTH BAY A", "wheelchair_boarding": 1 }, "geometry": { "type": "Point", "coordinates": [ -77.272325, 38.87876 ] } },
{ "type": "Feature", "properties": { "stop_id": 3051, "stop_name": "NUTLEY ST SW @ MAPLE AVE SW", "wheelchair_boarding": 0 }, "geometry": { "type": "Point", "coordinates": [ -77.273756, 38.893994 ] } },
{ "type": "Feature", "properties": { "stop_id": 3055, "stop_name": "RING RD @ SAFFOLD WAY", "wheelchair_boarding": 0 }, "geometry": { "type": "Point", "coordinates": [ -77.326691, 38.971515 ] } },
{ "type": "Feature", "properties": { "stop_id": 3056, "stop_name": "SOAPSTONE DR @ LAWYERS RD", "wheelchair_boarding": 0 }, "geometry": { "type": "Point", "coordinates": [ -77.346575, 38.921462 ] } },
{ "type": "Feature", "properties": { "stop_id": 3057, "stop_name": "LAKE FAIRFAX DR @ HUNT CLUB RD", "wheelchair_boarding": 0 }, "geometry": { "type": "Point", "coordinates": [ -77.319598, 38.974054 ] } },
{ "type": "Feature", "properties": { "stop_id": 3058, "stop_name": "HUNT CLUB RD @ RING RD", "wheelchair_boarding": 0 }, "geometry": { "type": "Point", "coordinates": [ -77.323224, 38.970749 ] } },
{ "type": "Feature", "properties": { "stop_id": 3059, "stop_name": "RING RD @ WESTHILLS LA", "wheelchair_boarding": 0 }, "geometry": { "type": "Point", "coordinates": [ -77.3241, 38.972097 ] } },
{ "type": "Feature", "properties": { "stop_id": 3060, "stop_name": "10742 SUNSET HILLS RD", "wheelchair_boarding": 0 }, "geometry": { "type": "Point", "coordinates": [ -77.318679, 38.9478 ] } },
{ "type": "Feature", "properties": { "stop_id": 3061, "stop_name": "FOUNTAIN DR @ BOWMAN TOWNE DR N", "wheelchair_boarding": 0 }, "geometry": { "type": "Point", "coordinates": [ -77.356318, 38.962554 ] } },
{ "type": "Feature", "properties": { "stop_id": 3062, "stop_name": "N SHORE DR @ GOLF VIEW CT", "wheelchair_boarding": 1 }, "geometry": { "type": "Point", "coordinates": [ -77.345153, 38.956437 ] } },
{ "type": "Feature", "properties": { "stop_id": 3064, "stop_name": "FRANCONIA RD W @ PIONEER DR", "wheelchair_boarding": 0 }, "geometry": { "type": "Point", "coordinates": [ -77.174779, 38.77839 ] } },
{ "type": "Feature", "properties": { "stop_id": 3065, "stop_name": "POHICK RD @ ALBAN RD", "wheelchair_boarding": 0 }, "geometry": { "type": "Point", "coordinates": [ -77.209189, 38.723726 ] } },
{ "type": "Feature", "properties": { "stop_id": 3066, "stop_name": "LAUREL CREST DR @ PAPER BIRCH DR", "wheelchair_boarding": 0 }, "geometry": { "type": "Point", "coordinates": [ -77.226149, 38.713883 ] } },
{ "type": "Feature", "properties": { "stop_id": 3067, "stop_name": "GUNSTON COVE RD @ CRANFORD ST", "wheelchair_boarding": 0 }, "geometry": { "type": "Point", "coordinates": [ -77.219511, 38.693263 ] } },
{ "type": "Feature", "properties": { "stop_id": 3068, "stop_name": "CRANSTON ST @ GUNSTIN COVE RD", "wheelchair_boarding": 0 }, "geometry": { "type": "Point", "coordinates": [ -77.219781, 38.693445 ] } },
{ "type": "Feature", "properties": { "stop_id": 3069, "stop_name": "WIEHLE METRO BAY C", "wheelchair_boarding": 0 }, "geometry": { "type": "Point", "coordinates": [ -77.338472, 38.94855 ] } },
{ "type": "Feature", "properties": { "stop_id": 3070, "stop_name": "WIEHLE METRO BAY D", "wheelchair_boarding": 0 }, "geometry": { "type": "Point", "coordinates": [ -77.338272, 38.948471 ] } },
{ "type": "Feature", "properties": { "stop_id": 3071, "stop_name": "WIEHLE METRO BAY E", "wheelchair_boarding": 1 }, "geometry": { "type": "Point", "coordinates": [ -77.338073, 38.948411 ] } },
{ "type": "Feature", "properties": { "stop_id": 3072, "stop_name": "WIEHLE METRO BAY G", "wheelchair_boarding": 0 }, "geometry": { "type": "Point", "coordinates": [ -77.338365, 38.948309 ] } },
{ "type": "Feature", "properties": { "stop_id": 3073, "stop_name": "WIEHLE METRO BAY J", "wheelchair_boarding": 0 }, "geometry": { "type": "Point", "coordinates": [ -77.338757, 38.948443 ] } },
{ "type": "Feature", "properties": { "stop_id": 3074, "stop_name": "WIEHLE METRO BAY K", "wheelchair_boarding": 0 }, "geometry": { "type": "Point", "coordinates": [ -77.339026, 38.948521 ] } },
{ "type": "Feature", "properties": { "stop_id": 3075, "stop_name": "TYSONS CORNER METRO BAY F", "wheelchair_boarding": 0 }, "geometry": { "type": "Point", "coordinates": [ -77.222906, 38.919905 ] } },
{ "type": "Feature", "properties": { "stop_id": 3076, "stop_name": "15TH ST S @ SOUTH HAYES ST", "wheelchair_boarding": 0 }, "geometry": { "type": "Point", "coordinates": [ -77.059471, 38.860573 ] } },
{ "type": "Feature", "properties": { "stop_id": 3081, "stop_name": "FORTNIGHTLY BLVD @ BRANCH AV", "wheelchair_boarding": 0 }, "geometry": { "type": "Point", "coordinates": [ -77.387281, 38.972286 ] } },
{ "type": "Feature", "properties": { "stop_id": 3082, "stop_name": "WEST OX RD @ FOLKSTONE DR", "wheelchair_boarding": 1 }, "geometry": { "type": "Point", "coordinates": [ -77.380436, 38.909535 ] } },
{ "type": "Feature", "properties": { "stop_id": 3083, "stop_name": "FRANKLIN FARM RD @ FAIRFAX COUNTY P", "wheelchair_boarding": 0 }, "geometry": { "type": "Point", "coordinates": [ -77.406252, 38.907398 ] } },
{ "type": "Feature", "properties": { "stop_id": 3084, "stop_name": "POST DR @ ELDEN ST", "wheelchair_boarding": 0 }, "geometry": { "type": "Point", "coordinates": [ -77.375432, 38.966719 ] } },
{ "type": "Feature", "properties": { "stop_id": 3085, "stop_name": "NEW DOMINION PKWY@ EXPLORER ST", "wheelchair_boarding": 0 }, "geometry": { "type": "Point", "coordinates": [ -77.361, 38.960652 ] } },
{ "type": "Feature", "properties": { "stop_id": 3086, "stop_name": "CEDAR RIDGE APT", "wheelchair_boarding": 0 }, "geometry": { "type": "Point", "coordinates": [ -77.328188, 38.965416 ] } },
{ "type": "Feature", "properties": { "stop_id": 3087, "stop_name": "JONES BRANCH DR @ 495 EXPRESS LA RA", "wheelchair_boarding": 0 }, "geometry": { "type": "Point", "coordinates": [ -77.216372, 38.92784 ] } },
{ "type": "Feature", "properties": { "stop_id": 3088, "stop_name": "3700 JOSEPH SIEWICK DR", "wheelchair_boarding": 1 }, "geometry": { "type": "Point", "coordinates": [ -77.382099, 38.88394 ] } },
{ "type": "Feature", "properties": { "stop_id": 3089, "stop_name": "3700 JOSEPH SIEWICK DR", "wheelchair_boarding": 1 }, "geometry": { "type": "Point", "coordinates": [ -77.381925, 38.883897 ] } },
{ "type": "Feature", "properties": { "stop_id": 3090, "stop_name": "JOSEPH SIEWICK DR @ ALDER WOODS DR", "wheelchair_boarding": 0 }, "geometry": { "type": "Point", "coordinates": [ -77.382047, 38.883104 ] } },
{ "type": "Feature", "properties": { "stop_id": 3091, "stop_name": "WEST OX RD @ BENNETT RD", "wheelchair_boarding": 1 }, "geometry": { "type": "Point", "coordinates": [ -77.380567, 38.89552 ] } },
{ "type": "Feature", "properties": { "stop_id": 3094, "stop_name": "WEST OX RD @ THOMPSON RD", "wheelchair_boarding": 1 }, "geometry": { "type": "Point", "coordinates": [ -77.379097, 38.8909 ] } },
{ "type": "Feature", "properties": { "stop_id": 3095, "stop_name": "BRADDOCK RD @ CARLBERN DR", "wheelchair_boarding": 1 }, "geometry": { "type": "Point", "coordinates": [ -77.455938, 38.860637 ] } },
{ "type": "Feature", "properties": { "stop_id": 3096, "stop_name": "BRADDOCK RD @ CARLBURN DR", "wheelchair_boarding": 1 }, "geometry": { "type": "Point", "coordinates": [ -77.45542, 38.86042 ] } },
{ "type": "Feature", "properties": { "stop_id": 3098, "stop_name": "DOLLEY MADISON BLVD @ COLSHIRE DR", "wheelchair_boarding": 0 }, "geometry": { "type": "Point", "coordinates": [ -77.207634, 38.925107 ] } },
{ "type": "Feature", "properties": { "stop_id": 3099, "stop_name": "LEWINSVILLE RD @ OLD FALLS RD", "wheelchair_boarding": 1 }, "geometry": { "type": "Point", "coordinates": [ -77.215794, 38.940956 ] } },
{ "type": "Feature", "properties": { "stop_id": 3100, "stop_name": "SPRING HILL RD @ TURNING LEAF LA", "wheelchair_boarding": 0 }, "geometry": { "type": "Point", "coordinates": [ -77.232468, 38.93629 ] } },
{ "type": "Feature", "properties": { "stop_id": 3101, "stop_name": "LORTON MARKET ST @ LORTON STATION S", "wheelchair_boarding": 0 }, "geometry": { "type": "Point", "coordinates": [ -77.221644, 38.701585 ] } },
{ "type": "Feature", "properties": { "stop_id": 3102, "stop_name": "RUGBY RD @ PORTLOE TER", "wheelchair_boarding": 1 }, "geometry": { "type": "Point", "coordinates": [ -77.387604, 38.8787 ] } },
{ "type": "Feature", "properties": { "stop_id": 3103, "stop_name": "WEST OX RD @ NATANIEL OAKS DR", "wheelchair_boarding": 1 }, "geometry": { "type": "Point", "coordinates": [ -77.379898, 38.892601 ] } },
{ "type": "Feature", "properties": { "stop_id": 3104, "stop_name": "WEST OX RD @ THOMSON RD", "wheelchair_boarding": 1 }, "geometry": { "type": "Point", "coordinates": [ -77.3787, 38.890701 ] } },
{ "type": "Feature", "properties": { "stop_id": 3105, "stop_name": "WEST OX RD @ AUTUMN CREST DR", "wheelchair_boarding": 1 }, "geometry": { "type": "Point", "coordinates": [ -77.382401, 38.902699 ] } },
{ "type": "Feature", "properties": { "stop_id": 3106, "stop_name": "BOWMAN HILL DR @ FOUNTAIN DR", "wheelchair_boarding": 0 }, "geometry": { "type": "Point", "coordinates": [ -77.357201, 38.9622 ] } },
{ "type": "Feature", "properties": { "stop_id": 3108, "stop_name": "LEE RD @ ROUTE 50", "wheelchair_boarding": 0 }, "geometry": { "type": "Point", "coordinates": [ -77.446796, 38.898473 ] } },
{ "type": "Feature", "properties": { "stop_id": 3109, "stop_name": "WALNEY RD @ VERNON ST", "wheelchair_boarding": 1 }, "geometry": { "type": "Point", "coordinates": [ -77.432116, 38.892516 ] } },
{ "type": "Feature", "properties": { "stop_id": 3110, "stop_name": "OLD CENTREVILLE RD@SUNSET RIDGE RD", "wheelchair_boarding": 0 }, "geometry": { "type": "Point", "coordinates": [ -77.431773, 38.831731 ] } },
{ "type": "Feature", "properties": { "stop_id": 3113, "stop_name": "WEST OX RD @ SOUTHFIELD DR", "wheelchair_boarding": 1 }, "geometry": { "type": "Point", "coordinates": [ -77.382004, 38.9021 ] } },
{ "type": "Feature", "properties": { "stop_id": 3114, "stop_name": "GOETHALS RD @ CONSTITUTION RD", "wheelchair_boarding": 0 }, "geometry": { "type": "Point", "coordinates": [ -77.14715, 38.714201 ] } },
{ "type": "Feature", "properties": { "stop_id": 3115, "stop_name": "21ST ST @ MIDDLETON RD", "wheelchair_boarding": 0 }, "geometry": { "type": "Point", "coordinates": [ -77.136985, 38.687795 ] } },
{ "type": "Feature", "properties": { "stop_id": 3116, "stop_name": "SUNSET HILLS RD @ RESTON PKWY W", "wheelchair_boarding": 0 }, "geometry": { "type": "Point", "coordinates": [ -77.357546, 38.955016 ] } },
{ "type": "Feature", "properties": { "stop_id": 3117, "stop_name": "ELDEN ST @ POST RD", "wheelchair_boarding": 0 }, "geometry": { "type": "Point", "coordinates": [ -77.375426, 38.967643 ] } },
{ "type": "Feature", "properties": { "stop_id": 3118, "stop_name": "STATION ST @ W&OD TR", "wheelchair_boarding": 0 }, "geometry": { "type": "Point", "coordinates": [ -77.386179, 38.970279 ] } },
{ "type": "Feature", "properties": { "stop_id": 3119, "stop_name": "SUNRISE VALLEY DR @ DULLES VIEW DR", "wheelchair_boarding": 0 }, "geometry": { "type": "Point", "coordinates": [ -77.426686, 38.952297 ] } },
{ "type": "Feature", "properties": { "stop_id": 3121, "stop_name": "WORLDGATE DR @ ALTON SQ", "wheelchair_boarding": 0 }, "geometry": { "type": "Point", "coordinates": [ -77.394808, 38.954833 ] } },
{ "type": "Feature", "properties": { "stop_id": 3122, "stop_name": "CHAIN BRIDGE RD @ REDMOND DR", "wheelchair_boarding": 0 }, "geometry": { "type": "Point", "coordinates": [ -77.178819, 38.933006 ] } },
{ "type": "Feature", "properties": { "stop_id": 3123, "stop_name": "WEST OX RD @ OXON DR", "wheelchair_boarding": 1 }, "geometry": { "type": "Point", "coordinates": [ -77.381065, 38.899278 ] } },
{ "type": "Feature", "properties": { "stop_id": 3124, "stop_name": "WEST OX RD @ OXON DR", "wheelchair_boarding": 1 }, "geometry": { "type": "Point", "coordinates": [ -77.381337, 38.899262 ] } },
{ "type": "Feature", "properties": { "stop_id": 3126, "stop_name": "POST FOREST DR @ WEST OX RD", "wheelchair_boarding": 1 }, "geometry": { "type": "Point", "coordinates": [ -77.370763, 38.856358 ] } },
{ "type": "Feature", "properties": { "stop_id": 3127, "stop_name": "FAIR LAKES PKWY @ FAIR LAKES CT", "wheelchair_boarding": 0 }, "geometry": { "type": "Point", "coordinates": [ -77.378579, 38.860916 ] } },
{ "type": "Feature", "properties": { "stop_id": 3129, "stop_name": "5900 TRINITY PKWY", "wheelchair_boarding": 0 }, "geometry": { "type": "Point", "coordinates": [ -77.44103, 38.840876 ] } },
{ "type": "Feature", "properties": { "stop_id": 3130, "stop_name": "SUNRISE VALLEY DR @ FIELD POINT RD", "wheelchair_boarding": 0 }, "geometry": { "type": "Point", "coordinates": [ -77.410989, 38.95374 ] } },
{ "type": "Feature", "properties": { "stop_id": 3131, "stop_name": "LAUGHLIN AVE @ LOWELL AVE", "wheelchair_boarding": 0 }, "geometry": { "type": "Point", "coordinates": [ -77.178295, 38.932052 ] } },
{ "type": "Feature", "properties": { "stop_id": 3132, "stop_name": "HUNTER WOODS PLAZA", "wheelchair_boarding": 0 }, "geometry": { "type": "Point", "coordinates": [ -77.361983, 38.935955 ] } },
{ "type": "Feature", "properties": { "stop_id": 3134, "stop_name": "WIEHLE METRO BAY H", "wheelchair_boarding": 0 }, "geometry": { "type": "Point", "coordinates": [ -77.338572, 38.948388 ] } },
{ "type": "Feature", "properties": { "stop_id": 3136, "stop_name": "AIR & SPACE MUSEUM PKWY @ WALL RD", "wheelchair_boarding": 0 }, "geometry": { "type": "Point", "coordinates": [ -77.423559, 38.915552 ] } },
{ "type": "Feature", "properties": { "stop_id": 3138, "stop_name": "BEULAH ST @ CLEMALINE BLVD", "wheelchair_boarding": 0 }, "geometry": { "type": "Point", "coordinates": [ -77.165278, 38.742899 ] } },
{ "type": "Feature", "properties": { "stop_id": 3139, "stop_name": "HILLTOP RD @ OLD LEE HWY", "wheelchair_boarding": 0 }, "geometry": { "type": "Point", "coordinates": [ -77.238053, 38.875659 ] } },
{ "type": "Feature", "properties": { "stop_id": 3140, "stop_name": "2710 PROSPERITY AVE", "wheelchair_boarding": 0 }, "geometry": { "type": "Point", "coordinates": [ -77.236315, 38.879303 ] } },
{ "type": "Feature", "properties": { "stop_id": 3141, "stop_name": "2730 PROSPERITY AVE", "wheelchair_boarding": 0 }, "geometry": { "type": "Point", "coordinates": [ -77.236616, 38.876897 ] } },
{ "type": "Feature", "properties": { "stop_id": 3142, "stop_name": "2741 PROSPERITY AVE", "wheelchair_boarding": 0 }, "geometry": { "type": "Point", "coordinates": [ -77.236399, 38.8771 ] } },
{ "type": "Feature", "properties": { "stop_id": 3143, "stop_name": "2711 PROSPERITY AVE", "wheelchair_boarding": 0 }, "geometry": { "type": "Point", "coordinates": [ -77.236077, 38.879302 ] } },
{ "type": "Feature", "properties": { "stop_id": 3144, "stop_name": "WHERNSIDE ST @ CHARLESBOROUGH CT", "wheelchair_boarding": 0 }, "geometry": { "type": "Point", "coordinates": [ -77.193743, 38.712342 ] } },
{ "type": "Feature", "properties": { "stop_id": 3145, "stop_name": "WHERNSIDE ST @ TWO BAYS RD", "wheelchair_boarding": 0 }, "geometry": { "type": "Point", "coordinates": [ -77.196102, 38.712077 ] } },
{ "type": "Feature", "properties": { "stop_id": 3146, "stop_name": "WHERNSIDE ST @ WHERNSIDE CT", "wheelchair_boarding": 0 }, "geometry": { "type": "Point", "coordinates": [ -77.194295, 38.712451 ] } },
{ "type": "Feature", "properties": { "stop_id": 3147, "stop_name": "WHERNSIDE ST @ WILMA LA", "wheelchair_boarding": 0 }, "geometry": { "type": "Point", "coordinates": [ -77.195912, 38.712023 ] } },
{ "type": "Feature", "properties": { "stop_id": 3148, "stop_name": "HERNDON METRO BAY D", "wheelchair_boarding": 0 }, "geometry": { "type": "Point", "coordinates": [ -77.383537, 38.951657 ] } },
{ "type": "Feature", "properties": { "stop_id": 3149, "stop_name": "HERNDON METRO BAY F", "wheelchair_boarding": 0 }, "geometry": { "type": "Point", "coordinates": [ -77.38432, 38.951666 ] } },
{ "type": "Feature", "properties": { "stop_id": 3151, "stop_name": "CHAIN BRIDGE RD @ HILL RD", "wheelchair_boarding": 1 }, "geometry": { "type": "Point", "coordinates": [ -77.293438, 38.882797 ] } },
{ "type": "Feature", "properties": { "stop_id": 3152, "stop_name": "HERNDON METRO BAY A", "wheelchair_boarding": 0 }, "geometry": { "type": "Point", "coordinates": [ -77.382791, 38.951652 ] } },
{ "type": "Feature", "properties": { "stop_id": 3154, "stop_name": "GOSNELL RD @ LEESBURG PIKE", "wheelchair_boarding": 1 }, "geometry": { "type": "Point", "coordinates": [ -77.237418, 38.923559 ] } },
{ "type": "Feature", "properties": { "stop_id": 3156, "stop_name": "OLD COURTHOUSE RD @ OLD COURTHOUSE", "wheelchair_boarding": 0 }, "geometry": { "type": "Point", "coordinates": [ -77.238782, 38.917937 ] } },
{ "type": "Feature", "properties": { "stop_id": 3157, "stop_name": "OLD COURTHOUSE RD @ CHAIN BRIDGE RD", "wheelchair_boarding": 0 }, "geometry": { "type": "Point", "coordinates": [ -77.237865, 38.916591 ] } },
{ "type": "Feature", "properties": { "stop_id": 3158, "stop_name": "OLD COURTHOUSE RD @ CHAIN BRIDGE RD", "wheelchair_boarding": 0 }, "geometry": { "type": "Point", "coordinates": [ -77.237799, 38.9169 ] } },
{ "type": "Feature", "properties": { "stop_id": 3159, "stop_name": "OLD COURTHOUSE RD @ OLD COURTHOUSE", "wheelchair_boarding": 0 }, "geometry": { "type": "Point", "coordinates": [ -77.238499, 38.9182 ] } },
{ "type": "Feature", "properties": { "stop_id": 3160, "stop_name": "GOSNELL RD @ RAGLAN RD", "wheelchair_boarding": 0 }, "geometry": { "type": "Point", "coordinates": [ -77.238699, 38.9208 ] } },
{ "type": "Feature", "properties": { "stop_id": 3161, "stop_name": "GOSNELL RD @ LEESBURG PIKE", "wheelchair_boarding": 0 }, "geometry": { "type": "Point", "coordinates": [ -77.23713, 38.923461 ] } },
{ "type": "Feature", "properties": { "stop_id": 3162, "stop_name": "CEDAR LN @ BOWLING GREEN DR", "wheelchair_boarding": 0 }, "geometry": { "type": "Point", "coordinates": [ -77.243299, 38.8866 ] } },
{ "type": "Feature", "properties": { "stop_id": 3163, "stop_name": "CEDAR LN @ DESALE ST", "wheelchair_boarding": 0 }, "geometry": { "type": "Point", "coordinates": [ -77.244119, 38.884953 ] } },
{ "type": "Feature", "properties": { "stop_id": 3164, "stop_name": "CEDAR LN @ COTTAGE ST", "wheelchair_boarding": 0 }, "geometry": { "type": "Point", "coordinates": [ -77.245547, 38.882414 ] } },
{ "type": "Feature", "properties": { "stop_id": 3165, "stop_name": "CEDAR LN @ DESALE ST", "wheelchair_boarding": 0 }, "geometry": { "type": "Point", "coordinates": [ -77.244009, 38.884681 ] } },
{ "type": "Feature", "properties": { "stop_id": 3166, "stop_name": "CEDAR LN @ BOWLING GREEN DR", "wheelchair_boarding": 0 }, "geometry": { "type": "Point", "coordinates": [ -77.242799, 38.8868 ] } },
{ "type": "Feature", "properties": { "stop_id": 3167, "stop_name": "TAPAWINGO RD @ COTTAGE ST", "wheelchair_boarding": 1 }, "geometry": { "type": "Point", "coordinates": [ -77.259736, 38.891196 ] } },
{ "type": "Feature", "properties": { "stop_id": 3168, "stop_name": "TELEGRAPH RD @ HAYFIELD RD", "wheelchair_boarding": 0 }, "geometry": { "type": "Point", "coordinates": [ -77.138567, 38.753682 ] } },
{ "type": "Feature", "properties": { "stop_id": 3169, "stop_name": "WIEHLE AVE @ INLET CT", "wheelchair_boarding": 0 }, "geometry": { "type": "Point", "coordinates": [ -77.332511, 38.96597 ] } },
{ "type": "Feature", "properties": { "stop_id": 3170, "stop_name": "AIR & SPACE MUSEUM PKWY @ WALL RD", "wheelchair_boarding": 0 }, "geometry": { "type": "Point", "coordinates": [ -77.422858, 38.916422 ] } },
{ "type": "Feature", "properties": { "stop_id": 3173, "stop_name": "HILLTOP RD @ MORADA CT", "wheelchair_boarding": 0 }, "geometry": { "type": "Point", "coordinates": [ -77.244499, 38.8778 ] } },
{ "type": "Feature", "properties": { "stop_id": 3174, "stop_name": "HILLTOP RD @ MORADA CT", "wheelchair_boarding": 0 }, "geometry": { "type": "Point", "coordinates": [ -77.244599, 38.878 ] } },
{ "type": "Feature", "properties": { "stop_id": 3175, "stop_name": "HILLTOP RD @ WILLOWMERE DR", "wheelchair_boarding": 0 }, "geometry": { "type": "Point", "coordinates": [ -77.241499, 38.8767 ] } },
{ "type": "Feature", "properties": { "stop_id": 3176, "stop_name": "HILLTOP RD @ ANDIRON LA", "wheelchair_boarding": 0 }, "geometry": { "type": "Point", "coordinates": [ -77.241999, 38.8771 ] } },
{ "type": "Feature", "properties": { "stop_id": 3177, "stop_name": "CEDAR LN @ COTTAGE ST", "wheelchair_boarding": 0 }, "geometry": { "type": "Point", "coordinates": [ -77.245199, 38.8826 ] } },
{ "type": "Feature", "properties": { "stop_id": 3178, "stop_name": "GOSNELL RD @ TYSPRING ST", "wheelchair_boarding": 0 }, "geometry": { "type": "Point", "coordinates": [ -77.238335, 38.921919 ] } },
{ "type": "Feature", "properties": { "stop_id": 3179, "stop_name": "NORTH SHORE DR @ JONATHAN WAY", "wheelchair_boarding": 0 }, "geometry": { "type": "Point", "coordinates": [ -77.351126, 38.961791 ] } },
{ "type": "Feature", "properties": { "stop_id": 3180, "stop_name": "HILLTOP RD @ OLD LEE HWY", "wheelchair_boarding": 0 }, "geometry": { "type": "Point", "coordinates": [ -77.237863, 38.875804 ] } },
{ "type": "Feature", "properties": { "stop_id": 3181, "stop_name": "BACKLICK RD @ JOHN MARR DR", "wheelchair_boarding": 0 }, "geometry": { "type": "Point", "coordinates": [ -77.194517, 38.82941 ] } },
{ "type": "Feature", "properties": { "stop_id": 3189, "stop_name": "VIRGINIA AVE NW @ 21ST ST NW", "wheelchair_boarding": 0 }, "geometry": { "type": "Point", "coordinates": [ -77.046242, 38.894998 ] } },
{ "type": "Feature", "properties": { "stop_id": 3190, "stop_name": "VIRGINIA AVE NW @ 19TH ST NW", "wheelchair_boarding": 0 }, "geometry": { "type": "Point", "coordinates": [ -77.042791, 38.893077 ] } },
{ "type": "Feature", "properties": { "stop_id": 3191, "stop_name": "18TH ST @ E ST NW", "wheelchair_boarding": 0 }, "geometry": { "type": "Point", "coordinates": [ -77.041591, 38.895245 ] } },
{ "type": "Feature", "properties": { "stop_id": 3192, "stop_name": "19TH ST @ F ST NW", "wheelchair_boarding": 0 }, "geometry": { "type": "Point", "coordinates": [ -77.043552, 38.897491 ] } },
{ "type": "Feature", "properties": { "stop_id": 3195, "stop_name": "TYSONS WESTPARK", "wheelchair_boarding": 0 }, "geometry": { "type": "Point", "coordinates": [ -77.23164, 38.932652 ] } },
{ "type": "Feature", "properties": { "stop_id": 3197, "stop_name": "RESTON SOUTH PARK AND RIDE BAY C", "wheelchair_boarding": 0 }, "geometry": { "type": "Point", "coordinates": [ -77.372137, 38.926092 ] } },
{ "type": "Feature", "properties": { "stop_id": 3198, "stop_name": "WEST OX RD @ BENNETT RD", "wheelchair_boarding": 1 }, "geometry": { "type": "Point", "coordinates": [ -77.380257, 38.895524 ] } },
{ "type": "Feature", "properties": { "stop_id": 3199, "stop_name": "STRINGFELLOW RD PARK AND RIDE BAY B", "wheelchair_boarding": 0 }, "geometry": { "type": "Point", "coordinates": [ -77.404089, 38.853205 ] } },
{ "type": "Feature", "properties": { "stop_id": 3200, "stop_name": "SARATOGA PARK AND RIDE", "wheelchair_boarding": 0 }, "geometry": { "type": "Point", "coordinates": [ -77.209204, 38.745478 ] } },
{ "type": "Feature", "properties": { "stop_id": 3202, "stop_name": "DUNN LORING METRO BAY C", "wheelchair_boarding": 0 }, "geometry": { "type": "Point", "coordinates": [ -77.228723, 38.882332 ] } },
{ "type": "Feature", "properties": { "stop_id": 3203, "stop_name": "DUNN LORING METRO BAY D", "wheelchair_boarding": 0 }, "geometry": { "type": "Point", "coordinates": [ -77.228553, 38.882395 ] } },
{ "type": "Feature", "properties": { "stop_id": 3204, "stop_name": "SPRING HILL METRO STATION BAY C", "wheelchair_boarding": 0 }, "geometry": { "type": "Point", "coordinates": [ -77.241308, 38.929143 ] } },
{ "type": "Feature", "properties": { "stop_id": 3205, "stop_name": "SPRING HILL METRO STATION", "wheelchair_boarding": 1 }, "geometry": { "type": "Point", "coordinates": [ -77.241406, 38.929246 ] } },
{ "type": "Feature", "properties": { "stop_id": 3206, "stop_name": "SPRING HILL METRO STATION BAY D", "wheelchair_boarding": 0 }, "geometry": { "type": "Point", "coordinates": [ -77.241497, 38.929341 ] } },
{ "type": "Feature", "properties": { "stop_id": 3208, "stop_name": "MCLEAN METRO STATION", "wheelchair_boarding": 1 }, "geometry": { "type": "Point", "coordinates": [ -77.207909, 38.924545 ] } },
{ "type": "Feature", "properties": { "stop_id": 3209, "stop_name": "DUNN LORING METRO BAY B", "wheelchair_boarding": 0 }, "geometry": { "type": "Point", "coordinates": [ -77.228961, 38.882254 ] } },
{ "type": "Feature", "properties": { "stop_id": 3211, "stop_name": "WESTPARK DR @ INTERNATIONAL DR", "wheelchair_boarding": 0 }, "geometry": { "type": "Point", "coordinates": [ -77.231928, 38.926409 ] } },
{ "type": "Feature", "properties": { "stop_id": 3212, "stop_name": "WESTPARK DR @ INTERNATIONAL DR", "wheelchair_boarding": 0 }, "geometry": { "type": "Point", "coordinates": [ -77.231846, 38.926117 ] } },
{ "type": "Feature", "properties": { "stop_id": 3213, "stop_name": "HERNDON PKWY @ SPRUCE CT", "wheelchair_boarding": 0 }, "geometry": { "type": "Point", "coordinates": [ -77.396335, 38.960688 ] } },
{ "type": "Feature", "properties": { "stop_id": 3214, "stop_name": "POLE RD @ LEAF RD", "wheelchair_boarding": 0 }, "geometry": { "type": "Point", "coordinates": [ -77.123131, 38.729618 ] } },
{ "type": "Feature", "properties": { "stop_id": 3215, "stop_name": "SILVERBROOK RD @ WHITE SPRUCE WAY", "wheelchair_boarding": 0 }, "geometry": { "type": "Point", "coordinates": [ -77.233009, 38.715113 ] } },
{ "type": "Feature", "properties": { "stop_id": 3216, "stop_name": "SILVERBROOK RD @ WHITE SPRUCE WAY", "wheelchair_boarding": 0 }, "geometry": { "type": "Point", "coordinates": [ -77.233145, 38.715074 ] } },
{ "type": "Feature", "properties": { "stop_id": 3217, "stop_name": "WEST OX RD @ WEST OX RD", "wheelchair_boarding": 1 }, "geometry": { "type": "Point", "coordinates": [ -77.380916, 38.909641 ] } },
{ "type": "Feature", "properties": { "stop_id": 3218, "stop_name": "8717 FORT HUNT RD", "wheelchair_boarding": 0 }, "geometry": { "type": "Point", "coordinates": [ -77.06091, 38.72114 ] } },
{ "type": "Feature", "properties": { "stop_id": 3219, "stop_name": "MCLEAREN RD @ TOWERVIEW RD", "wheelchair_boarding": 0 }, "geometry": { "type": "Point", "coordinates": [ -77.42589, 38.92942 ] } },
{ "type": "Feature", "properties": { "stop_id": 3220, "stop_name": "MCLEAREN RD @ TOWERVIEW RD", "wheelchair_boarding": 0 }, "geometry": { "type": "Point", "coordinates": [ -77.42592, 38.92979 ] } },
{ "type": "Feature", "properties": { "stop_id": 3221, "stop_name": "MONROE ST @ EASTPARK DR", "wheelchair_boarding": 0 }, "geometry": { "type": "Point", "coordinates": [ -77.391092, 38.949143 ] } },
{ "type": "Feature", "properties": { "stop_id": 3222, "stop_name": "14077 PARK CENTER RD", "wheelchair_boarding": 0 }, "geometry": { "type": "Point", "coordinates": [ -77.42785, 38.9398 ] } },
{ "type": "Feature", "properties": { "stop_id": 3223, "stop_name": "13983 PARK CENTER RD", "wheelchair_boarding": 0 }, "geometry": { "type": "Point", "coordinates": [ -77.42771, 38.93659 ] } },
{ "type": "Feature", "properties": { "stop_id": 3224, "stop_name": "13873 PARK CENTER RD", "wheelchair_boarding": 0 }, "geometry": { "type": "Point", "coordinates": [ -77.42757, 38.9343 ] } },
{ "type": "Feature", "properties": { "stop_id": 3225, "stop_name": "13869 PARK CENTER RD", "wheelchair_boarding": 0 }, "geometry": { "type": "Point", "coordinates": [ -77.42602, 38.93278 ] } },
{ "type": "Feature", "properties": { "stop_id": 3226, "stop_name": "TOWERVIEW RD @ MCLEAREN RD", "wheelchair_boarding": 0 }, "geometry": { "type": "Point", "coordinates": [ -77.42544, 38.93049 ] } },
{ "type": "Feature", "properties": { "stop_id": 3227, "stop_name": "RESTON HOSPITAL CENTER", "wheelchair_boarding": 0 }, "geometry": { "type": "Point", "coordinates": [ -77.362908, 38.961565 ] } },
{ "type": "Feature", "properties": { "stop_id": 3228, "stop_name": "18TH ST @ G ST", "wheelchair_boarding": 0 }, "geometry": { "type": "Point", "coordinates": [ -77.041589, 38.898128 ] } },
{ "type": "Feature", "properties": { "stop_id": 3229, "stop_name": "19TH ST @ H ST", "wheelchair_boarding": 0 }, "geometry": { "type": "Point", "coordinates": [ -77.043562, 38.899134 ] } },
{ "type": "Feature", "properties": { "stop_id": 3230, "stop_name": "INTERNATIONAL DR @ LINCOLN CIR", "wheelchair_boarding": 1 }, "geometry": { "type": "Point", "coordinates": [ -77.232125, 38.929937 ] } },
{ "type": "Feature", "properties": { "stop_id": 3232, "stop_name": "FRANCONIA RD @ FLEET DR", "wheelchair_boarding": 0 }, "geometry": { "type": "Point", "coordinates": [ -77.155927, 38.780243 ] } },
{ "type": "Feature", "properties": { "stop_id": 3233, "stop_name": "INTERNATIONAL DR @ GREENSBORO DR", "wheelchair_boarding": 1 }, "geometry": { "type": "Point", "coordinates": [ -77.226538, 38.923973 ] } },
{ "type": "Feature", "properties": { "stop_id": 3234, "stop_name": "METRO PENTAGON BAY L6", "wheelchair_boarding": 1 }, "geometry": { "type": "Point", "coordinates": [ -77.054104, 38.868342 ] } },
{ "type": "Feature", "properties": { "stop_id": 3235, "stop_name": "HERNDON PARKWAY @ DRANESVILLE RD.", "wheelchair_boarding": 0 }, "geometry": { "type": "Point", "coordinates": [ -77.377586, 38.98279 ] } },
{ "type": "Feature", "properties": { "stop_id": 3237, "stop_name": "SILVERBROOK RD & POWER HOUSE RD", "wheelchair_boarding": 0 }, "geometry": { "type": "Point", "coordinates": [ -77.231604, 38.713495 ] } },
{ "type": "Feature", "properties": { "stop_id": 3238, "stop_name": "SILVERBROOK RD @ POWER HOUSE RD", "wheelchair_boarding": 0 }, "geometry": { "type": "Point", "coordinates": [ -77.231582, 38.713058 ] } },
{ "type": "Feature", "properties": { "stop_id": 3239, "stop_name": "AMHERST AVE @ SPRINGFIELD BOULEVARD", "wheelchair_boarding": 0 }, "geometry": { "type": "Point", "coordinates": [ -77.185507, 38.777736 ] } },
{ "type": "Feature", "properties": { "stop_id": 3240, "stop_name": "AMHERST AVE @ CALAMO ST", "wheelchair_boarding": 0 }, "geometry": { "type": "Point", "coordinates": [ -77.184529, 38.775441 ] } },
{ "type": "Feature", "properties": { "stop_id": 3241, "stop_name": "7000 NEWINGTON ROAD", "wheelchair_boarding": 0 }, "geometry": { "type": "Point", "coordinates": [ -77.185111, 38.738728 ] } },
{ "type": "Feature", "properties": { "stop_id": 3242, "stop_name": "CENTER ST @ VIENNA TOWN HALL (sb)", "wheelchair_boarding": 0 }, "geometry": { "type": "Point", "coordinates": [ -77.264303, 38.900831 ] } },
{ "type": "Feature", "properties": { "stop_id": 3243, "stop_name": "MILL ST AT VIENNA COMM CTR (Sb)", "wheelchair_boarding": 0 }, "geometry": { "type": "Point", "coordinates": [ -77.260057, 38.900065 ] } },
{ "type": "Feature", "properties": { "stop_id": 3244, "stop_name": "PARK ST @ ADAHI RD (Sb)", "wheelchair_boarding": 0 }, "geometry": { "type": "Point", "coordinates": [ -77.249709, 38.893309 ] } },
{ "type": "Feature", "properties": { "stop_id": 3245, "stop_name": "PARK ST @ MCHENRY ST (Sb)", "wheelchair_boarding": 0 }, "geometry": { "type": "Point", "coordinates": [ -77.248563, 38.891683 ] } },
{ "type": "Feature", "properties": { "stop_id": 3246, "stop_name": "ROUTE 29 @ ESKRIDGE RD (Eb)", "wheelchair_boarding": 0 }, "geometry": { "type": "Point", "coordinates": [ -77.231425, 38.873912 ] } },
{ "type": "Feature", "properties": { "stop_id": 3247, "stop_name": "ROUTE 29 @ MERRILEE DR (Wb)", "wheelchair_boarding": 0 }, "geometry": { "type": "Point", "coordinates": [ -77.231529, 38.874153 ] } },
{ "type": "Feature", "properties": { "stop_id": 3248, "stop_name": "PARK ST @ MCHENRY ST (Nb)", "wheelchair_boarding": 0 }, "geometry": { "type": "Point", "coordinates": [ -77.248377, 38.891647 ] } },
{ "type": "Feature", "properties": { "stop_id": 3249, "stop_name": "PARK ST @ ADAHI RD (Nb)", "wheelchair_boarding": 0 }, "geometry": { "type": "Point", "coordinates": [ -77.249593, 38.893318 ] } },
{ "type": "Feature", "properties": { "stop_id": 3250, "stop_name": "PARK ST @ ELMAR DR (Nb)", "wheelchair_boarding": 1 }, "geometry": { "type": "Point", "coordinates": [ -77.253516, 38.896412 ] } },
{ "type": "Feature", "properties": { "stop_id": 3251, "stop_name": "PARK ST @ MOORE AVE (Nb)", "wheelchair_boarding": 1 }, "geometry": { "type": "Point", "coordinates": [ -77.254886, 38.89745 ] } },
{ "type": "Feature", "properties": { "stop_id": 3252, "stop_name": "PARK ST @ BATTLE CT (Nb)", "wheelchair_boarding": 1 }, "geometry": { "type": "Point", "coordinates": [ -77.257766, 38.89965 ] } },
{ "type": "Feature", "properties": { "stop_id": 3253, "stop_name": "MILL ST @ VIENNA COMM CTR. (Nb)", "wheelchair_boarding": 0 }, "geometry": { "type": "Point", "coordinates": [ -77.260185, 38.900226 ] } },
{ "type": "Feature", "properties": { "stop_id": 3254, "stop_name": "CENTER ST OPP VIENNA TOWN HALL", "wheelchair_boarding": 0 }, "geometry": { "type": "Point", "coordinates": [ -77.264314, 38.900911 ] } },
{ "type": "Feature", "properties": { "stop_id": 3256, "stop_name": "JEFF TODD WAY @ TELEGRAPH RD", "wheelchair_boarding": 0 }, "geometry": { "type": "Point", "coordinates": [ -77.149527, 38.744266 ] } },
{ "type": "Feature", "properties": { "stop_id": 3257, "stop_name": "JEFF TODD WAY @ MILL TOWNS CT", "wheelchair_boarding": 0 }, "geometry": { "type": "Point", "coordinates": [ -77.13472, 38.72018 ] } },
{ "type": "Feature", "properties": { "stop_id": 3258, "stop_name": "JEFF TODD WAY @ MILL TOWNS CT", "wheelchair_boarding": 0 }, "geometry": { "type": "Point", "coordinates": [ -77.13458, 38.720287 ] } },
{ "type": "Feature", "properties": { "stop_id": 3259, "stop_name": "TELEGRAPH RD @ JEFF TODD WAY WB", "wheelchair_boarding": 0 }, "geometry": { "type": "Point", "coordinates": [ -77.150096, 38.744321 ] } },
{ "type": "Feature", "properties": { "stop_id": 3260, "stop_name": "TELEGRAPH RD @ HILLTOP VILLAGE CENTER", "wheelchair_boarding": 0 }, "geometry": { "type": "Point", "coordinates": [ -77.16142, 38.741523 ] } },
{ "type": "Feature", "properties": { "stop_id": 3261, "stop_name": "BREN MAR DR @ EDSALL RD", "wheelchair_boarding": 0 }, "geometry": { "type": "Point", "coordinates": [ -77.148759, 38.80223 ] } },
{ "type": "Feature", "properties": { "stop_id": 3262, "stop_name": "BREN MAR DR @ INDIAN RUN PKWY", "wheelchair_boarding": 0 }, "geometry": { "type": "Point", "coordinates": [ -77.149318, 38.799457 ] } },
{ "type": "Feature", "properties": { "stop_id": 3263, "stop_name": "BREN MAR DR @ INDIAN RUN PKWY", "wheelchair_boarding": 0 }, "geometry": { "type": "Point", "coordinates": [ -77.149772, 38.799333 ] } },
{ "type": "Feature", "properties": { "stop_id": 3264, "stop_name": "BREN MAR DR @ EDSALL RD", "wheelchair_boarding": 0 }, "geometry": { "type": "Point", "coordinates": [ -77.14891, 38.802168 ] } },
{ "type": "Feature", "properties": { "stop_id": 3265, "stop_name": "ROUTE 29 @ JUNIPER ST", "wheelchair_boarding": 0 }, "geometry": { "type": "Point", "coordinates": [ -77.228131, 38.874378 ] } },
{ "type": "Feature", "properties": { "stop_id": 3266, "stop_name": "PARK ST @ PATRICK ST", "wheelchair_boarding": 0 }, "geometry": { "type": "Point", "coordinates": [ -77.243638, 38.888827 ] } },
{ "type": "Feature", "properties": { "stop_id": 3268, "stop_name": "BEULAH RD NE @ NELSON DR NE", "wheelchair_boarding": 1 }, "geometry": { "type": "Point", "coordinates": [ -77.263818, 38.910983 ] } },
{ "type": "Feature", "properties": { "stop_id": 3269, "stop_name": "MACHEN RD @ ROSY LN", "wheelchair_boarding": 0 }, "geometry": { "type": "Point", "coordinates": [ -77.439751, 38.835225 ] } },
{ "type": "Feature", "properties": { "stop_id": 3270, "stop_name": "CREEK CROSSING RD @ AVIS CT", "wheelchair_boarding": 1 }, "geometry": { "type": "Point", "coordinates": [ -77.257464, 38.917815 ] } },
{ "type": "Feature", "properties": { "stop_id": 3271, "stop_name": "S KINGS HWY @SOUTHGATE DR", "wheelchair_boarding": 0 }, "geometry": { "type": "Point", "coordinates": [ -77.0887, 38.775151 ] } },
{ "type": "Feature", "properties": { "stop_id": 3272, "stop_name": "JEFF TODD WAY & POLE RD", "wheelchair_boarding": 0 }, "geometry": { "type": "Point", "coordinates": [ -77.136423, 38.723343 ] } },
{ "type": "Feature", "properties": { "stop_id": 3273, "stop_name": "JEFF TODD WAY & POLE RD", "wheelchair_boarding": 0 }, "geometry": { "type": "Point", "coordinates": [ -77.136099, 38.723101 ] } },
{ "type": "Feature", "properties": { "stop_id": 3274, "stop_name": "POHICK RD @ LAGRANGE ST", "wheelchair_boarding": 0 }, "geometry": { "type": "Point", "coordinates": [ -77.20789, 38.718913 ] } },
{ "type": "Feature", "properties": { "stop_id": 3275, "stop_name": "POHICK RD @ LAGRANGE ST", "wheelchair_boarding": 0 }, "geometry": { "type": "Point", "coordinates": [ -77.207611, 38.71901 ] } },
{ "type": "Feature", "properties": { "stop_id": 3276, "stop_name": "WESTPARK DR @ GREENSBORO DR", "wheelchair_boarding": 0 }, "geometry": { "type": "Point", "coordinates": [ -77.233422, 38.925209 ] } },
{ "type": "Feature", "properties": { "stop_id": 3277, "stop_name": "HUNTINGTON METRO NORTH BAY C", "wheelchair_boarding": 0 }, "geometry": { "type": "Point", "coordinates": [ -77.07501, 38.795365 ] } },
{ "type": "Feature", "properties": { "stop_id": 3278, "stop_name": "STRINGFELLOW RD @ STREAM VALLEY DR", "wheelchair_boarding": 1 }, "geometry": { "type": "Point", "coordinates": [ -77.409004, 38.878178 ] } },
{ "type": "Feature", "properties": { "stop_id": 3283, "stop_name": "D STREET @ 9TH ST SW", "wheelchair_boarding": 0 }, "geometry": { "type": "Point", "coordinates": [ -77.02373, 38.884925 ] } },
{ "type": "Feature", "properties": { "stop_id": 3284, "stop_name": "DRANESVILLE RD @ RIDGEGATE DR.", "wheelchair_boarding": 0 }, "geometry": { "type": "Point", "coordinates": [ -77.377158, 38.988205 ] } },
{ "type": "Feature", "properties": { "stop_id": 3285, "stop_name": "DRANESVILLE RD @ RIDGEGATE DR.", "wheelchair_boarding": 0 }, "geometry": { "type": "Point", "coordinates": [ -77.376856, 38.988187 ] } },
{ "type": "Feature", "properties": { "stop_id": 3286, "stop_name": "CENTREVILLE RD @ WOODLAND PARK RD", "wheelchair_boarding": 0 }, "geometry": { "type": "Point", "coordinates": [ -77.40687, 38.953872 ] } },
{ "type": "Feature", "properties": { "stop_id": 3287, "stop_name": "CENTREVILLE RD @ ARROWEBROOK CENTRE DR", "wheelchair_boarding": 0 }, "geometry": { "type": "Point", "coordinates": [ -77.406414, 38.954889 ] } },
{ "type": "Feature", "properties": { "stop_id": 3288, "stop_name": "CONSTITUTION AVE @ 12TH ST SW", "wheelchair_boarding": 0 }, "geometry": { "type": "Point", "coordinates": [ -77.02909, 38.89224 ] } },
{ "type": "Feature", "properties": { "stop_id": 3289, "stop_name": "CONSTITUTION AVE @ 12TH ST", "wheelchair_boarding": 0 }, "geometry": { "type": "Point", "coordinates": [ -77.02714, 38.89199 ] } },
{ "type": "Feature", "properties": { "stop_id": 3295, "stop_name": "FRANCONIA-SPRINGFIELD METRO BAY C", "wheelchair_boarding": 0 }, "geometry": { "type": "Point", "coordinates": [ -77.169536, 38.766714 ] } },
{ "type": "Feature", "properties": { "stop_id": 3296, "stop_name": "FRANCONIA-SPRINGFIELD METRO BAY D", "wheelchair_boarding": 0 }, "geometry": { "type": "Point", "coordinates": [ -77.169208, 38.766699 ] } },
{ "type": "Feature", "properties": { "stop_id": 3297, "stop_name": "TYSONS WESTPARK", "wheelchair_boarding": 1 }, "geometry": { "type": "Point", "coordinates": [ -77.231403, 38.932674 ] } },
{ "type": "Feature", "properties": { "stop_id": 3298, "stop_name": "DOLLEY MADISON @ KURTZ RD", "wheelchair_boarding": 0 }, "geometry": { "type": "Point", "coordinates": [ -77.17316, 38.94085 ] } },
{ "type": "Feature", "properties": { "stop_id": 3299, "stop_name": "DOLLEY MADISON @ BUCHANAN ST", "wheelchair_boarding": 0 }, "geometry": { "type": "Point", "coordinates": [ -77.16961, 38.94185 ] } },
{ "type": "Feature", "properties": { "stop_id": 3300, "stop_name": "DOLLEY MADISON @ WAVERLEY WAY", "wheelchair_boarding": 0 }, "geometry": { "type": "Point", "coordinates": [ -77.16575, 38.94249 ] } },
{ "type": "Feature", "properties": { "stop_id": 3301, "stop_name": "DOLLEY MADISON @ BALLANTRAE LN", "wheelchair_boarding": 0 }, "geometry": { "type": "Point", "coordinates": [ -77.16081, 38.94197 ] } },
{ "type": "Feature", "properties": { "stop_id": 3302, "stop_name": "DOLLEY MADISON @ LYNWOOD HILL RD", "wheelchair_boarding": 0 }, "geometry": { "type": "Point", "coordinates": [ -77.15752, 38.94234 ] } },
{ "type": "Feature", "properties": { "stop_id": 3303, "stop_name": "DOLLEY MADISON @ DUNAWAY DR", "wheelchair_boarding": 0 }, "geometry": { "type": "Point", "coordinates": [ -77.15459, 38.94282 ] } },
{ "type": "Feature", "properties": { "stop_id": 3304, "stop_name": "DOLLEY MADISON @ POTOMAC SCHOOL", "wheelchair_boarding": 0 }, "geometry": { "type": "Point", "coordinates": [ -77.15247, 38.94313 ] } },
{ "type": "Feature", "properties": { "stop_id": 3305, "stop_name": "DOLLEY MADISON @ GEORGETOWN PIKE", "wheelchair_boarding": 0 }, "geometry": { "type": "Point", "coordinates": [ -77.151164, 38.94367 ] } },
{ "type": "Feature", "properties": { "stop_id": 3306, "stop_name": "DOLLEY MADISON @ DUNAWAY DR", "wheelchair_boarding": 0 }, "geometry": { "type": "Point", "coordinates": [ -77.15474, 38.9431 ] } },
{ "type": "Feature", "properties": { "stop_id": 3307, "stop_name": "DOLLEY MADISON @ LYNWOOD HILL RD", "wheelchair_boarding": 0 }, "geometry": { "type": "Point", "coordinates": [ -77.15859, 38.94241 ] } },
{ "type": "Feature", "properties": { "stop_id": 3308, "stop_name": "DOLLEY MADISON @ BALLANTRAE LN", "wheelchair_boarding": 0 }, "geometry": { "type": "Point", "coordinates": [ -77.15982, 38.94229 ] } },
{ "type": "Feature", "properties": { "stop_id": 3309, "stop_name": "DOLLEY MADISON @ WAVERLY WAY", "wheelchair_boarding": 0 }, "geometry": { "type": "Point", "coordinates": [ -77.1657, 38.94276 ] } },
{ "type": "Feature", "properties": { "stop_id": 3310, "stop_name": "DOLLEY MADISON @ BUCHANAN ST", "wheelchair_boarding": 0 }, "geometry": { "type": "Point", "coordinates": [ -77.16975, 38.94208 ] } },
{ "type": "Feature", "properties": { "stop_id": 3312, "stop_name": "STRINGFELLOW RD PARK AND RIDE BAY C", "wheelchair_boarding": 1 }, "geometry": { "type": "Point", "coordinates": [ -77.404056, 38.853044 ] } },
{ "type": "Feature", "properties": { "stop_id": 3313, "stop_name": "NORTHERN VIRGINIA COMMUNITY COLLEGE", "wheelchair_boarding": 0 }, "geometry": { "type": "Point", "coordinates": [ -77.174784, 38.763845 ] } },
{ "type": "Feature", "properties": { "stop_id": 3314, "stop_name": "LANGLEY", "wheelchair_boarding": 1 }, "geometry": { "type": "Point", "coordinates": [ -77.145958, 38.94719 ] } },
{ "type": "Feature", "properties": { "stop_id": 3315, "stop_name": "MUSEUM OF THE ARMY", "wheelchair_boarding": 0 }, "geometry": { "type": "Point", "coordinates": [ -77.17148, 38.72374 ] } },
{ "type": "Feature", "properties": { "stop_id": 3316, "stop_name": "SPRINGFIELD CENTER DR @ TSA", "wheelchair_boarding": 0 }, "geometry": { "type": "Point", "coordinates": [ -77.173861, 38.766639 ] } },
{ "type": "Feature", "properties": { "stop_id": 3317, "stop_name": "SPRINGFIELD CENTER DR OPP TSA", "wheelchair_boarding": 0 }, "geometry": { "type": "Point", "coordinates": [ -77.17378, 38.7667 ] } },
{ "type": "Feature", "properties": { "stop_id": 3318, "stop_name": "FAIRFAX COUNTY PARKWY AT LIBERTY DR (MUSEUM OF ARMY)", "wheelchair_boarding": 0 }, "geometry": { "type": "Point", "coordinates": [ -77.173248, 38.721345 ] } },
{ "type": "Feature", "properties": { "stop_id": 3321, "stop_name": "LOISDALE @ LOISDALE", "wheelchair_boarding": 0 }, "geometry": { "type": "Point", "coordinates": [ -77.178416, 38.775197 ] } },
{ "type": "Feature", "properties": { "stop_id": 3322, "stop_name": "LOISDALE CT @ COMFORT INN", "wheelchair_boarding": 0 }, "geometry": { "type": "Point", "coordinates": [ -77.178532, 38.776331 ] } },
{ "type": "Feature", "properties": { "stop_id": 3323, "stop_name": "WALKER LN @ BEULAH ST", "wheelchair_boarding": 0 }, "geometry": { "type": "Point", "coordinates": [ -77.154384, 38.769279 ] } },
{ "type": "Feature", "properties": { "stop_id": 3325, "stop_name": "WALKER LANE AT 6354 OPP INNOVA", "wheelchair_boarding": 0 }, "geometry": { "type": "Point", "coordinates": [ -77.159018, 38.769478 ] } },
{ "type": "Feature", "properties": { "stop_id": 3326, "stop_name": "SPRINGFIELD TC  OPP FRONTIER GARAGE", "wheelchair_boarding": 0 }, "geometry": { "type": "Point", "coordinates": [ -77.173494, 38.773112 ] } },
{ "type": "Feature", "properties": { "stop_id": 3327, "stop_name": "LOISDALE CT @ HOTEL BELVOIR SPRINGFIELD", "wheelchair_boarding": 0 }, "geometry": { "type": "Point", "coordinates": [ -77.178411, 38.777005 ] } },
{ "type": "Feature", "properties": { "stop_id": 3329, "stop_name": "LOISDALE CT @ 6564", "wheelchair_boarding": 0 }, "geometry": { "type": "Point", "coordinates": [ -77.178582, 38.775114 ] } },
{ "type": "Feature", "properties": { "stop_id": 3330, "stop_name": "WIEHLE AVE @ BARON CAMERON AVE", "wheelchair_boarding": 0 }, "geometry": { "type": "Point", "coordinates": [ -77.333736, 38.974187 ] } },
{ "type": "Feature", "properties": { "stop_id": 3331, "stop_name": "WIEHLE AVE @ BARON CAMERON AVE", "wheelchair_boarding": 0 }, "geometry": { "type": "Point", "coordinates": [ -77.334038, 38.974196 ] } },
{ "type": "Feature", "properties": { "stop_id": 3332, "stop_name": "METROPOLITAN CENTER DR @ METROPOLITAN CENTER DR", "wheelchair_boarding": 0 }, "geometry": { "type": "Point", "coordinates": [ -77.178189, 38.768983 ] } },
{ "type": "Feature", "properties": { "stop_id": 3333, "stop_name": "METROPOLITAN CENTER DR @ METROPOLOITAN CENTER DR", "wheelchair_boarding": 0 }, "geometry": { "type": "Point", "coordinates": [ -77.178503, 38.769029 ] } },
{ "type": "Feature", "properties": { "stop_id": 3335, "stop_name": "LITTLE RIVER @ PINECREST VISTA", "wheelchair_boarding": 0 }, "geometry": { "type": "Point", "coordinates": [ -77.16983, 38.82447 ] } },
{ "type": "Feature", "properties": { "stop_id": 3336, "stop_name": "WESTMORELAND @ BOXWOOD", "wheelchair_boarding": 0 }, "geometry": { "type": "Point", "coordinates": [ -77.170264, 38.901085 ] } },
{ "type": "Feature", "properties": { "stop_id": 3337, "stop_name": "WESTMORELAND @ GORDON", "wheelchair_boarding": 0 }, "geometry": { "type": "Point", "coordinates": [ -77.169381, 38.899517 ] } },
{ "type": "Feature", "properties": { "stop_id": 3338, "stop_name": "WESTMORELAND @ HAYCOOK", "wheelchair_boarding": 0 }, "geometry": { "type": "Point", "coordinates": [ -77.171779, 38.903354 ] } },
{ "type": "Feature", "properties": { "stop_id": 3339, "stop_name": "WESTMORELAND @ MOLY", "wheelchair_boarding": 0 }, "geometry": { "type": "Point", "coordinates": [ -77.170956, 38.901704 ] } },
{ "type": "Feature", "properties": { "stop_id": 3340, "stop_name": "WESTMORELAND @ ROOSEVELT", "wheelchair_boarding": 0 }, "geometry": { "type": "Point", "coordinates": [ -77.169264, 38.899689 ] } },
{ "type": "Feature", "properties": { "stop_id": 3343, "stop_name": "WESTMORELAND @ 31ST", "wheelchair_boarding": 0 }, "geometry": { "type": "Point", "coordinates": [ -77.168079, 38.89655 ] } },
{ "type": "Feature", "properties": { "stop_id": 3347, "stop_name": "WESTMORELAND @ 32ND ST", "wheelchair_boarding": 0 }, "geometry": { "type": "Point", "coordinates": [ -77.168467, 38.897017 ] } },
{ "type": "Feature", "properties": { "stop_id": 3348, "stop_name": "WESTMORELAND @ 33RD ST", "wheelchair_boarding": 0 }, "geometry": { "type": "Point", "coordinates": [ -77.168985, 38.898412 ] } },
{ "type": "Feature", "properties": { "stop_id": 3349, "stop_name": "WESTMORELAND @ 33RD ST", "wheelchair_boarding": 0 }, "geometry": { "type": "Point", "coordinates": [ -77.168707, 38.898115 ] } },
{ "type": "Feature", "properties": { "stop_id": 3352, "stop_name": "LITTLE RIVER @ PINECREST VISTA", "wheelchair_boarding": 0 }, "geometry": { "type": "Point", "coordinates": [ -77.16586, 38.82348 ] } },
{ "type": "Feature", "properties": { "stop_id": 3353, "stop_name": "ANNANDALE @ POPLAR", "wheelchair_boarding": 0 }, "geometry": { "type": "Point", "coordinates": [ -77.19717, 38.8339 ] } },
{ "type": "Feature", "properties": { "stop_id": 3354, "stop_name": "ANNANDALE @ FARR", "wheelchair_boarding": 0 }, "geometry": { "type": "Point", "coordinates": [ -77.19791, 38.83599 ] } },
{ "type": "Feature", "properties": { "stop_id": 3355, "stop_name": "ANNANDALE @ BEVERLY MANOR", "wheelchair_boarding": 0 }, "geometry": { "type": "Point", "coordinates": [ -77.198295, 38.837172 ] } },
{ "type": "Feature", "properties": { "stop_id": 3356, "stop_name": "ANNANDALE @ WALTON", "wheelchair_boarding": 0 }, "geometry": { "type": "Point", "coordinates": [ -77.19902, 38.83951 ] } },
{ "type": "Feature", "properties": { "stop_id": 3357, "stop_name": "ANNANDALE @ WAYNE", "wheelchair_boarding": 0 }, "geometry": { "type": "Point", "coordinates": [ -77.2007, 38.84357 ] } },
{ "type": "Feature", "properties": { "stop_id": 3358, "stop_name": "ANNANDALE @ FRANKLIN", "wheelchair_boarding": 0 }, "geometry": { "type": "Point", "coordinates": [ -77.2019, 38.84514 ] } },
{ "type": "Feature", "properties": { "stop_id": 3359, "stop_name": "ANNANDALE @ MASONVILLE", "wheelchair_boarding": 0 }, "geometry": { "type": "Point", "coordinates": [ -77.201905, 38.847868 ] } },
{ "type": "Feature", "properties": { "stop_id": 3360, "stop_name": "ANNANDALE @ MASON", "wheelchair_boarding": 0 }, "geometry": { "type": "Point", "coordinates": [ -77.20155, 38.84977 ] } },
{ "type": "Feature", "properties": { "stop_id": 3361, "stop_name": "ANNANDALE @ STATECREST", "wheelchair_boarding": 0 }, "geometry": { "type": "Point", "coordinates": [ -77.199542, 38.852186 ] } },
{ "type": "Feature", "properties": { "stop_id": 3362, "stop_name": "ANNANDALE @ HOCKETT", "wheelchair_boarding": 0 }, "geometry": { "type": "Point", "coordinates": [ -77.19645, 38.85349 ] } },
{ "type": "Feature", "properties": { "stop_id": 3363, "stop_name": "ANNANDALE RD @ BRANDY CT", "wheelchair_boarding": 0 }, "geometry": { "type": "Point", "coordinates": [ -77.194325, 38.853743 ] } },
{ "type": "Feature", "properties": { "stop_id": 3364, "stop_name": "ANNANDALE RD@ HICKORY HILL RD", "wheelchair_boarding": 0 }, "geometry": { "type": "Point", "coordinates": [ -77.19005, 38.8555 ] } },
{ "type": "Feature", "properties": { "stop_id": 3365, "stop_name": "ANNANDALE @ SLADE RUN", "wheelchair_boarding": 0 }, "geometry": { "type": "Point", "coordinates": [ -77.18533, 38.85699 ] } },
{ "type": "Feature", "properties": { "stop_id": 3366, "stop_name": "ANNANDALE @ ROSE", "wheelchair_boarding": 0 }, "geometry": { "type": "Point", "coordinates": [ -77.18288, 38.85733 ] } },
{ "type": "Feature", "properties": { "stop_id": 3367, "stop_name": "ANNANDALE @ BEECHVIEW", "wheelchair_boarding": 0 }, "geometry": { "type": "Point", "coordinates": [ -77.17873, 38.85919 ] } },
{ "type": "Feature", "properties": { "stop_id": 3368, "stop_name": "ANNANDALE @ GOUTHIER", "wheelchair_boarding": 0 }, "geometry": { "type": "Point", "coordinates": [ -77.17641, 38.86383 ] } },
{ "type": "Feature", "properties": { "stop_id": 3369, "stop_name": "ANNANDALE @ BARRETT", "wheelchair_boarding": 0 }, "geometry": { "type": "Point", "coordinates": [ -77.17517, 38.86594 ] } },
{ "type": "Feature", "properties": { "stop_id": 3370, "stop_name": "ANNANDALE @ ARLINGTON", "wheelchair_boarding": 0 }, "geometry": { "type": "Point", "coordinates": [ -77.17453, 38.86863 ] } },
{ "type": "Feature", "properties": { "stop_id": 3371, "stop_name": "ANNANDALE @ ARLINGTON", "wheelchair_boarding": 0 }, "geometry": { "type": "Point", "coordinates": [ -77.17451, 38.87044 ] } },
{ "type": "Feature", "properties": { "stop_id": 3372, "stop_name": "ANNANDALE @ SAMPSON", "wheelchair_boarding": 0 }, "geometry": { "type": "Point", "coordinates": [ -77.17434, 38.87559 ] } },
{ "type": "Feature", "properties": { "stop_id": 3373, "stop_name": "ANNANDALE @ BRICE", "wheelchair_boarding": 0 }, "geometry": { "type": "Point", "coordinates": [ -77.1733, 38.87763 ] } },
{ "type": "Feature", "properties": { "stop_id": 3374, "stop_name": "ANNANDALE @ SCIPIO", "wheelchair_boarding": 0 }, "geometry": { "type": "Point", "coordinates": [ -77.17373, 38.87731 ] } },
{ "type": "Feature", "properties": { "stop_id": 3375, "stop_name": "ANNANDALE @ SAMPSON", "wheelchair_boarding": 0 }, "geometry": { "type": "Point", "coordinates": [ -77.17451, 38.8759 ] } },
{ "type": "Feature", "properties": { "stop_id": 3376, "stop_name": "ANNANDALE @ JAMES LEE", "wheelchair_boarding": 0 }, "geometry": { "type": "Point", "coordinates": [ -77.17454, 38.87429 ] } },
{ "type": "Feature", "properties": { "stop_id": 3377, "stop_name": "ANNANDALE @ JEFFERSON", "wheelchair_boarding": 0 }, "geometry": { "type": "Point", "coordinates": [ -77.17464, 38.87195 ] } },
{ "type": "Feature", "properties": { "stop_id": 3378, "stop_name": "ANNANDALE @ ARLINGTON", "wheelchair_boarding": 0 }, "geometry": { "type": "Point", "coordinates": [ -77.17473, 38.87048 ] } },
{ "type": "Feature", "properties": { "stop_id": 3379, "stop_name": "ANNANDALE @ ARLINGTON", "wheelchair_boarding": 0 }, "geometry": { "type": "Point", "coordinates": [ -77.174784, 38.869008 ] } },
{ "type": "Feature", "properties": { "stop_id": 3380, "stop_name": "ANNANDALE @ BARRETT", "wheelchair_boarding": 0 }, "geometry": { "type": "Point", "coordinates": [ -77.175101, 38.866342 ] } },
{ "type": "Feature", "properties": { "stop_id": 3381, "stop_name": "ANNANDALE @ KENFIG", "wheelchair_boarding": 0 }, "geometry": { "type": "Point", "coordinates": [ -77.17881, 38.86108 ] } },
{ "type": "Feature", "properties": { "stop_id": 3382, "stop_name": "ANNANDALE @ BEACHVIEW", "wheelchair_boarding": 0 }, "geometry": { "type": "Point", "coordinates": [ -77.17888, 38.85936 ] } },
{ "type": "Feature", "properties": { "stop_id": 3383, "stop_name": "ANNANDALE @ BEACHTREE", "wheelchair_boarding": 0 }, "geometry": { "type": "Point", "coordinates": [ -77.17993, 38.85782 ] } },
{ "type": "Feature", "properties": { "stop_id": 3384, "stop_name": "ANNANDALE @ BLUE HERON", "wheelchair_boarding": 0 }, "geometry": { "type": "Point", "coordinates": [ -77.18164, 38.85761 ] } },
{ "type": "Feature", "properties": { "stop_id": 3385, "stop_name": "ANNANDALE @ BLUNDELL", "wheelchair_boarding": 0 }, "geometry": { "type": "Point", "coordinates": [ -77.1849, 38.85719 ] } },
{ "type": "Feature", "properties": { "stop_id": 3386, "stop_name": "ANNANDALE RD @ GRAHAM RD", "wheelchair_boarding": 0 }, "geometry": { "type": "Point", "coordinates": [ -77.18982, 38.8558 ] } },
{ "type": "Feature", "properties": { "stop_id": 3387, "stop_name": "ANNANDALE @ CASALEIR", "wheelchair_boarding": 0 }, "geometry": { "type": "Point", "coordinates": [ -77.19274, 38.8541 ] } },
{ "type": "Feature", "properties": { "stop_id": 3388, "stop_name": "ANNANDALE @ KIMBERLY", "wheelchair_boarding": 0 }, "geometry": { "type": "Point", "coordinates": [ -77.19459, 38.85384 ] } },
{ "type": "Feature", "properties": { "stop_id": 3389, "stop_name": "ANNANDALE @ HOCKETT", "wheelchair_boarding": 0 }, "geometry": { "type": "Point", "coordinates": [ -77.19636, 38.85364 ] } },
{ "type": "Feature", "properties": { "stop_id": 3390, "stop_name": "ANNANDALE @ SHEFFIELD", "wheelchair_boarding": 0 }, "geometry": { "type": "Point", "coordinates": [ -77.19799, 38.85314 ] } },
{ "type": "Feature", "properties": { "stop_id": 3391, "stop_name": "ANNANDALE @ STATECREST", "wheelchair_boarding": 0 }, "geometry": { "type": "Point", "coordinates": [ -77.19999, 38.85203 ] } },
{ "type": "Feature", "properties": { "stop_id": 3392, "stop_name": "ANNANDALE @ MASON", "wheelchair_boarding": 0 }, "geometry": { "type": "Point", "coordinates": [ -77.20172, 38.84977 ] } },
{ "type": "Feature", "properties": { "stop_id": 3393, "stop_name": "ANNANDALE @ MASONVILLE", "wheelchair_boarding": 0 }, "geometry": { "type": "Point", "coordinates": [ -77.20199, 38.84831 ] } },
{ "type": "Feature", "properties": { "stop_id": 3394, "stop_name": "ANNANDALE @ FRANKLIN", "wheelchair_boarding": 0 }, "geometry": { "type": "Point", "coordinates": [ -77.20214, 38.84516 ] } },
{ "type": "Feature", "properties": { "stop_id": 3395, "stop_name": "ANNANDALE @ GALANIS", "wheelchair_boarding": 0 }, "geometry": { "type": "Point", "coordinates": [ -77.19966, 38.8409 ] } },
{ "type": "Feature", "properties": { "stop_id": 3396, "stop_name": "ANNANDALE @ WALTON", "wheelchair_boarding": 0 }, "geometry": { "type": "Point", "coordinates": [ -77.19911, 38.83919 ] } },
{ "type": "Feature", "properties": { "stop_id": 3397, "stop_name": "ANNANDALE @ HAMILTON", "wheelchair_boarding": 0 }, "geometry": { "type": "Point", "coordinates": [ -77.19836, 38.83686 ] } },
{ "type": "Feature", "properties": { "stop_id": 3398, "stop_name": "ANNANDALE @ MARKHAM", "wheelchair_boarding": 0 }, "geometry": { "type": "Point", "coordinates": [ -77.19747, 38.83403 ] } },
{ "type": "Feature", "properties": { "stop_id": 3399, "stop_name": "ANNANDALE @ MAPLE", "wheelchair_boarding": 0 }, "geometry": { "type": "Point", "coordinates": [ -77.19698, 38.83265 ] } },
{ "type": "Feature", "properties": { "stop_id": 3400, "stop_name": "ANNANDALE @ PINE", "wheelchair_boarding": 0 }, "geometry": { "type": "Point", "coordinates": [ -77.19662, 38.83145 ] } },
{ "type": "Feature", "properties": { "stop_id": 3401, "stop_name": "HERITAGE DR @ MCWHORTER PL", "wheelchair_boarding": 0 }, "geometry": { "type": "Point", "coordinates": [ -77.21033, 38.8299 ] } },
{ "type": "Feature", "properties": { "stop_id": 3402, "stop_name": "HERITAGE @ LITTLE RIVER", "wheelchair_boarding": 0 }, "geometry": { "type": "Point", "coordinates": [ -77.21071, 38.83217 ] } },
{ "type": "Feature", "properties": { "stop_id": 3403, "stop_name": "PATRIOT @ FOREST GLEN", "wheelchair_boarding": 0 }, "geometry": { "type": "Point", "coordinates": [ -77.21301, 38.82854 ] } },
{ "type": "Feature", "properties": { "stop_id": 3404, "stop_name": "PATRIOT @ BRIARWOOD NORTH", "wheelchair_boarding": 0 }, "geometry": { "type": "Point", "coordinates": [ -77.21567, 38.82772 ] } },
{ "type": "Feature", "properties": { "stop_id": 3405, "stop_name": "PATRIOT @ NATHAN HALE", "wheelchair_boarding": 0 }, "geometry": { "type": "Point", "coordinates": [ -77.21701, 38.82586 ] } },
{ "type": "Feature", "properties": { "stop_id": 3406, "stop_name": "PATRIOT DR @ AMERICANA DR", "wheelchair_boarding": 0 }, "geometry": { "type": "Point", "coordinates": [ -77.21923, 38.82567 ] } },
{ "type": "Feature", "properties": { "stop_id": 3407, "stop_name": "AMERICANA @ HERITAGE", "wheelchair_boarding": 0 }, "geometry": { "type": "Point", "coordinates": [ -77.21194, 38.83259 ] } },
{ "type": "Feature", "properties": { "stop_id": 3408, "stop_name": "AMERICANA @ 4233", "wheelchair_boarding": 0 }, "geometry": { "type": "Point", "coordinates": [ -77.21433, 38.83292 ] } },
{ "type": "Feature", "properties": { "stop_id": 3409, "stop_name": "AMERICANA @ 4267", "wheelchair_boarding": 0 }, "geometry": { "type": "Point", "coordinates": [ -77.21641, 38.8328 ] } },
{ "type": "Feature", "properties": { "stop_id": 3410, "stop_name": "AMERICANA @ 4301", "wheelchair_boarding": 0 }, "geometry": { "type": "Point", "coordinates": [ -77.21801, 38.8302 ] } },
{ "type": "Feature", "properties": { "stop_id": 3411, "stop_name": "AMERICANA @ INVERTON", "wheelchair_boarding": 0 }, "geometry": { "type": "Point", "coordinates": [ -77.2187, 38.82805 ] } },
{ "type": "Feature", "properties": { "stop_id": 3412, "stop_name": "DUNCAN DR @ LITTLE RIVER TURNPIKE", "wheelchair_boarding": 0 }, "geometry": { "type": "Point", "coordinates": [ -77.23123, 38.83539 ] } },
{ "type": "Feature", "properties": { "stop_id": 3413, "stop_name": "DUNCAN @ LITTLE RIVER", "wheelchair_boarding": 0 }, "geometry": { "type": "Point", "coordinates": [ -77.23104, 38.8356 ] } },
{ "type": "Feature", "properties": { "stop_id": 3414, "stop_name": "DUNCAN @ BRANCH", "wheelchair_boarding": 0 }, "geometry": { "type": "Point", "coordinates": [ -77.23069, 38.83402 ] } },
{ "type": "Feature", "properties": { "stop_id": 3415, "stop_name": "DUNCAN @ BRANCH", "wheelchair_boarding": 0 }, "geometry": { "type": "Point", "coordinates": [ -77.23058, 38.83407 ] } },
{ "type": "Feature", "properties": { "stop_id": 3416, "stop_name": "DUNCAN DR @ HOLBORN AV", "wheelchair_boarding": 0 }, "geometry": { "type": "Point", "coordinates": [ -77.22972, 38.8315 ] } },
{ "type": "Feature", "properties": { "stop_id": 3417, "stop_name": "DUNCAN DR @ HOLBORN AVE", "wheelchair_boarding": 0 }, "geometry": { "type": "Point", "coordinates": [ -77.22963, 38.83163 ] } },
{ "type": "Feature", "properties": { "stop_id": 3418, "stop_name": "DUNCAN @ MOCKINGBIRD", "wheelchair_boarding": 0 }, "geometry": { "type": "Point", "coordinates": [ -77.22871, 38.82904 ] } },
{ "type": "Feature", "properties": { "stop_id": 3419, "stop_name": "DUNCAN @ MOCKINGBIRD", "wheelchair_boarding": 0 }, "geometry": { "type": "Point", "coordinates": [ -77.22881, 38.8287 ] } },
{ "type": "Feature", "properties": { "stop_id": 3420, "stop_name": "DUNCAN @ BRIAR CREEK", "wheelchair_boarding": 0 }, "geometry": { "type": "Point", "coordinates": [ -77.22971, 38.8272 ] } },
{ "type": "Feature", "properties": { "stop_id": 3421, "stop_name": "DUNCAN @ BRIAR CREEK", "wheelchair_boarding": 0 }, "geometry": { "type": "Point", "coordinates": [ -77.22964, 38.82678 ] } },
{ "type": "Feature", "properties": { "stop_id": 3422, "stop_name": "DUNCAN @ BRIAR CREEK", "wheelchair_boarding": 0 }, "geometry": { "type": "Point", "coordinates": [ -77.22982, 38.8258 ] } },
{ "type": "Feature", "properties": { "stop_id": 3423, "stop_name": "DUNCAN @ BRIAR CREEK", "wheelchair_boarding": 0 }, "geometry": { "type": "Point", "coordinates": [ -77.22991, 38.8262 ] } },
{ "type": "Feature", "properties": { "stop_id": 3424, "stop_name": "TOLL HOUSE @ DUNCAN", "wheelchair_boarding": 0 }, "geometry": { "type": "Point", "coordinates": [ -77.23052, 38.82526 ] } },
{ "type": "Feature", "properties": { "stop_id": 3425, "stop_name": "TOLL HOUSE @ DUNCAN", "wheelchair_boarding": 0 }, "geometry": { "type": "Point", "coordinates": [ -77.23052, 38.82514 ] } },
{ "type": "Feature", "properties": { "stop_id": 3426, "stop_name": "TOLL HOUSE @ HOLBORN", "wheelchair_boarding": 0 }, "geometry": { "type": "Point", "coordinates": [ -77.23415, 38.82461 ] } },
{ "type": "Feature", "properties": { "stop_id": 3427, "stop_name": "TOLL HOUSE @ HOLBORN", "wheelchair_boarding": 0 }, "geometry": { "type": "Point", "coordinates": [ -77.23409, 38.82443 ] } },
{ "type": "Feature", "properties": { "stop_id": 3428, "stop_name": "TOLL HOUSE @ COUNTRY", "wheelchair_boarding": 0 }, "geometry": { "type": "Point", "coordinates": [ -77.2373, 38.82568 ] } },
{ "type": "Feature", "properties": { "stop_id": 3429, "stop_name": "TOLL HOUSE @ COUNTRY", "wheelchair_boarding": 0 }, "geometry": { "type": "Point", "coordinates": [ -77.23724, 38.82576 ] } },
{ "type": "Feature", "properties": { "stop_id": 3430, "stop_name": "TOLL HOUSE @ WAKEFIELD CHAPEL", "wheelchair_boarding": 0 }, "geometry": { "type": "Point", "coordinates": [ -77.23897, 38.8274 ] } },
{ "type": "Feature", "properties": { "stop_id": 3431, "stop_name": "WAKEFIELD CHAPEL @ BANFF", "wheelchair_boarding": 0 }, "geometry": { "type": "Point", "coordinates": [ -77.2394, 38.8264 ] } },
{ "type": "Feature", "properties": { "stop_id": 3432, "stop_name": "WAKEFIELD CHAPEL @ BANFF", "wheelchair_boarding": 0 }, "geometry": { "type": "Point", "coordinates": [ -77.23925, 38.82646 ] } },
{ "type": "Feature", "properties": { "stop_id": 3433, "stop_name": "WAKEFIELD CHAPEL @ GEORGIAN", "wheelchair_boarding": 0 }, "geometry": { "type": "Point", "coordinates": [ -77.23941, 38.82328 ] } },
{ "type": "Feature", "properties": { "stop_id": 3434, "stop_name": "WAKEFIELD CHAPEL @ GEORGIAN", "wheelchair_boarding": 0 }, "geometry": { "type": "Point", "coordinates": [ -77.23925, 38.82297 ] } },
{ "type": "Feature", "properties": { "stop_id": 3435, "stop_name": "WAKEFIELD CHAPEL @ BRAEBURN", "wheelchair_boarding": 0 }, "geometry": { "type": "Point", "coordinates": [ -77.23846, 38.82081 ] } },
{ "type": "Feature", "properties": { "stop_id": 3436, "stop_name": "BRAEBURN @ KING RICHARD", "wheelchair_boarding": 0 }, "geometry": { "type": "Point", "coordinates": [ -77.23848, 38.82045 ] } },
{ "type": "Feature", "properties": { "stop_id": 3437, "stop_name": "BRAEBURN @ PHILADELPHIA", "wheelchair_boarding": 0 }, "geometry": { "type": "Point", "coordinates": [ -77.240614, 38.820194 ] } },
{ "type": "Feature", "properties": { "stop_id": 3438, "stop_name": "BRAEBURN @ PHILADELPHIA", "wheelchair_boarding": 0 }, "geometry": { "type": "Point", "coordinates": [ -77.24063, 38.82009 ] } },
{ "type": "Feature", "properties": { "stop_id": 3439, "stop_name": "BRAEBURN @ FEDERAL", "wheelchair_boarding": 0 }, "geometry": { "type": "Point", "coordinates": [ -77.24306, 38.8211 ] } },
{ "type": "Feature", "properties": { "stop_id": 3440, "stop_name": "BRAEBURN @ KING CARTER", "wheelchair_boarding": 0 }, "geometry": { "type": "Point", "coordinates": [ -77.243, 38.82089 ] } },
{ "type": "Feature", "properties": { "stop_id": 3441, "stop_name": "BRAEBURN @ REGOR", "wheelchair_boarding": 0 }, "geometry": { "type": "Point", "coordinates": [ -77.24444, 38.82217 ] } },
{ "type": "Feature", "properties": { "stop_id": 3442, "stop_name": "BRAEBURN @ REGOR", "wheelchair_boarding": 0 }, "geometry": { "type": "Point", "coordinates": [ -77.24442, 38.82238 ] } },
{ "type": "Feature", "properties": { "stop_id": 3443, "stop_name": "BRAEBURN @ PONDEROSA", "wheelchair_boarding": 0 }, "geometry": { "type": "Point", "coordinates": [ -77.24522, 38.82316 ] } },
{ "type": "Feature", "properties": { "stop_id": 3444, "stop_name": "BRAEBURN @ PONTIAC", "wheelchair_boarding": 0 }, "geometry": { "type": "Point", "coordinates": [ -77.25039, 38.82271 ] } },
{ "type": "Feature", "properties": { "stop_id": 3445, "stop_name": "BRAEBURN @ SLEAFORD", "wheelchair_boarding": 0 }, "geometry": { "type": "Point", "coordinates": [ -77.25262, 38.82263 ] } },
{ "type": "Feature", "properties": { "stop_id": 3446, "stop_name": "BRAEBURN @ SLEAFORD", "wheelchair_boarding": 0 }, "geometry": { "type": "Point", "coordinates": [ -77.25307, 38.8225 ] } },
{ "type": "Feature", "properties": { "stop_id": 3447, "stop_name": "BRAEBURN @ WILLET", "wheelchair_boarding": 0 }, "geometry": { "type": "Point", "coordinates": [ -77.25519, 38.82246 ] } },
{ "type": "Feature", "properties": { "stop_id": 3448, "stop_name": "BRAEBURN @ WILLET", "wheelchair_boarding": 0 }, "geometry": { "type": "Point", "coordinates": [ -77.25549, 38.82218 ] } },
{ "type": "Feature", "properties": { "stop_id": 3449, "stop_name": "BRAEBURN @ SPRINGBROOK", "wheelchair_boarding": 0 }, "geometry": { "type": "Point", "coordinates": [ -77.256747, 38.821832 ] } },
{ "type": "Feature", "properties": { "stop_id": 3450, "stop_name": "BRAEBURN @ VALERIE", "wheelchair_boarding": 0 }, "geometry": { "type": "Point", "coordinates": [ -77.25819, 38.82212 ] } },
{ "type": "Feature", "properties": { "stop_id": 3451, "stop_name": "BRAEBURN @ VALERIE", "wheelchair_boarding": 0 }, "geometry": { "type": "Point", "coordinates": [ -77.25745, 38.82208 ] } },
{ "type": "Feature", "properties": { "stop_id": 3452, "stop_name": "BRAEBURN @ SPRINGBROOK", "wheelchair_boarding": 0 }, "geometry": { "type": "Point", "coordinates": [ -77.25647, 38.82198 ] } },
{ "type": "Feature", "properties": { "stop_id": 3453, "stop_name": "BRAEBURN DR @ GUINEA RD", "wheelchair_boarding": 0 }, "geometry": { "type": "Point", "coordinates": [ -77.26067, 38.82195 ] } },
{ "type": "Feature", "properties": { "stop_id": 3454, "stop_name": "BRAEBURN DR @ GUINEA RD", "wheelchair_boarding": 0 }, "geometry": { "type": "Point", "coordinates": [ -77.2605, 38.82171 ] } },
{ "type": "Feature", "properties": { "stop_id": 3455, "stop_name": "BRAEBURN @ SARANAC", "wheelchair_boarding": 0 }, "geometry": { "type": "Point", "coordinates": [ -77.26084, 38.82543 ] } },
{ "type": "Feature", "properties": { "stop_id": 3456, "stop_name": "BRAEBURN @ SARANAC", "wheelchair_boarding": 0 }, "geometry": { "type": "Point", "coordinates": [ -77.26105, 38.82585 ] } },
{ "type": "Feature", "properties": { "stop_id": 3457, "stop_name": "BRAEBURN @ KRISTIN", "wheelchair_boarding": 0 }, "geometry": { "type": "Point", "coordinates": [ -77.26139, 38.82695 ] } },
{ "type": "Feature", "properties": { "stop_id": 3458, "stop_name": "BRAEBURN @ HILLYER", "wheelchair_boarding": 0 }, "geometry": { "type": "Point", "coordinates": [ -77.26185, 38.82755 ] } },
{ "type": "Feature", "properties": { "stop_id": 3459, "stop_name": "BRAEBURN @ KRISTIN", "wheelchair_boarding": 0 }, "geometry": { "type": "Point", "coordinates": [ -77.26094, 38.82673 ] } },
{ "type": "Feature", "properties": { "stop_id": 3460, "stop_name": "BRAEBURN @ KILBOURNE", "wheelchair_boarding": 0 }, "geometry": { "type": "Point", "coordinates": [ -77.26411, 38.82999 ] } },
{ "type": "Feature", "properties": { "stop_id": 3461, "stop_name": "BRAEBURN @ KILBOURNE", "wheelchair_boarding": 0 }, "geometry": { "type": "Point", "coordinates": [ -77.26435, 38.82996 ] } },
{ "type": "Feature", "properties": { "stop_id": 3462, "stop_name": "BRAEBURN @ KILBOURNE", "wheelchair_boarding": 0 }, "geometry": { "type": "Point", "coordinates": [ -77.26569, 38.83104 ] } },
{ "type": "Feature", "properties": { "stop_id": 3463, "stop_name": "BRAEBURN DR @ 42226", "wheelchair_boarding": 0 }, "geometry": { "type": "Point", "coordinates": [ -77.26571, 38.83085 ] } },
{ "type": "Feature", "properties": { "stop_id": 3464, "stop_name": "BRAEBURN @ ASHMEADE", "wheelchair_boarding": 0 }, "geometry": { "type": "Point", "coordinates": [ -77.26628, 38.83311 ] } },
{ "type": "Feature", "properties": { "stop_id": 3465, "stop_name": "BRAEBURN @ ASHMEADE", "wheelchair_boarding": 0 }, "geometry": { "type": "Point", "coordinates": [ -77.26672, 38.83337 ] } },
{ "type": "Feature", "properties": { "stop_id": 3466, "stop_name": "OLLEY @ SHARI", "wheelchair_boarding": 0 }, "geometry": { "type": "Point", "coordinates": [ -77.26754, 38.83468 ] } },
{ "type": "Feature", "properties": { "stop_id": 3467, "stop_name": "OLLEY @ SHARI", "wheelchair_boarding": 0 }, "geometry": { "type": "Point", "coordinates": [ -77.26777, 38.83424 ] } },
{ "type": "Feature", "properties": { "stop_id": 3468, "stop_name": "OLLEY @ NESTER", "wheelchair_boarding": 0 }, "geometry": { "type": "Point", "coordinates": [ -77.26708, 38.83685 ] } },
{ "type": "Feature", "properties": { "stop_id": 3469, "stop_name": "OLLEY @ WEIRICH", "wheelchair_boarding": 0 }, "geometry": { "type": "Point", "coordinates": [ -77.26726, 38.83683 ] } },
{ "type": "Feature", "properties": { "stop_id": 3470, "stop_name": "OLLEY @ GOSS", "wheelchair_boarding": 0 }, "geometry": { "type": "Point", "coordinates": [ -77.26684, 38.83881 ] } },
{ "type": "Feature", "properties": { "stop_id": 3471, "stop_name": "OLLEY @ LITTLE RIVER", "wheelchair_boarding": 0 }, "geometry": { "type": "Point", "coordinates": [ -77.26644, 38.8398 ] } },
{ "type": "Feature", "properties": { "stop_id": 3472, "stop_name": "LITTLE RIVER @ TAYLOR", "wheelchair_boarding": 0 }, "geometry": { "type": "Point", "coordinates": [ -77.26231, 38.83978 ] } },
{ "type": "Feature", "properties": { "stop_id": 3473, "stop_name": "LITTLE RIVER @ ELIZABETH", "wheelchair_boarding": 0 }, "geometry": { "type": "Point", "coordinates": [ -77.25588, 38.83905 ] } },
{ "type": "Feature", "properties": { "stop_id": 3474, "stop_name": "LITTLE RIVER @ GUINEA", "wheelchair_boarding": 0 }, "geometry": { "type": "Point", "coordinates": [ -77.251586, 38.838415 ] } },
{ "type": "Feature", "properties": { "stop_id": 3475, "stop_name": "LITTLE RIVER @ WAKEFIELD", "wheelchair_boarding": 0 }, "geometry": { "type": "Point", "coordinates": [ -77.24281, 38.83723 ] } },
{ "type": "Feature", "properties": { "stop_id": 3476, "stop_name": "LITTLE RIVER @ WAKEFIELD CHAPEL", "wheelchair_boarding": 0 }, "geometry": { "type": "Point", "coordinates": [ -77.23937, 38.83681 ] } },
{ "type": "Feature", "properties": { "stop_id": 3477, "stop_name": "LITTLE RIVER @ LAKE", "wheelchair_boarding": 0 }, "geometry": { "type": "Point", "coordinates": [ -77.23492, 38.83616 ] } },
{ "type": "Feature", "properties": { "stop_id": 3478, "stop_name": "LITTLE RIVER @ DUNCAN", "wheelchair_boarding": 0 }, "geometry": { "type": "Point", "coordinates": [ -77.23147, 38.83584 ] } },
{ "type": "Feature", "properties": { "stop_id": 3479, "stop_name": "LITTLE RIVER @ PINERIDGE", "wheelchair_boarding": 0 }, "geometry": { "type": "Point", "coordinates": [ -77.22432, 38.83528 ] } },
{ "type": "Feature", "properties": { "stop_id": 3480, "stop_name": "LITTLE RIVER @ JOHN MARR", "wheelchair_boarding": 0 }, "geometry": { "type": "Point", "coordinates": [ -77.18953, 38.82924 ] } },
{ "type": "Feature", "properties": { "stop_id": 3481, "stop_name": "LITTLE RIVER @ HILLBROOK", "wheelchair_boarding": 0 }, "geometry": { "type": "Point", "coordinates": [ -77.1857, 38.82848 ] } },
{ "type": "Feature", "properties": { "stop_id": 3482, "stop_name": "LITTLE RIVER @ MORNING WIND", "wheelchair_boarding": 0 }, "geometry": { "type": "Point", "coordinates": [ -77.18121, 38.82738 ] } },
{ "type": "Feature", "properties": { "stop_id": 3483, "stop_name": "LITTLE RIVER @ LOGSDON", "wheelchair_boarding": 0 }, "geometry": { "type": "Point", "coordinates": [ -77.17923, 38.82675 ] } },
{ "type": "Feature", "properties": { "stop_id": 3484, "stop_name": "LITTLE RIVER @ CONWELL", "wheelchair_boarding": 0 }, "geometry": { "type": "Point", "coordinates": [ -77.17765, 38.82624 ] } },
{ "type": "Feature", "properties": { "stop_id": 3485, "stop_name": "LITTLE RIVER @ COLUMBIA", "wheelchair_boarding": 0 }, "geometry": { "type": "Point", "coordinates": [ -77.17453, 38.82531 ] } },
{ "type": "Feature", "properties": { "stop_id": 3486, "stop_name": "LITTLE RIVER @ WILLOW RUN", "wheelchair_boarding": 0 }, "geometry": { "type": "Point", "coordinates": [ -77.17062, 38.82434 ] } },
{ "type": "Feature", "properties": { "stop_id": 3487, "stop_name": "LITTLE RIVER @ MINOR", "wheelchair_boarding": 0 }, "geometry": { "type": "Point", "coordinates": [ -77.16655, 38.82333 ] } },
{ "type": "Feature", "properties": { "stop_id": 3488, "stop_name": "LITTLE RIVER @ OLD COLUMBIA", "wheelchair_boarding": 0 }, "geometry": { "type": "Point", "coordinates": [ -77.17318, 38.82526 ] } },
{ "type": "Feature", "properties": { "stop_id": 3489, "stop_name": "LITTLE RIVER @ PINECREST HEIGHTS", "wheelchair_boarding": 0 }, "geometry": { "type": "Point", "coordinates": [ -77.17479, 38.82564 ] } },
{ "type": "Feature", "properties": { "stop_id": 3490, "stop_name": "LITTLE RIVER TPKE @ PINECREST PKWY", "wheelchair_boarding": 0 }, "geometry": { "type": "Point", "coordinates": [ -77.176622, 38.826187 ] } },
{ "type": "Feature", "properties": { "stop_id": 3491, "stop_name": "LITTLE RIVER @ ROBERTS", "wheelchair_boarding": 0 }, "geometry": { "type": "Point", "coordinates": [ -77.17974, 38.82722 ] } },
{ "type": "Feature", "properties": { "stop_id": 3492, "stop_name": "LITTLE RIVER @ HIGH", "wheelchair_boarding": 0 }, "geometry": { "type": "Point", "coordinates": [ -77.18323, 38.82821 ] } },
{ "type": "Feature", "properties": { "stop_id": 3493, "stop_name": "LITTLE RIVER @ EVERGREEN", "wheelchair_boarding": 0 }, "geometry": { "type": "Point", "coordinates": [ -77.1848, 38.82858 ] } },
{ "type": "Feature", "properties": { "stop_id": 3494, "stop_name": "LITTLE RIVER @ JOHN MARR", "wheelchair_boarding": 0 }, "geometry": { "type": "Point", "coordinates": [ -77.1885, 38.82935 ] } },
{ "type": "Feature", "properties": { "stop_id": 3495, "stop_name": "LITTLE RIVER @ BACKLICK", "wheelchair_boarding": 0 }, "geometry": { "type": "Point", "coordinates": [ -77.19364, 38.83012 ] } },
{ "type": "Feature", "properties": { "stop_id": 3496, "stop_name": "LITTLE RIVER @ LAKE", "wheelchair_boarding": 0 }, "geometry": { "type": "Point", "coordinates": [ -77.2248, 38.8356 ] } },
{ "type": "Feature", "properties": { "stop_id": 3497, "stop_name": "LITTLE RIVER @ DUNCAN", "wheelchair_boarding": 0 }, "geometry": { "type": "Point", "coordinates": [ -77.23057, 38.83612 ] } },
{ "type": "Feature", "properties": { "stop_id": 3498, "stop_name": "LITTLE RIVER @ WAKEFIELD CHAPEL", "wheelchair_boarding": 0 }, "geometry": { "type": "Point", "coordinates": [ -77.23928, 38.83713 ] } },
{ "type": "Feature", "properties": { "stop_id": 3499, "stop_name": "LITTLE RIVER @ WAKEFIELD", "wheelchair_boarding": 0 }, "geometry": { "type": "Point", "coordinates": [ -77.24277, 38.83753 ] } },
{ "type": "Feature", "properties": { "stop_id": 3500, "stop_name": "LITTLE RIVER @ PROSPERITY", "wheelchair_boarding": 0 }, "geometry": { "type": "Point", "coordinates": [ -77.24615, 38.83798 ] } },
{ "type": "Feature", "properties": { "stop_id": 3501, "stop_name": "LITTLE RIVER @ PINELAND", "wheelchair_boarding": 0 }, "geometry": { "type": "Point", "coordinates": [ -77.2479, 38.83819 ] } },
{ "type": "Feature", "properties": { "stop_id": 3502, "stop_name": "LITTLE RIVER @ GLENBROOK", "wheelchair_boarding": 0 }, "geometry": { "type": "Point", "coordinates": [ -77.25648, 38.83942 ] } },
{ "type": "Feature", "properties": { "stop_id": 3503, "stop_name": "LITTLE RIVER @ PRINCE WILLIAM", "wheelchair_boarding": 0 }, "geometry": { "type": "Point", "coordinates": [ -77.26232, 38.84007 ] } },
{ "type": "Feature", "properties": { "stop_id": 3504, "stop_name": "IDYLWOOD @ CARTBRIDGE", "wheelchair_boarding": 0 }, "geometry": { "type": "Point", "coordinates": [ -77.20295, 38.89838 ] } },
{ "type": "Feature", "properties": { "stop_id": 3505, "stop_name": "PIMMIT @ IDYL", "wheelchair_boarding": 0 }, "geometry": { "type": "Point", "coordinates": [ -77.20598, 38.89896 ] } },
{ "type": "Feature", "properties": { "stop_id": 3506, "stop_name": "PIMMIT @ LOS PUEBLOS", "wheelchair_boarding": 0 }, "geometry": { "type": "Point", "coordinates": [ -77.20525, 38.90078 ] } },
{ "type": "Feature", "properties": { "stop_id": 3507, "stop_name": "PIMMIT @ LEESBURG", "wheelchair_boarding": 0 }, "geometry": { "type": "Point", "coordinates": [ -77.20222, 38.90295 ] } },
{ "type": "Feature", "properties": { "stop_id": 3508, "stop_name": "PIMMIT @ HOWARD", "wheelchair_boarding": 0 }, "geometry": { "type": "Point", "coordinates": [ -77.2005, 38.90324 ] } },
{ "type": "Feature", "properties": { "stop_id": 3509, "stop_name": "PIMMIT @ HOWARD", "wheelchair_boarding": 0 }, "geometry": { "type": "Point", "coordinates": [ -77.19863, 38.90469 ] } },
{ "type": "Feature", "properties": { "stop_id": 3510, "stop_name": "PIMMIT @ PAXTON", "wheelchair_boarding": 0 }, "geometry": { "type": "Point", "coordinates": [ -77.19884, 38.90638 ] } },
{ "type": "Feature", "properties": { "stop_id": 3511, "stop_name": "PIMMIT @ GRIFFITH", "wheelchair_boarding": 0 }, "geometry": { "type": "Point", "coordinates": [ -77.19786, 38.90746 ] } },
{ "type": "Feature", "properties": { "stop_id": 3512, "stop_name": "GRIFFITH @ CHERRI", "wheelchair_boarding": 0 }, "geometry": { "type": "Point", "coordinates": [ -77.19882, 38.90912 ] } },
{ "type": "Feature", "properties": { "stop_id": 3513, "stop_name": "GRIFFITH @ FRIDEN", "wheelchair_boarding": 0 }, "geometry": { "type": "Point", "coordinates": [ -77.20013, 38.91165 ] } },
{ "type": "Feature", "properties": { "stop_id": 3514, "stop_name": "GRIFFITH @ BURFOOT", "wheelchair_boarding": 0 }, "geometry": { "type": "Point", "coordinates": [ -77.20062, 38.9127 ] } },
{ "type": "Feature", "properties": { "stop_id": 3515, "stop_name": "GRIFFITH @ PEABODY", "wheelchair_boarding": 0 }, "geometry": { "type": "Point", "coordinates": [ -77.20218, 38.91437 ] } },
{ "type": "Feature", "properties": { "stop_id": 3516, "stop_name": "GRIFFITH @ STANLEY", "wheelchair_boarding": 0 }, "geometry": { "type": "Point", "coordinates": [ -77.20346, 38.91508 ] } },
{ "type": "Feature", "properties": { "stop_id": 3517, "stop_name": "GRIFFITH @ LISLE", "wheelchair_boarding": 0 }, "geometry": { "type": "Point", "coordinates": [ -77.2048, 38.91551 ] } },
{ "type": "Feature", "properties": { "stop_id": 3518, "stop_name": "LISLE @ WARE", "wheelchair_boarding": 0 }, "geometry": { "type": "Point", "coordinates": [ -77.20723, 38.91416 ] } },
{ "type": "Feature", "properties": { "stop_id": 3519, "stop_name": "LISLE @ FISHER", "wheelchair_boarding": 0 }, "geometry": { "type": "Point", "coordinates": [ -77.2112, 38.91188 ] } },
{ "type": "Feature", "properties": { "stop_id": 3520, "stop_name": "LISLE @ EDGAR", "wheelchair_boarding": 0 }, "geometry": { "type": "Point", "coordinates": [ -77.21324, 38.91027 ] } },
{ "type": "Feature", "properties": { "stop_id": 3521, "stop_name": "LISLE @ FISHER", "wheelchair_boarding": 0 }, "geometry": { "type": "Point", "coordinates": [ -77.21089, 38.91196 ] } },
{ "type": "Feature", "properties": { "stop_id": 3522, "stop_name": "LISLE @ WARE", "wheelchair_boarding": 0 }, "geometry": { "type": "Point", "coordinates": [ -77.20716, 38.91408 ] } },
{ "type": "Feature", "properties": { "stop_id": 3523, "stop_name": "LISLE @ GRIFFITH", "wheelchair_boarding": 0 }, "geometry": { "type": "Point", "coordinates": [ -77.20509, 38.91544 ] } },
{ "type": "Feature", "properties": { "stop_id": 3524, "stop_name": "GRIFFITH @ FISHER", "wheelchair_boarding": 0 }, "geometry": { "type": "Point", "coordinates": [ -77.20253, 38.91451 ] } },
{ "type": "Feature", "properties": { "stop_id": 3525, "stop_name": "GRIFFITH @ DEXTER", "wheelchair_boarding": 0 }, "geometry": { "type": "Point", "coordinates": [ -77.20012, 38.9114 ] } },
{ "type": "Feature", "properties": { "stop_id": 3526, "stop_name": "GRIFFITH @ CHERRI", "wheelchair_boarding": 0 }, "geometry": { "type": "Point", "coordinates": [ -77.19911, 38.90939 ] } },
{ "type": "Feature", "properties": { "stop_id": 3527, "stop_name": "PIMMIT @ PAXTON", "wheelchair_boarding": 0 }, "geometry": { "type": "Point", "coordinates": [ -77.19895, 38.90651 ] } },
{ "type": "Feature", "properties": { "stop_id": 3528, "stop_name": "PIMMIT @ HOWARD", "wheelchair_boarding": 0 }, "geometry": { "type": "Point", "coordinates": [ -77.19875, 38.9048 ] } },
{ "type": "Feature", "properties": { "stop_id": 3529, "stop_name": "PIMMIT @ HOWARD", "wheelchair_boarding": 0 }, "geometry": { "type": "Point", "coordinates": [ -77.20029, 38.90339 ] } },
{ "type": "Feature", "properties": { "stop_id": 3530, "stop_name": "PIMMIT @ LEESBURG", "wheelchair_boarding": 0 }, "geometry": { "type": "Point", "coordinates": [ -77.20249, 38.90296 ] } },
{ "type": "Feature", "properties": { "stop_id": 3531, "stop_name": "PIMMIT @ MATERA", "wheelchair_boarding": 0 }, "geometry": { "type": "Point", "coordinates": [ -77.20488, 38.90157 ] } },
{ "type": "Feature", "properties": { "stop_id": 3532, "stop_name": "PIMMIT @ LOS PUEBLOS", "wheelchair_boarding": 0 }, "geometry": { "type": "Point", "coordinates": [ -77.2056, 38.90033 ] } },
{ "type": "Feature", "properties": { "stop_id": 3533, "stop_name": "PIMMIT @ IDYL", "wheelchair_boarding": 0 }, "geometry": { "type": "Point", "coordinates": [ -77.20617, 38.89895 ] } },
{ "type": "Feature", "properties": { "stop_id": 3534, "stop_name": "IDYL @ IDYLWOOD", "wheelchair_boarding": 0 }, "geometry": { "type": "Point", "coordinates": [ -77.20664, 38.89695 ] } },
{ "type": "Feature", "properties": { "stop_id": 3535, "stop_name": "IDYLWOOD @ BARBOUR", "wheelchair_boarding": 0 }, "geometry": { "type": "Point", "coordinates": [ -77.20283, 38.89826 ] } },
{ "type": "Feature", "properties": { "stop_id": 3536, "stop_name": "IDYLWOOD @ TIMBEROCK", "wheelchair_boarding": 0 }, "geometry": { "type": "Point", "coordinates": [ -77.20118, 38.89927 ] } },
{ "type": "Feature", "properties": { "stop_id": 3537, "stop_name": "ANDERSON @ AMBERGATE", "wheelchair_boarding": 0 }, "geometry": { "type": "Point", "coordinates": [ -77.203533, 38.92548 ] } },
{ "type": "Feature", "properties": { "stop_id": 3538, "stop_name": "ANDERSON @ COLSHIRE", "wheelchair_boarding": 0 }, "geometry": { "type": "Point", "coordinates": [ -77.201311, 38.924161 ] } },
{ "type": "Feature", "properties": { "stop_id": 3539, "stop_name": "ANDERSON @ DARTFORD", "wheelchair_boarding": 0 }, "geometry": { "type": "Point", "coordinates": [ -77.200646, 38.921844 ] } },
{ "type": "Feature", "properties": { "stop_id": 3540, "stop_name": "MAGARITY @ ANDERSON", "wheelchair_boarding": 0 }, "geometry": { "type": "Point", "coordinates": [ -77.200524, 38.921071 ] } },
{ "type": "Feature", "properties": { "stop_id": 3541, "stop_name": "MAGARITY RD @ TREMAYNE PL", "wheelchair_boarding": 0 }, "geometry": { "type": "Point", "coordinates": [ -77.205763, 38.918032 ] } },
{ "type": "Feature", "properties": { "stop_id": 3542, "stop_name": "MAGARITY RD @ CHERRI DR", "wheelchair_boarding": 0 }, "geometry": { "type": "Point", "coordinates": [ -77.209046, 38.91602 ] } },
{ "type": "Feature", "properties": { "stop_id": 3543, "stop_name": "MAGARITY @ KENNEDY", "wheelchair_boarding": 0 }, "geometry": { "type": "Point", "coordinates": [ -77.212601, 38.913914 ] } },
{ "type": "Feature", "properties": { "stop_id": 3544, "stop_name": "MAGARITY @ FISHER", "wheelchair_boarding": 0 }, "geometry": { "type": "Point", "coordinates": [ -77.214345, 38.911345 ] } },
{ "type": "Feature", "properties": { "stop_id": 3545, "stop_name": "MAGARITY @ LUNCEFORD", "wheelchair_boarding": 0 }, "geometry": { "type": "Point", "coordinates": [ -77.212591, 38.913694 ] } },
{ "type": "Feature", "properties": { "stop_id": 3546, "stop_name": "MAGARITY RD @ WARE RD", "wheelchair_boarding": 0 }, "geometry": { "type": "Point", "coordinates": [ -77.210054, 38.91524 ] } },
{ "type": "Feature", "properties": { "stop_id": 3547, "stop_name": "MAGARITY RD @ CHERRI DR", "wheelchair_boarding": 0 }, "geometry": { "type": "Point", "coordinates": [ -77.209067, 38.915902 ] } },
{ "type": "Feature", "properties": { "stop_id": 3548, "stop_name": "MAGARITY RD @ GRIFFITH RD", "wheelchair_boarding": 0 }, "geometry": { "type": "Point", "coordinates": [ -77.206476, 38.91742 ] } },
{ "type": "Feature", "properties": { "stop_id": 3549, "stop_name": "MAGARITY @ PEABODY", "wheelchair_boarding": 0 }, "geometry": { "type": "Point", "coordinates": [ -77.204055, 38.918866 ] } },
{ "type": "Feature", "properties": { "stop_id": 3550, "stop_name": "MAGARITY @ TILLMAN", "wheelchair_boarding": 0 }, "geometry": { "type": "Point", "coordinates": [ -77.200581, 38.920868 ] } },
{ "type": "Feature", "properties": { "stop_id": 3551, "stop_name": "ANDERSON @ DARTFORD", "wheelchair_boarding": 0 }, "geometry": { "type": "Point", "coordinates": [ -77.200528, 38.921946 ] } },
{ "type": "Feature", "properties": { "stop_id": 3552, "stop_name": "ANDERSON @ COLSHIRE", "wheelchair_boarding": 0 }, "geometry": { "type": "Point", "coordinates": [ -77.201424, 38.924449 ] } },
{ "type": "Feature", "properties": { "stop_id": 3553, "stop_name": "CHAIN BRIDGE @ EMERSON", "wheelchair_boarding": 0 }, "geometry": { "type": "Point", "coordinates": [ -77.178049, 38.93332 ] } },
{ "type": "Feature", "properties": { "stop_id": 3554, "stop_name": "CHAIN BRIDGE @ BRAWNER", "wheelchair_boarding": 0 }, "geometry": { "type": "Point", "coordinates": [ -77.17578, 38.93592 ] } },
{ "type": "Feature", "properties": { "stop_id": 3555, "stop_name": "CHAIN BRIDGE @ NOLTE", "wheelchair_boarding": 0 }, "geometry": { "type": "Point", "coordinates": [ -77.17504, 38.93859 ] } },
{ "type": "Feature", "properties": { "stop_id": 3556, "stop_name": "CHAIN BRIDGE RD @ DOLLY MADISON BLV", "wheelchair_boarding": 0 }, "geometry": { "type": "Point", "coordinates": [ -77.17479, 38.93979 ] } },
{ "type": "Feature", "properties": { "stop_id": 3557, "stop_name": "CHAIN BRIDGE @ NOLTE", "wheelchair_boarding": 0 }, "geometry": { "type": "Point", "coordinates": [ -77.17537, 38.93823 ] } },
{ "type": "Feature", "properties": { "stop_id": 3558, "stop_name": "CHAIN BRIDGE @ BRAWNER", "wheelchair_boarding": 0 }, "geometry": { "type": "Point", "coordinates": [ -77.17598, 38.93601 ] } },
{ "type": "Feature", "properties": { "stop_id": 3559, "stop_name": "CHAIN BRIDGE @ CORNER", "wheelchair_boarding": 0 }, "geometry": { "type": "Point", "coordinates": [ -77.17692, 38.93457 ] } },
{ "type": "Feature", "properties": { "stop_id": 3560, "stop_name": "ANNANDALE @ GALLOWS", "wheelchair_boarding": 0 }, "geometry": { "type": "Point", "coordinates": [ -77.199644, 38.841483 ] } },
{ "type": "Feature", "properties": { "stop_id": 3561, "stop_name": "ANNANDALE @ JEFFERSON", "wheelchair_boarding": 0 }, "geometry": { "type": "Point", "coordinates": [ -77.17446, 38.871683 ] } },
{ "type": "Feature", "properties": { "stop_id": 3562, "stop_name": "ANNANDALE @ LITTLE RIVER", "wheelchair_boarding": 0 }, "geometry": { "type": "Point", "coordinates": [ -77.196379, 38.831312 ] } },
{ "type": "Feature", "properties": { "stop_id": 3563, "stop_name": "IDYLWOOD @ MCLEAN PARK", "wheelchair_boarding": 0 }, "geometry": { "type": "Point", "coordinates": [ -77.20116, 38.89954 ] } },
{ "type": "Feature", "properties": { "stop_id": 3564, "stop_name": "GRIFFITH @ BURFOOT", "wheelchair_boarding": 0 }, "geometry": { "type": "Point", "coordinates": [ -77.200665, 38.912502 ] } },
{ "type": "Feature", "properties": { "stop_id": 3566, "stop_name": "LEE RD @ AEROSPACE", "wheelchair_boarding": 0 }, "geometry": { "type": "Point", "coordinates": [ -77.452575, 38.877857 ] } },
{ "type": "Feature", "properties": { "stop_id": 3567, "stop_name": "EAST FALLS CHURCH METRO BAY C", "wheelchair_boarding": 0 }, "geometry": { "type": "Point", "coordinates": [ -77.157164, 38.886602 ] } },
{ "type": "Feature", "properties": { "stop_id": 3571, "stop_name": "WASHINGTON ST @ JEFFERSON ST", "wheelchair_boarding": 0 }, "geometry": { "type": "Point", "coordinates": [ -77.164965, 38.885605 ] } },
{ "type": "Feature", "properties": { "stop_id": 3572, "stop_name": "WASHINGTON ST @ COLUMBIA ST", "wheelchair_boarding": 0 }, "geometry": { "type": "Point", "coordinates": [ -77.16634, 38.885092 ] } },
{ "type": "Feature", "properties": { "stop_id": 3573, "stop_name": "WASHINGTON ST @ GREAT FALLS ST", "wheelchair_boarding": 0 }, "geometry": { "type": "Point", "coordinates": [ -77.168882, 38.883947 ] } },
{ "type": "Feature", "properties": { "stop_id": 3574, "stop_name": "WASHINGTON ST @ PARK AVE", "wheelchair_boarding": 0 }, "geometry": { "type": "Point", "coordinates": [ -77.169979, 38.8832 ] } },
{ "type": "Feature", "properties": { "stop_id": 3575, "stop_name": "WASHINGTON ST @ BROAD ST", "wheelchair_boarding": 0 }, "geometry": { "type": "Point", "coordinates": [ -77.17145, 38.882071 ] } },
{ "type": "Feature", "properties": { "stop_id": 3576, "stop_name": "ANNANDALE RD & HILLWOOD RD", "wheelchair_boarding": 0 }, "geometry": { "type": "Point", "coordinates": [ -77.173313, 38.879024 ] } },
{ "type": "Feature", "properties": { "stop_id": 3577, "stop_name": "ANNANDALE RD @ GOUTHIER RD", "wheelchair_boarding": 0 }, "geometry": { "type": "Point", "coordinates": [ -77.176355, 38.864186 ] } },
{ "type": "Feature", "properties": { "stop_id": 3578, "stop_name": "ANNANDALE RD @ WAYNE DR", "wheelchair_boarding": 0 }, "geometry": { "type": "Point", "coordinates": [ -77.200634, 38.843224 ] } },
{ "type": "Feature", "properties": { "stop_id": 3579, "stop_name": "ANNANDALE RD @ HILLWOOD RD", "wheelchair_boarding": 0 }, "geometry": { "type": "Point", "coordinates": [ -77.173161, 38.879229 ] } },
{ "type": "Feature", "properties": { "stop_id": 3580, "stop_name": "WASHINGTON ST @ BROAD ST", "wheelchair_boarding": 0 }, "geometry": { "type": "Point", "coordinates": [ -77.171194, 38.882035 ] } },
{ "type": "Feature", "properties": { "stop_id": 3581, "stop_name": "WASHINGTON ST @ PARK AVE", "wheelchair_boarding": 0 }, "geometry": { "type": "Point", "coordinates": [ -77.169816, 38.883173 ] } },
{ "type": "Feature", "properties": { "stop_id": 3582, "stop_name": "WASHINGTON ST @ GREAT FALLS ST", "wheelchair_boarding": 0 }, "geometry": { "type": "Point", "coordinates": [ -77.168404, 38.884133 ] } },
{ "type": "Feature", "properties": { "stop_id": 3583, "stop_name": "WASHINGTON ST @ COLUMBIA ST", "wheelchair_boarding": 0 }, "geometry": { "type": "Point", "coordinates": [ -77.166597, 38.884896 ] } },
{ "type": "Feature", "properties": { "stop_id": 3597, "stop_name": "CHAIN BRIDGE RE @ DOLLY MADISON BOUL", "wheelchair_boarding": 0 }, "geometry": { "type": "Point", "coordinates": [ -77.174786, 38.939868 ] } },
{ "type": "Feature", "properties": { "stop_id": 3604, "stop_name": "EAST FALLS CHURCH METRO STATION BAY B", "wheelchair_boarding": 0 }, "geometry": { "type": "Point", "coordinates": [ -77.157324, 38.887227 ] } },
{ "type": "Feature", "properties": { "stop_id": 3605, "stop_name": "GRIFFITH RD @ PIMMIT RD", "wheelchair_boarding": 0 }, "geometry": { "type": "Point", "coordinates": [ -77.197959, 38.907608 ] } },
{ "type": "Feature", "properties": { "stop_id": 3606, "stop_name": "IDYL LANE & IDLYWOOD RD", "wheelchair_boarding": 0 }, "geometry": { "type": "Point", "coordinates": [ -77.206439, 38.896939 ] } },
{ "type": "Feature", "properties": { "stop_id": 3607, "stop_name": "ANDERSON RD @ CHAIN BRIDGE RD", "wheelchair_boarding": 0 }, "geometry": { "type": "Point", "coordinates": [ -77.204337, 38.925824 ] } },
{ "type": "Feature", "properties": { "stop_id": 3608, "stop_name": "NVCC ON LAKE DR", "wheelchair_boarding": 0 }, "geometry": { "type": "Point", "coordinates": [ -77.237258, 38.835336 ] } },
{ "type": "Feature", "properties": { "stop_id": 3609, "stop_name": "BRAEBURN DR @ PONTIAC DR", "wheelchair_boarding": 0 }, "geometry": { "type": "Point", "coordinates": [ -77.25016, 38.822933 ] } },
{ "type": "Feature", "properties": { "stop_id": 3610, "stop_name": "LITTLE RIVER TURNPIKE @ IVA LANE", "wheelchair_boarding": 0 }, "geometry": { "type": "Point", "coordinates": [ -77.247541, 38.837863 ] } },
{ "type": "Feature", "properties": { "stop_id": 3611, "stop_name": "LITTLE RIVER TURNPIKE @ GUINEA RD", "wheelchair_boarding": 0 }, "geometry": { "type": "Point", "coordinates": [ -77.251841, 38.838737 ] } },
{ "type": "Feature", "properties": { "stop_id": 3612, "stop_name": "BRAEBURN DR @ PONDEROSA DR", "wheelchair_boarding": 0 }, "geometry": { "type": "Point", "coordinates": [ -77.245705, 38.823415 ] } },
{ "type": "Feature", "properties": { "stop_id": 3614, "stop_name": "PARK ST @ PATRICK STREET", "wheelchair_boarding": 0 }, "geometry": { "type": "Point", "coordinates": [ -77.24372, 38.888694 ] } },
{ "type": "Feature", "properties": { "stop_id": 3615, "stop_name": "STRINGFELLOW RD @ CENTREVILLE FARMS RD", "wheelchair_boarding": 1 }, "geometry": { "type": "Point", "coordinates": [ -77.402154, 38.848353 ] } },
{ "type": "Feature", "properties": { "stop_id": 3618, "stop_name": "LAKE NEWPORT RD @ RESTON PKWY", "wheelchair_boarding": 0 }, "geometry": { "type": "Point", "coordinates": [ -77.350599, 38.977615 ] } },
{ "type": "Feature", "properties": { "stop_id": 3619, "stop_name": "ANNANDALE RD @ BEECHTREE DR", "wheelchair_boarding": 0 }, "geometry": { "type": "Point", "coordinates": [ -77.179814, 38.857708 ] } },
{ "type": "Feature", "properties": { "stop_id": 3620, "stop_name": "ANNANDALE RD & KENFIG DR", "wheelchair_boarding": 0 }, "geometry": { "type": "Point", "coordinates": [ -77.17879, 38.860587 ] } },
{ "type": "Feature", "properties": { "stop_id": 3621, "stop_name": "ANNANDALE RD @ DAUPHINE DR", "wheelchair_boarding": 0 }, "geometry": { "type": "Point", "coordinates": [ -77.191399, 38.854872 ] } },
{ "type": "Feature", "properties": { "stop_id": 3622, "stop_name": "ANNANDALE RD @ JAMES LEE ST", "wheelchair_boarding": 0 }, "geometry": { "type": "Point", "coordinates": [ -77.174403, 38.874432 ] } },
{ "type": "Feature", "properties": { "stop_id": 3623, "stop_name": "13874 PARK CENTER DR", "wheelchair_boarding": 0 }, "geometry": { "type": "Point", "coordinates": [ -77.427425, 38.934395 ] } },
{ "type": "Feature", "properties": { "stop_id": 3624, "stop_name": "13912 PARK CENTER RD", "wheelchair_boarding": 0 }, "geometry": { "type": "Point", "coordinates": [ -77.427516, 38.936911 ] } },
{ "type": "Feature", "properties": { "stop_id": 3625, "stop_name": "14040 PARK CENTER RD", "wheelchair_boarding": 0 }, "geometry": { "type": "Point", "coordinates": [ -77.427677, 38.940203 ] } },
{ "type": "Feature", "properties": { "stop_id": 3626, "stop_name": "BRADBURN DR @ HILYER ST", "wheelchair_boarding": 0 }, "geometry": { "type": "Point", "coordinates": [ -77.262178, 38.827657 ] } },
{ "type": "Feature", "properties": { "stop_id": 3627, "stop_name": "MAGARITY RD & PEABODY DR", "wheelchair_boarding": 0 }, "geometry": { "type": "Point", "coordinates": [ -77.203769, 38.919176 ] } },
{ "type": "Feature", "properties": { "stop_id": 3628, "stop_name": "MAGERITY RD @ ENOLA ST", "wheelchair_boarding": 0 }, "geometry": { "type": "Point", "coordinates": [ -77.214157, 38.91199 ] } },
{ "type": "Feature", "properties": { "stop_id": 3637, "stop_name": "OPP 8520 CINDER BED RD", "wheelchair_boarding": 0 }, "geometry": { "type": "Point", "coordinates": [ -77.188842, 38.726684 ] } },
{ "type": "Feature", "properties": { "stop_id": 3639, "stop_name": "HERNDON METRO STATION PASSENGER DRO", "wheelchair_boarding": 0 }, "geometry": { "type": "Point", "coordinates": [ -77.384202, 38.951639 ] } },
{ "type": "Feature", "properties": { "stop_id": 3640, "stop_name": "WIEHLE METRO BAY B", "wheelchair_boarding": 0 }, "geometry": { "type": "Point", "coordinates": [ -77.338672, 38.948616 ] } },
{ "type": "Feature", "properties": { "stop_id": 3641, "stop_name": "RESTON TOWN CENTER METRO S BAY C", "wheelchair_boarding": 0 }, "geometry": { "type": "Point", "coordinates": [ -77.361141, 38.952055 ] } },
{ "type": "Feature", "properties": { "stop_id": 3642, "stop_name": "CENTREVILLE RD @ LEES CORNER RD", "wheelchair_boarding": 0 }, "geometry": { "type": "Point", "coordinates": [ -77.421613, 38.911007 ] } },
{ "type": "Feature", "properties": { "stop_id": 3643, "stop_name": "ELDON ST @ PEACHTREE ST", "wheelchair_boarding": 0 }, "geometry": { "type": "Point", "coordinates": [ -77.391597, 38.9694 ] } },
{ "type": "Feature", "properties": { "stop_id": 3644, "stop_name": "INNOVATION METRO BAY A", "wheelchair_boarding": 0 }, "geometry": { "type": "Point", "coordinates": [ -77.417142, 38.960005 ] } },
{ "type": "Feature", "properties": { "stop_id": 3645, "stop_name": "EDS DR @ MCLEAREN RD", "wheelchair_boarding": 0 }, "geometry": { "type": "Point", "coordinates": [ -77.42466, 38.927764 ] } },
{ "type": "Feature", "properties": { "stop_id": 3646, "stop_name": "EDS DRIVE @ LINCOLN PARK DR", "wheelchair_boarding": 0 }, "geometry": { "type": "Point", "coordinates": [ -77.425826, 38.925481 ] } },
{ "type": "Feature", "properties": { "stop_id": 3647, "stop_name": "EDS DRIVE 3 @ EDS PLACE", "wheelchair_boarding": 0 }, "geometry": { "type": "Point", "coordinates": [ -77.423231, 38.924007 ] } },
{ "type": "Feature", "properties": { "stop_id": 3648, "stop_name": "CENTREVILLE RD @ WALL RD", "wheelchair_boarding": 0 }, "geometry": { "type": "Point", "coordinates": [ -77.420095, 38.91577 ] } },
{ "type": "Feature", "properties": { "stop_id": 3649, "stop_name": "CENTREVIEW DR @ CENTREVILLE RD", "wheelchair_boarding": 0 }, "geometry": { "type": "Point", "coordinates": [ -77.423876, 38.904923 ] } },
{ "type": "Feature", "properties": { "stop_id": 3650, "stop_name": "CENTREVIEW DR @ SKYHAWK DR", "wheelchair_boarding": 0 }, "geometry": { "type": "Point", "coordinates": [ -77.428617, 38.90009 ] } },
{ "type": "Feature", "properties": { "stop_id": 3651, "stop_name": "CENTREVIEW DR @ THUNDERBOLT DR", "wheelchair_boarding": 0 }, "geometry": { "type": "Point", "coordinates": [ -77.432717, 38.896514 ] } },
{ "type": "Feature", "properties": { "stop_id": 3652, "stop_name": "LEE RD @ CHANTILLY CROSSING LA", "wheelchair_boarding": 1 }, "geometry": { "type": "Point", "coordinates": [ -77.44717, 38.898277 ] } },
{ "type": "Feature", "properties": { "stop_id": 3653, "stop_name": "LEE RD @ PENROSE PL", "wheelchair_boarding": 1 }, "geometry": { "type": "Point", "coordinates": [ -77.449337, 38.893442 ] } },
{ "type": "Feature", "properties": { "stop_id": 3654, "stop_name": "LEE RD @ WILLARD RD", "wheelchair_boarding": 0 }, "geometry": { "type": "Point", "coordinates": [ -77.451982, 38.888107 ] } },
{ "type": "Feature", "properties": { "stop_id": 3655, "stop_name": "LEE RD @ CONFERENCE CENTER DR", "wheelchair_boarding": 0 }, "geometry": { "type": "Point", "coordinates": [ -77.453927, 38.883647 ] } },
{ "type": "Feature", "properties": { "stop_id": 3656, "stop_name": "LEE RD @ STONECROFT BLVD.", "wheelchair_boarding": 0 }, "geometry": { "type": "Point", "coordinates": [ -77.452987, 38.877883 ] } },
{ "type": "Feature", "properties": { "stop_id": 3657, "stop_name": "WESTFIELDS BLVD @ BRADDOCK RIDGE DR", "wheelchair_boarding": 0 }, "geometry": { "type": "Point", "coordinates": [ -77.450391, 38.857941 ] } },
{ "type": "Feature", "properties": { "stop_id": 3658, "stop_name": "STONE RD @ JENN COOURT", "wheelchair_boarding": 0 }, "geometry": { "type": "Point", "coordinates": [ -77.4513, 38.853472 ] } },
{ "type": "Feature", "properties": { "stop_id": 3659, "stop_name": "STONE RD @ BILLINGSGATE LN (SOUTH)", "wheelchair_boarding": 0 }, "geometry": { "type": "Point", "coordinates": [ -77.455202, 38.840991 ] } },
{ "type": "Feature", "properties": { "stop_id": 3660, "stop_name": "ST GERMAIN DR @ MACHEN RD", "wheelchair_boarding": 0 }, "geometry": { "type": "Point", "coordinates": [ -77.441052, 38.837105 ] } },
{ "type": "Feature", "properties": { "stop_id": 3661, "stop_name": "ST GERMAN DR @ STRASBURG DR", "wheelchair_boarding": 0 }, "geometry": { "type": "Point", "coordinates": [ -77.443622, 38.837499 ] } },
{ "type": "Feature", "properties": { "stop_id": 3662, "stop_name": "ST GERMAIN @ GOLDEN OAK DR", "wheelchair_boarding": 0 }, "geometry": { "type": "Point", "coordinates": [ -77.448519, 38.834904 ] } },
{ "type": "Feature", "properties": { "stop_id": 3663, "stop_name": "FIELD ENCAMPMENT RD @ ST GERMAIN DR", "wheelchair_boarding": 0 }, "geometry": { "type": "Point", "coordinates": [ -77.450474, 38.83213 ] } },
{ "type": "Feature", "properties": { "stop_id": 3664, "stop_name": "FIELD ENCAMPMENT RD @ DRILL FIELD CT", "wheelchair_boarding": 0 }, "geometry": { "type": "Point", "coordinates": [ -77.448056, 38.830372 ] } },
{ "type": "Feature", "properties": { "stop_id": 3665, "stop_name": "FIELD ENCAMPMENT RD @ UNIFORM DR", "wheelchair_boarding": 0 }, "geometry": { "type": "Point", "coordinates": [ -77.44579, 38.828515 ] } },
{ "type": "Feature", "properties": { "stop_id": 3666, "stop_name": "FIELD ENCAMPMENT RD @ SILO VALLEY", "wheelchair_boarding": 0 }, "geometry": { "type": "Point", "coordinates": [ -77.442186, 38.828371 ] } },
{ "type": "Feature", "properties": { "stop_id": 3667, "stop_name": "CENTREVIEW DR & RT 50", "wheelchair_boarding": 0 }, "geometry": { "type": "Point", "coordinates": [ -77.432565, 38.89646 ] } },
{ "type": "Feature", "properties": { "stop_id": 3668, "stop_name": "CENTREVIEW DR @ SKYHAWK DR", "wheelchair_boarding": 0 }, "geometry": { "type": "Point", "coordinates": [ -77.428664, 38.899795 ] } },
{ "type": "Feature", "properties": { "stop_id": 3669, "stop_name": "CENTREVILLE RD @ FRANKLIN FARM RD", "wheelchair_boarding": 0 }, "geometry": { "type": "Point", "coordinates": [ -77.420703, 38.913273 ] } },
{ "type": "Feature", "properties": { "stop_id": 3670, "stop_name": "SL CENTREVILLE RD AT KINROSS", "wheelchair_boarding": 0 }, "geometry": { "type": "Point", "coordinates": [ -77.419244, 38.917492 ] } },
{ "type": "Feature", "properties": { "stop_id": 3671, "stop_name": "MONROE ST @ DAKOTA LAKES DR", "wheelchair_boarding": 0 }, "geometry": { "type": "Point", "coordinates": [ -77.394265, 38.94202 ] } },
{ "type": "Feature", "properties": { "stop_id": 3672, "stop_name": "MONROE ST @ MONROE MANOR DR", "wheelchair_boarding": 0 }, "geometry": { "type": "Point", "coordinates": [ -77.395505, 38.937542 ] } },
{ "type": "Feature", "properties": { "stop_id": 3673, "stop_name": "MONROE ST @ PADDOCK GATE CT", "wheelchair_boarding": 0 }, "geometry": { "type": "Point", "coordinates": [ -77.402497, 38.933541 ] } },
{ "type": "Feature", "properties": { "stop_id": 3674, "stop_name": "WEST OX RD @ MIDDLETON FARMS LANE", "wheelchair_boarding": 0 }, "geometry": { "type": "Point", "coordinates": [ -77.403245, 38.93091 ] } },
{ "type": "Feature", "properties": { "stop_id": 3675, "stop_name": "WEST OX RD @ NEW PARKLAND DR", "wheelchair_boarding": 0 }, "geometry": { "type": "Point", "coordinates": [ -77.401897, 38.92817 ] } },
{ "type": "Feature", "properties": { "stop_id": 3676, "stop_name": "WEST OX RD @ EMERALD CHASE DR", "wheelchair_boarding": 0 }, "geometry": { "type": "Point", "coordinates": [ -77.398737, 38.922743 ] } },
{ "type": "Feature", "properties": { "stop_id": 3677, "stop_name": "WEST OX RD @ PENDERBROOK DR", "wheelchair_boarding": 1 }, "geometry": { "type": "Point", "coordinates": [ -77.36729, 38.874279 ] } },
{ "type": "Feature", "properties": { "stop_id": 3678, "stop_name": "WEST OX RD @ MARE'S NECK LN", "wheelchair_boarding": 0 }, "geometry": { "type": "Point", "coordinates": [ -77.400782, 38.926411 ] } },
{ "type": "Feature", "properties": { "stop_id": 3679, "stop_name": "MONROE ST @ MEADOW HALL DR", "wheelchair_boarding": 0 }, "geometry": { "type": "Point", "coordinates": [ -77.402683, 38.933265 ] } },
{ "type": "Feature", "properties": { "stop_id": 3680, "stop_name": "MONROE ST @ MONROE MANOR DR", "wheelchair_boarding": 0 }, "geometry": { "type": "Point", "coordinates": [ -77.395622, 38.937302 ] } },
{ "type": "Feature", "properties": { "stop_id": 3681, "stop_name": "MONROE ST @ DAKOTA LAKES DR", "wheelchair_boarding": 0 }, "geometry": { "type": "Point", "coordinates": [ -77.394219, 38.941646 ] } },
{ "type": "Feature", "properties": { "stop_id": 3682, "stop_name": "CRESTVIEW DR @ MISTYVALE ST", "wheelchair_boarding": 0 }, "geometry": { "type": "Point", "coordinates": [ -77.398773, 38.979523 ] } },
{ "type": "Feature", "properties": { "stop_id": 3683, "stop_name": "CRESTVIEW DR @ ELDRIDGE LN", "wheelchair_boarding": 0 }, "geometry": { "type": "Point", "coordinates": [ -77.397405, 38.983707 ] } },
{ "type": "Feature", "properties": { "stop_id": 3684, "stop_name": "CRESTVIEW DR @ BUILDERS RD", "wheelchair_boarding": 0 }, "geometry": { "type": "Point", "coordinates": [ -77.396983, 38.985446 ] } },
{ "type": "Feature", "properties": { "stop_id": 3685, "stop_name": "FOREST RIDGE DR @ CRESVIEW DR", "wheelchair_boarding": 0 }, "geometry": { "type": "Point", "coordinates": [ -77.396267, 38.989149 ] } },
{ "type": "Feature", "properties": { "stop_id": 3686, "stop_name": "CRESTVIEW DR @ MISTYVALE ST", "wheelchair_boarding": 0 }, "geometry": { "type": "Point", "coordinates": [ -77.398924, 38.979586 ] } },
{ "type": "Feature", "properties": { "stop_id": 3687, "stop_name": "RESTON TOWN CENTER METRO BAY L", "wheelchair_boarding": 0 }, "geometry": { "type": "Point", "coordinates": [ -77.360765, 38.953732 ] } },
{ "type": "Feature", "properties": { "stop_id": 3688, "stop_name": "ENTERPRISE ST @ STERLING PLAZA", "wheelchair_boarding": 0 }, "geometry": { "type": "Point", "coordinates": [ -77.407465, 38.996571 ] } },
{ "type": "Feature", "properties": { "stop_id": 3689, "stop_name": "CRESTVIEW DR @ FOREST RIDGE DR", "wheelchair_boarding": 0 }, "geometry": { "type": "Point", "coordinates": [ -77.396279, 38.989015 ] } },
{ "type": "Feature", "properties": { "stop_id": 3690, "stop_name": "CRESTVEW DR @ BUILDERS RD", "wheelchair_boarding": 0 }, "geometry": { "type": "Point", "coordinates": [ -77.397099, 38.985732 ] } },
{ "type": "Feature", "properties": { "stop_id": 3695, "stop_name": "FOX MILL RD @ COLTS BROOK DR", "wheelchair_boarding": 0 }, "geometry": { "type": "Point", "coordinates": [ -77.390933, 38.94357 ] } },
{ "type": "Feature", "properties": { "stop_id": 3696, "stop_name": "FOX MILL RD @ COLTS BROOK DR", "wheelchair_boarding": 0 }, "geometry": { "type": "Point", "coordinates": [ -77.390443, 38.943597 ] } },
{ "type": "Feature", "properties": { "stop_id": 3697, "stop_name": "FOX MILL RD & MILL HEIGHTS DR", "wheelchair_boarding": 0 }, "geometry": { "type": "Point", "coordinates": [ -77.386185, 38.941015 ] } },
{ "type": "Feature", "properties": { "stop_id": 3698, "stop_name": "FOX MILL RD @ MILL HEIGHTS DR", "wheelchair_boarding": 0 }, "geometry": { "type": "Point", "coordinates": [ -77.386581, 38.941086 ] } },
{ "type": "Feature", "properties": { "stop_id": 3699, "stop_name": "FORTNIGHTLY BOUL @ BRANCH AV", "wheelchair_boarding": 0 }, "geometry": { "type": "Point", "coordinates": [ -77.387213, 38.972332 ] } },
{ "type": "Feature", "properties": { "stop_id": 3700, "stop_name": "HARBOR HOUSE OPP", "wheelchair_boarding": 0 }, "geometry": { "type": "Point", "coordinates": [ -77.388644, 38.973877 ] } },
{ "type": "Feature", "properties": { "stop_id": 3701, "stop_name": "FERNDALE AVE @ PARK ST", "wheelchair_boarding": 0 }, "geometry": { "type": "Point", "coordinates": [ -77.391541, 38.976565 ] } },
{ "type": "Feature", "properties": { "stop_id": 3702, "stop_name": "FERNDALE AVE @ VINE ST", "wheelchair_boarding": 0 }, "geometry": { "type": "Point", "coordinates": [ -77.394648, 38.97042 ] } },
{ "type": "Feature", "properties": { "stop_id": 3703, "stop_name": "FERNDALE AVE & VINE ST", "wheelchair_boarding": 0 }, "geometry": { "type": "Point", "coordinates": [ -77.39445, 38.970286 ] } },
{ "type": "Feature", "properties": { "stop_id": 3704, "stop_name": "FERNDALE AVE @ PARK AVE", "wheelchair_boarding": 0 }, "geometry": { "type": "Point", "coordinates": [ -77.391343, 38.97652 ] } },
{ "type": "Feature", "properties": { "stop_id": 3705, "stop_name": "FERNDALE AV @ HERNDON PKWY", "wheelchair_boarding": 0 }, "geometry": { "type": "Point", "coordinates": [ -77.392214, 38.978671 ] } },
{ "type": "Feature", "properties": { "stop_id": 3706, "stop_name": "BENEDICT DR @ EPICERIE PLAZA", "wheelchair_boarding": 0 }, "geometry": { "type": "Point", "coordinates": [ -77.393799, 39.024015 ] } },
{ "type": "Feature", "properties": { "stop_id": 3707, "stop_name": "STONECROFT BLVD. @ LAKESIDE CT", "wheelchair_boarding": 0 }, "geometry": { "type": "Point", "coordinates": [ -77.451664, 38.87186 ] } },
{ "type": "Feature", "properties": { "stop_id": 3708, "stop_name": "STONE HEATHER DR @ STONE HEATHER CT", "wheelchair_boarding": 0 }, "geometry": { "type": "Point", "coordinates": [ -77.407819, 38.911293 ] } },
{ "type": "Feature", "properties": { "stop_id": 3709, "stop_name": "WEST OX RD @ SMITH FARM WAY", "wheelchair_boarding": 0 }, "geometry": { "type": "Point", "coordinates": [ -77.398435, 38.922582 ] } },
{ "type": "Feature", "properties": { "stop_id": 3710, "stop_name": "KINGSTREAM DRIVE @ KINGSVALE CIRCLE", "wheelchair_boarding": 0 }, "geometry": { "type": "Point", "coordinates": [ -77.370492, 38.989109 ] } },
{ "type": "Feature", "properties": { "stop_id": 3711, "stop_name": "PARK AVE @ GRACE ST", "wheelchair_boarding": 0 }, "geometry": { "type": "Point", "coordinates": [ -77.388259, 38.974403 ] } },
{ "type": "Feature", "properties": { "stop_id": 3712, "stop_name": "SPRING ST @ SPRINGPARK PL", "wheelchair_boarding": 0 }, "geometry": { "type": "Point", "coordinates": [ -77.379447, 38.961146 ] } },
{ "type": "Feature", "properties": { "stop_id": 3713, "stop_name": "SPRING STREET @ VAN BUREN ST", "wheelchair_boarding": 0 }, "geometry": { "type": "Point", "coordinates": [ -77.382682, 38.964049 ] } },
{ "type": "Feature", "properties": { "stop_id": 3714, "stop_name": "GROVE STREET @ GRANT ST", "wheelchair_boarding": 0 }, "geometry": { "type": "Point", "coordinates": [ -77.379264, 38.967097 ] } },
{ "type": "Feature", "properties": { "stop_id": 3715, "stop_name": "PARK AVE @ FERNDALE AVE", "wheelchair_boarding": 0 }, "geometry": { "type": "Point", "coordinates": [ -77.391099, 38.976663 ] } },
{ "type": "Feature", "properties": { "stop_id": 3716, "stop_name": "RIVER BIRCH RD @ SALK ST", "wheelchair_boarding": 0 }, "geometry": { "type": "Point", "coordinates": [ -77.417698, 38.95111 ] } },
{ "type": "Feature", "properties": { "stop_id": 3717, "stop_name": "RIVER BIRCH RD @ EINSTEIN ST", "wheelchair_boarding": 0 }, "geometry": { "type": "Point", "coordinates": [ -77.417605, 38.95086 ] } },
{ "type": "Feature", "properties": { "stop_id": 3718, "stop_name": "BENNETT ST @ HERNDON HIGH SCHOOL", "wheelchair_boarding": 0 }, "geometry": { "type": "Point", "coordinates": [ -77.37597, 38.985379 ] } },
{ "type": "Feature", "properties": { "stop_id": 3719, "stop_name": "CRESTVIEW DR @ FERRIS AV", "wheelchair_boarding": 0 }, "geometry": { "type": "Point", "coordinates": [ -77.397743, 38.983243 ] } },
{ "type": "Feature", "properties": { "stop_id": 3720, "stop_name": "COPPERMINE RD @ RIVER BIRCH RD", "wheelchair_boarding": 0 }, "geometry": { "type": "Point", "coordinates": [ -77.415697, 38.948753 ] } },
{ "type": "Feature", "properties": { "stop_id": 3721, "stop_name": "WEST OX RD @ FRANKLIN FARM RD", "wheelchair_boarding": 1 }, "geometry": { "type": "Point", "coordinates": [ -77.382567, 38.905814 ] } },
{ "type": "Feature", "properties": { "stop_id": 3722, "stop_name": "MONROE ST & EASTPARK DR", "wheelchair_boarding": 0 }, "geometry": { "type": "Point", "coordinates": [ -77.390481, 38.950413 ] } },
{ "type": "Feature", "properties": { "stop_id": 3723, "stop_name": "FERNDALE AVE @ HERNDON COMM CENTER", "wheelchair_boarding": 0 }, "geometry": { "type": "Point", "coordinates": [ -77.394331, 38.972374 ] } },
{ "type": "Feature", "properties": { "stop_id": 3724, "stop_name": "RESTON TOWN CENTER METRO BAY G", "wheelchair_boarding": 0 }, "geometry": { "type": "Point", "coordinates": [ -77.359915, 38.953383 ] } },
{ "type": "Feature", "properties": { "stop_id": 3725, "stop_name": "RESTON TOWN CENTER METRO BAY K", "wheelchair_boarding": 0 }, "geometry": { "type": "Point", "coordinates": [ -77.359822, 38.953669 ] } },
{ "type": "Feature", "properties": { "stop_id": 3726, "stop_name": "RESTON TOWN CENTER METRO BAY F", "wheelchair_boarding": 0 }, "geometry": { "type": "Point", "coordinates": [ -77.359496, 38.953624 ] } },
{ "type": "Feature", "properties": { "stop_id": 3728, "stop_name": "RESTON TOWN CENTER METRO S BAY A", "wheelchair_boarding": 0 }, "geometry": { "type": "Point", "coordinates": [ -77.361282, 38.951217 ] } },
{ "type": "Feature", "properties": { "stop_id": 3729, "stop_name": "RESTON TOWN CENTER METRO STATION S BAY B", "wheelchair_boarding": 0 }, "geometry": { "type": "Point", "coordinates": [ -77.361013, 38.951538 ] } },
{ "type": "Feature", "properties": { "stop_id": 3730, "stop_name": "INNOVATION METRO BAY D", "wheelchair_boarding": 0 }, "geometry": { "type": "Point", "coordinates": [ -77.417656, 38.959264 ] } },
{ "type": "Feature", "properties": { "stop_id": 3731, "stop_name": "INNOVATON METRO BAY B", "wheelchair_boarding": 0 }, "geometry": { "type": "Point", "coordinates": [ -77.417317, 38.959773 ] } },
{ "type": "Feature", "properties": { "stop_id": 3732, "stop_name": "INNOVATION METRO BAY C", "wheelchair_boarding": 0 }, "geometry": { "type": "Point", "coordinates": [ -77.417481, 38.959514 ] } },
{ "type": "Feature", "properties": { "stop_id": 3744, "stop_name": "LAKE BRADDOCK DR @ BLACKBURN DR", "wheelchair_boarding": 0 }, "geometry": { "type": "Point", "coordinates": [ -77.274376, 38.803663 ] } },
{ "type": "Feature", "properties": { "stop_id": 3745, "stop_name": "BUSHMAN @ OAKTON TERRACE", "wheelchair_boarding": 1 }, "geometry": { "type": "Point", "coordinates": [ -77.29357, 38.87383 ] } },
{ "type": "Feature", "properties": { "stop_id": 3746, "stop_name": "KINGSTOWNE VILLAGE PKWY @ IANS WAY", "wheelchair_boarding": 0 }, "geometry": { "type": "Point", "coordinates": [ -77.139389, 38.76535 ] } },
{ "type": "Feature", "properties": { "stop_id": 3747, "stop_name": "GUINEA RD @ BURKE RD", "wheelchair_boarding": 0 }, "geometry": { "type": "Point", "coordinates": [ -77.279864, 38.806579 ] } },
{ "type": "Feature", "properties": { "stop_id": 3748, "stop_name": "NVCC LOUDON ON ANKERS SHOP CIR", "wheelchair_boarding": 0 }, "geometry": { "type": "Point", "coordinates": [ -77.393061, 39.027003 ] } },
{ "type": "Feature", "properties": { "stop_id": 3749, "stop_name": "TEMPORARY RD @ JONATHAN WAY", "wheelchair_boarding": 1 }, "geometry": { "type": "Point", "coordinates": [ -77.352949, 38.960219 ] } },
{ "type": "Feature", "properties": { "stop_id": 3750, "stop_name": "RESTON PKWY @ HOPPER ST", "wheelchair_boarding": 1 }, "geometry": { "type": "Point", "coordinates": [ -77.358482, 38.947431 ] } },
{ "type": "Feature", "properties": { "stop_id": 3754, "stop_name": "CENTREVILLE RD @ FRANKLIN FARM RD", "wheelchair_boarding": 0 }, "geometry": { "type": "Point", "coordinates": [ -77.420866, 38.91329 ] } },
{ "type": "Feature", "properties": { "stop_id": 3755, "stop_name": "HERNDON PARKWAY @ DRANESVILLE RD", "wheelchair_boarding": 0 }, "geometry": { "type": "Point", "coordinates": [ -77.377552, 38.982531 ] } },
{ "type": "Feature", "properties": { "stop_id": 3756, "stop_name": "AIR & SPACE MUSEUM PARKWAY @ ENDEAVOR DR", "wheelchair_boarding": 0 }, "geometry": { "type": "Point", "coordinates": [ -77.422276, 38.919311 ] } },
{ "type": "Feature", "properties": { "stop_id": 3757, "stop_name": "AIR & SPACE MUSEUM PARKWAY @ ENDEAVOR DR", "wheelchair_boarding": 0 }, "geometry": { "type": "Point", "coordinates": [ -77.422544, 38.919311 ] } },
{ "type": "Feature", "properties": { "stop_id": 3759, "stop_name": "GROVE ST TEST", "wheelchair_boarding": 0 }, "geometry": { "type": "Point", "coordinates": [ -77.380991, 38.967517 ] } },
{ "type": "Feature", "properties": { "stop_id": 3760, "stop_name": "SPRING ST TEST", "wheelchair_boarding": 0 }, "geometry": { "type": "Point", "coordinates": [ -77.38099, 38.961673 ] } },
{ "type": "Feature", "properties": { "stop_id": 3761, "stop_name": "HUNTINGTON GARAGE TEST", "wheelchair_boarding": 0 }, "geometry": { "type": "Point", "coordinates": [ -77.18213, 38.738617 ] } },
{ "type": "Feature", "properties": { "stop_id": 3762, "stop_name": "CINDER BED RD TEST", "wheelchair_boarding": 0 }, "geometry": { "type": "Point", "coordinates": [ -77.18445, 38.7337 ] } },
{ "type": "Feature", "properties": { "stop_id": 3763, "stop_name": "ALLIANCE DR @ WEST OX GARAGE", "wheelchair_boarding": 0 }, "geometry": { "type": "Point", "coordinates": [ -77.37654, 38.85025 ] } },
{ "type": "Feature", "properties": { "stop_id": 3764, "stop_name": "ALLIANCE DR @ WEST OX RD", "wheelchair_boarding": 0 }, "geometry": { "type": "Point", "coordinates": [ -77.37445, 38.84834 ] } },
{ "type": "Feature", "properties": { "stop_id": 3771, "stop_name": "SHELDON DR @ BREN MAR DR", "wheelchair_boarding": 0 }, "geometry": { "type": "Point", "coordinates": [ -77.157068, 38.797065 ] } },
{ "type": "Feature", "properties": { "stop_id": 3772, "stop_name": "TYSONS BLVD @ GALLERIA AT TYSONS II", "wheelchair_boarding": 1 }, "geometry": { "type": "Point", "coordinates": [ -77.226292, 38.926613 ] } },
{ "type": "Feature", "properties": { "stop_id": 3773, "stop_name": "OLD COURTHOUSE @ TYSONS CREST", "wheelchair_boarding": 0 }, "geometry": { "type": "Point", "coordinates": [ -77.252806, 38.922018 ] } },
{ "type": "Feature", "properties": { "stop_id": 3774, "stop_name": "BEULAH @ JOHN MARSHALL", "wheelchair_boarding": 0 }, "geometry": { "type": "Point", "coordinates": [ -77.266292, 38.915317 ] } },
{ "type": "Feature", "properties": { "stop_id": 3775, "stop_name": "BEULAH ST @ MORNING VIEW LN", "wheelchair_boarding": 0 }, "geometry": { "type": "Point", "coordinates": [ -77.16651, 38.751395 ] } },
{ "type": "Feature", "properties": { "stop_id": 3776, "stop_name": "BEULAH ST @ MORNING VIEW LA", "wheelchair_boarding": 0 }, "geometry": { "type": "Point", "coordinates": [ -77.166532, 38.751303 ] } },
{ "type": "Feature", "properties": { "stop_id": 3778, "stop_name": "BLAND ST @ OLD KEENE MILL RD", "wheelchair_boarding": 0 }, "geometry": { "type": "Point", "coordinates": [ -77.18767, 38.7794 ] } },
{ "type": "Feature", "properties": { "stop_id": 3779, "stop_name": "SCOTTS CROSSING RD @ SPRING GATE DR", "wheelchair_boarding": 0 }, "geometry": { "type": "Point", "coordinates": [ -77.211317, 38.927312 ] } },
{ "type": "Feature", "properties": { "stop_id": 3780, "stop_name": "SCOTTS CROSSING RD @ CAPITAL ONE DR", "wheelchair_boarding": 0 }, "geometry": { "type": "Point", "coordinates": [ -77.211526, 38.927277 ] } },
{ "type": "Feature", "properties": { "stop_id": 3781, "stop_name": "TAPAWINGO ST @ WARE ST", "wheelchair_boarding": 0 }, "geometry": { "type": "Point", "coordinates": [ -77.265074, 38.888377 ] } },
{ "type": "Feature", "properties": { "stop_id": 3782, "stop_name": "TAPAWINGO RD @ HILLCREST DR", "wheelchair_boarding": 0 }, "geometry": { "type": "Point", "coordinates": [ -77.261228, 38.890333 ] } },
{ "type": "Feature", "properties": { "stop_id": 3783, "stop_name": "TAPAWINGO RD @ PLUM ST", "wheelchair_boarding": 0 }, "geometry": { "type": "Point", "coordinates": [ -77.257732, 38.891968 ] } },
{ "type": "Feature", "properties": { "stop_id": 3784, "stop_name": "LAWYERS RD @ AYR HILL AVE", "wheelchair_boarding": 0 }, "geometry": { "type": "Point", "coordinates": [ -77.269267, 38.902562 ] } },
{ "type": "Feature", "properties": { "stop_id": 3785, "stop_name": "LAWYERS RD @ WINDOVER AVE", "wheelchair_boarding": 1 }, "geometry": { "type": "Point", "coordinates": [ -77.271033, 38.9036 ] } },
{ "type": "Feature", "properties": { "stop_id": 3786, "stop_name": "LAWYERS RD @ BLACKSTONE TERRACE", "wheelchair_boarding": 0 }, "geometry": { "type": "Point", "coordinates": [ -77.273465, 38.904032 ] } },
{ "type": "Feature", "properties": { "stop_id": 3787, "stop_name": "MALCOLM RD @ NUTLEY ST", "wheelchair_boarding": 0 }, "geometry": { "type": "Point", "coordinates": [ -77.277276, 38.902379 ] } },
{ "type": "Feature", "properties": { "stop_id": 3788, "stop_name": "MALCOLM RD @ ORCHARD ST", "wheelchair_boarding": 0 }, "geometry": { "type": "Point", "coordinates": [ -77.280796, 38.900324 ] } },
{ "type": "Feature", "properties": { "stop_id": 3789, "stop_name": "FLINT HILL RD @ MALCOLM RD", "wheelchair_boarding": 0 }, "geometry": { "type": "Point", "coordinates": [ -77.285121, 38.897771 ] } },
{ "type": "Feature", "properties": { "stop_id": 3790, "stop_name": "FLINT HILL RD @ SUNRISE RD", "wheelchair_boarding": 0 }, "geometry": { "type": "Point", "coordinates": [ -77.283185, 38.895296 ] } },
{ "type": "Feature", "properties": { "stop_id": 3791, "stop_name": "FLINT HILL RD @ RAMBLING RD", "wheelchair_boarding": 0 }, "geometry": { "type": "Point", "coordinates": [ -77.281004, 38.892705 ] } },
{ "type": "Feature", "properties": { "stop_id": 3792, "stop_name": "MACHEN RD @ CENTREWOOD DR", "wheelchair_boarding": 1 }, "geometry": { "type": "Point", "coordinates": [ -77.438904, 38.83276 ] } },
{ "type": "Feature", "properties": { "stop_id": 3793, "stop_name": "MACHEN RD @ CALLAWAY CT", "wheelchair_boarding": 0 }, "geometry": { "type": "Point", "coordinates": [ -77.439566, 38.834446 ] } },
{ "type": "Feature", "properties": { "stop_id": 3794, "stop_name": "MACHEN RD @ ST GERMAIN DR", "wheelchair_boarding": 0 }, "geometry": { "type": "Point", "coordinates": [ -77.439785, 38.836926 ] } },
{ "type": "Feature", "properties": { "stop_id": 3795, "stop_name": "MONUMENT DR TRANSIT CTR BAY A", "wheelchair_boarding": 0 }, "geometry": { "type": "Point", "coordinates": [ -77.361046, 38.85873 ] } },
{ "type": "Feature", "properties": { "stop_id": 3801, "stop_name": "BRADDOCK RD @ ORCHARD HILL LANE", "wheelchair_boarding": 0 }, "geometry": { "type": "Point", "coordinates": [ -77.414892, 38.832917 ] } },
{ "type": "Feature", "properties": { "stop_id": 3802, "stop_name": "SUNSET RIDGE RD @ OLD CENTREVILLE RD", "wheelchair_boarding": 0 }, "geometry": { "type": "Point", "coordinates": [ -77.431695, 38.832016 ] } },
{ "type": "Feature", "properties": { "stop_id": 3803, "stop_name": "SINGLETONS WAY @ GEORGE BAYLOR DR", "wheelchair_boarding": 0 }, "geometry": { "type": "Point", "coordinates": [ -77.431256, 38.828991 ] } },
{ "type": "Feature", "properties": { "stop_id": 3804, "stop_name": "OLD CENTREVILLE RD @ WATER WHEEL WAY", "wheelchair_boarding": 0 }, "geometry": { "type": "Point", "coordinates": [ -77.443329, 38.822608 ] } },
{ "type": "Feature", "properties": { "stop_id": 3805, "stop_name": "OLD CENTREVILLE RD @ OLD MILL RD", "wheelchair_boarding": 0 }, "geometry": { "type": "Point", "coordinates": [ -77.444958, 38.819584 ] } },
{ "type": "Feature", "properties": { "stop_id": 3808, "stop_name": "OLD MILL RD @ OLD CENTREVILLE RD", "wheelchair_boarding": 0 }, "geometry": { "type": "Point", "coordinates": [ -77.444609, 38.819379 ] } },
{ "type": "Feature", "properties": { "stop_id": 3809, "stop_name": "OLD CENTREVILLE RD @ WATER WHEEL WAY", "wheelchair_boarding": 0 }, "geometry": { "type": "Point", "coordinates": [ -77.443259, 38.822412 ] } },
{ "type": "Feature", "properties": { "stop_id": 3810, "stop_name": "AUBREY PATENT DR @ THORNDYKE CT", "wheelchair_boarding": 0 }, "geometry": { "type": "Point", "coordinates": [ -77.450104, 38.849626 ] } },
{ "type": "Feature", "properties": { "stop_id": 3811, "stop_name": "AUBREY PATENT DR @ FOUR CHIMMNEY DR", "wheelchair_boarding": 0 }, "geometry": { "type": "Point", "coordinates": [ -77.44757, 38.848117 ] } },
{ "type": "Feature", "properties": { "stop_id": 3812, "stop_name": "AUBREY PATENT DR @ GREAT ROCKY RUN", "wheelchair_boarding": 0 }, "geometry": { "type": "Point", "coordinates": [ -77.445512, 38.847332 ] } },
{ "type": "Feature", "properties": { "stop_id": 3813, "stop_name": "AUBREY PATENT DR @ NEWTON PATENT DR", "wheelchair_boarding": 0 }, "geometry": { "type": "Point", "coordinates": [ -77.443501, 38.844735 ] } },
{ "type": "Feature", "properties": { "stop_id": 3814, "stop_name": "NEWTON PATENT DR @ RED HOUSE DR", "wheelchair_boarding": 0 }, "geometry": { "type": "Point", "coordinates": [ -77.441117, 38.845108 ] } },
{ "type": "Feature", "properties": { "stop_id": 3815, "stop_name": "NEWTON PATENT DR @ NEWTON TAVERN CT", "wheelchair_boarding": 0 }, "geometry": { "type": "Point", "coordinates": [ -77.439534, 38.846553 ] } },
{ "type": "Feature", "properties": { "stop_id": 3816, "stop_name": "BRADDOCK RD @ CEDAR BREAK DR", "wheelchair_boarding": 1 }, "geometry": { "type": "Point", "coordinates": [ -77.44023, 38.849301 ] } },
{ "type": "Feature", "properties": { "stop_id": 3817, "stop_name": "BRADDOCK RD @ BIRCHLEAF PARK CT", "wheelchair_boarding": 0 }, "geometry": { "type": "Point", "coordinates": [ -77.443463, 38.851185 ] } },
{ "type": "Feature", "properties": { "stop_id": 3818, "stop_name": "BRADDOCK RD @ VILLAGE CENTER DR", "wheelchair_boarding": 0 }, "geometry": { "type": "Point", "coordinates": [ -77.449404, 38.855354 ] } },
{ "type": "Feature", "properties": { "stop_id": 3819, "stop_name": "LEGATO RD @ HALSTEAD ST", "wheelchair_boarding": 0 }, "geometry": { "type": "Point", "coordinates": [ -77.365072, 38.865167 ] } },
{ "type": "Feature", "properties": { "stop_id": 3820, "stop_name": "NEWBROOK DR @ WEGMANS", "wheelchair_boarding": 0 }, "geometry": { "type": "Point", "coordinates": [ -77.444401, 38.876685 ] } },
{ "type": "Feature", "properties": { "stop_id": 3821, "stop_name": "NEWBROOK DR @ WESTFIELDS BOUL", "wheelchair_boarding": 0 }, "geometry": { "type": "Point", "coordinates": [ -77.440398, 38.877611 ] } },
{ "type": "Feature", "properties": { "stop_id": 3822, "stop_name": "WALNEY RD @ WESTFIELDS BOUL", "wheelchair_boarding": 0 }, "geometry": { "type": "Point", "coordinates": [ -77.437895, 38.880117 ] } },
{ "type": "Feature", "properties": { "stop_id": 3823, "stop_name": "WALNEY RD @ MARIAH CT", "wheelchair_boarding": 0 }, "geometry": { "type": "Point", "coordinates": [ -77.437846, 38.883856 ] } },
{ "type": "Feature", "properties": { "stop_id": 3824, "stop_name": "WALNEY RD @ WILLARD RD", "wheelchair_boarding": 0 }, "geometry": { "type": "Point", "coordinates": [ -77.434656, 38.886602 ] } },
{ "type": "Feature", "properties": { "stop_id": 3825, "stop_name": "WALNEY RD @ ROCKLAND VILLAGE DR", "wheelchair_boarding": 0 }, "geometry": { "type": "Point", "coordinates": [ -77.432674, 38.890875 ] } },
{ "type": "Feature", "properties": { "stop_id": 3826, "stop_name": "WALNEY RD @ ROUTE 50", "wheelchair_boarding": 0 }, "geometry": { "type": "Point", "coordinates": [ -77.431299, 38.893729 ] } },
{ "type": "Feature", "properties": { "stop_id": 3827, "stop_name": "FAIR RIDGE DR @ QUIET HOLLOW CT", "wheelchair_boarding": 0 }, "geometry": { "type": "Point", "coordinates": [ -77.370359, 38.868982 ] } },
{ "type": "Feature", "properties": { "stop_id": 3828, "stop_name": "MEADOW FIELD DR @ NICHOLAS CT", "wheelchair_boarding": 0 }, "geometry": { "type": "Point", "coordinates": [ -77.372556, 38.869573 ] } },
{ "type": "Feature", "properties": { "stop_id": 3829, "stop_name": "FIELD BRIGADE DR @ QUIET CREEK DR", "wheelchair_boarding": 0 }, "geometry": { "type": "Point", "coordinates": [ -77.375695, 38.871057 ] } },
{ "type": "Feature", "properties": { "stop_id": 3830, "stop_name": "FIELD BRIGADE DR @ LOSTON CL", "wheelchair_boarding": 0 }, "geometry": { "type": "Point", "coordinates": [ -77.378794, 38.868294 ] } },
{ "type": "Feature", "properties": { "stop_id": 3831, "stop_name": "MONUMENT DR @ FIELD BRIGADE DR", "wheelchair_boarding": 0 }, "geometry": { "type": "Point", "coordinates": [ -77.377971, 38.865973 ] } },
{ "type": "Feature", "properties": { "stop_id": 3832, "stop_name": "MONUMENT DR @ FAIR RIDGE DR", "wheelchair_boarding": 0 }, "geometry": { "type": "Point", "coordinates": [ -77.372654, 38.866414 ] } },
{ "type": "Feature", "properties": { "stop_id": 3833, "stop_name": "WALNEY RD @ MARIAH CT", "wheelchair_boarding": 0 }, "geometry": { "type": "Point", "coordinates": [ -77.437846, 38.884204 ] } },
{ "type": "Feature", "properties": { "stop_id": 3834, "stop_name": "WALNEY RD @ WESTFIELDS BOUL", "wheelchair_boarding": 0 }, "geometry": { "type": "Point", "coordinates": [ -77.437849, 38.879823 ] } },
{ "type": "Feature", "properties": { "stop_id": 3835, "stop_name": "NEWBROOK DR @ PARK MEADOW DR", "wheelchair_boarding": 0 }, "geometry": { "type": "Point", "coordinates": [ -77.434295, 38.870703 ] } },
{ "type": "Feature", "properties": { "stop_id": 3836, "stop_name": "STONECROFT BOUL. OPP WESTFIELDS HS", "wheelchair_boarding": 1 }, "geometry": { "type": "Point", "coordinates": [ -77.462513, 38.885826 ] } },
{ "type": "Feature", "properties": { "stop_id": 3837, "stop_name": "STONECROFT BOUL. @ WESTFIELDS HS", "wheelchair_boarding": 0 }, "geometry": { "type": "Point", "coordinates": [ -77.462944, 38.885969 ] } },
{ "type": "Feature", "properties": { "stop_id": 3838, "stop_name": "PARK MEADOW DR @ MEADOW WOOD LANE", "wheelchair_boarding": 0 }, "geometry": { "type": "Point", "coordinates": [ -77.439843, 38.872052 ] } },
{ "type": "Feature", "properties": { "stop_id": 3839, "stop_name": "PARK MEADOW DR @ NEWBOOK DR", "wheelchair_boarding": 0 }, "geometry": { "type": "Point", "coordinates": [ -77.435551, 38.870721 ] } },
{ "type": "Feature", "properties": { "stop_id": 3840, "stop_name": "RANDOM HILLS RD @ SUMMIT CORNER DR", "wheelchair_boarding": 0 }, "geometry": { "type": "Point", "coordinates": [ -77.355065, 38.860035 ] } },
{ "type": "Feature", "properties": { "stop_id": 3841, "stop_name": "RANDOM HILLS RD @ GREY FINCH DR", "wheelchair_boarding": 0 }, "geometry": { "type": "Point", "coordinates": [ -77.344623, 38.858284 ] } },
{ "type": "Feature", "properties": { "stop_id": 3842, "stop_name": "RANDOM HILLS RD @ RIDGE TOP RD", "wheelchair_boarding": 0 }, "geometry": { "type": "Point", "coordinates": [ -77.339972, 38.85752 ] } },
{ "type": "Feature", "properties": { "stop_id": 3843, "stop_name": "WAPLES MILL RD @ ROUTE 50", "wheelchair_boarding": 0 }, "geometry": { "type": "Point", "coordinates": [ -77.335728, 38.856721 ] } },
{ "type": "Feature", "properties": { "stop_id": 3844, "stop_name": "WAPLES MILL RD @ PENDER DR", "wheelchair_boarding": 0 }, "geometry": { "type": "Point", "coordinates": [ -77.335013, 38.859263 ] } },
{ "type": "Feature", "properties": { "stop_id": 3845, "stop_name": "FAIRFAX RIDGE DR @ ARISTOTLE DR", "wheelchair_boarding": 0 }, "geometry": { "type": "Point", "coordinates": [ -77.337519, 38.862184 ] } },
{ "type": "Feature", "properties": { "stop_id": 3846, "stop_name": "11355 FAIRFAX RIDGE DR", "wheelchair_boarding": 1 }, "geometry": { "type": "Point", "coordinates": [ -77.337988, 38.860382 ] } },
{ "type": "Feature", "properties": { "stop_id": 3847, "stop_name": "FAIRFAX RIDGE DR @ ARISTOTLE DR", "wheelchair_boarding": 0 }, "geometry": { "type": "Point", "coordinates": [ -77.336105, 38.859719 ] } },
{ "type": "Feature", "properties": { "stop_id": 3848, "stop_name": "3957 PENDER DR", "wheelchair_boarding": 1 }, "geometry": { "type": "Point", "coordinates": [ -77.333102, 38.860608 ] } },
{ "type": "Feature", "properties": { "stop_id": 3849, "stop_name": "PENDER DR @ FAIRFAX CO HOUSING", "wheelchair_boarding": 0 }, "geometry": { "type": "Point", "coordinates": [ -77.330876, 38.862871 ] } },
{ "type": "Feature", "properties": { "stop_id": 3850, "stop_name": "OPP 3957 PENDER DR", "wheelchair_boarding": 1 }, "geometry": { "type": "Point", "coordinates": [ -77.33309, 38.860867 ] } },
{ "type": "Feature", "properties": { "stop_id": 3851, "stop_name": "WAPLES MILL RD @ PENDER DR", "wheelchair_boarding": 0 }, "geometry": { "type": "Point", "coordinates": [ -77.335176, 38.859183 ] } },
{ "type": "Feature", "properties": { "stop_id": 3852, "stop_name": "WAPLES MILL RD @ ROUTE 50", "wheelchair_boarding": 1 }, "geometry": { "type": "Point", "coordinates": [ -77.33596, 38.8569 ] } },
{ "type": "Feature", "properties": { "stop_id": 3853, "stop_name": "RANDOM HILLS RD @ RIDGE TOP RD", "wheelchair_boarding": 0 }, "geometry": { "type": "Point", "coordinates": [ -77.339623, 38.857618 ] } },
{ "type": "Feature", "properties": { "stop_id": 3854, "stop_name": "RANDOM HILLS RD @ GREY FINCH DR", "wheelchair_boarding": 0 }, "geometry": { "type": "Point", "coordinates": [ -77.344425, 38.858507 ] } },
{ "type": "Feature", "properties": { "stop_id": 3855, "stop_name": "RANDOM HILLS RR @ SUMMIT CORNER DR", "wheelchair_boarding": 0 }, "geometry": { "type": "Point", "coordinates": [ -77.355263, 38.860134 ] } },
{ "type": "Feature", "properties": { "stop_id": 3856, "stop_name": "SULLYFIELD CIR @ RT 50", "wheelchair_boarding": 0 }, "geometry": { "type": "Point", "coordinates": [ -77.433556, 38.894774 ] } },
{ "type": "Feature", "properties": { "stop_id": 3857, "stop_name": "SUNSET RIDGE RD @ CLAY SPUR CT", "wheelchair_boarding": 0 }, "geometry": { "type": "Point", "coordinates": [ -77.426976, 38.829899 ] } },
{ "type": "Feature", "properties": { "stop_id": 3858, "stop_name": "SUNSET RIDGE RD @ RABBIT HILL CT", "wheelchair_boarding": 0 }, "geometry": { "type": "Point", "coordinates": [ -77.428266, 38.830792 ] } },
{ "type": "Feature", "properties": { "stop_id": 3859, "stop_name": "SUNSEET RIDGE RD @ SPRING POND RD", "wheelchair_boarding": 0 }, "geometry": { "type": "Point", "coordinates": [ -77.429893, 38.831596 ] } },
{ "type": "Feature", "properties": { "stop_id": 3860, "stop_name": "SUNSET RIDGE RD @ MEADOW CREST CT", "wheelchair_boarding": 0 }, "geometry": { "type": "Point", "coordinates": [ -77.429847, 38.831382 ] } },
{ "type": "Feature", "properties": { "stop_id": 3861, "stop_name": "SUNSET RIDGE RD @ DEER HILL CT", "wheelchair_boarding": 0 }, "geometry": { "type": "Point", "coordinates": [ -77.428231, 38.830507 ] } },
{ "type": "Feature", "properties": { "stop_id": 3862, "stop_name": "SUNSET RIDGE RD @ WATER POND CT", "wheelchair_boarding": 0 }, "geometry": { "type": "Point", "coordinates": [ -77.427046, 38.829792 ] } },
{ "type": "Feature", "properties": { "stop_id": 3863, "stop_name": "SUNSET RIDGE RD @ LITTLE ROCKY RUN RD", "wheelchair_boarding": 0 }, "geometry": { "type": "Point", "coordinates": [ -77.424767, 38.829916 ] } },
{ "type": "Feature", "properties": { "stop_id": 3864, "stop_name": "LITTLE ROCKY RUN CIR @ WAKELY CT", "wheelchair_boarding": 0 }, "geometry": { "type": "Point", "coordinates": [ -77.424812, 38.831549 ] } },
{ "type": "Feature", "properties": { "stop_id": 3865, "stop_name": "LITTLE ROCKY RUN CIR @ WILD BROOK CT", "wheelchair_boarding": 0 }, "geometry": { "type": "Point", "coordinates": [ -77.423799, 38.833395 ] } },
{ "type": "Feature", "properties": { "stop_id": 3866, "stop_name": "LITTLE ROCKY RUN CIR @ ROCKDALE CT", "wheelchair_boarding": 0 }, "geometry": { "type": "Point", "coordinates": [ -77.422391, 38.834777 ] } },
{ "type": "Feature", "properties": { "stop_id": 3867, "stop_name": "SPRING HILL RD @ LEESBURG PIKE", "wheelchair_boarding": 0 }, "geometry": { "type": "Point", "coordinates": [ -77.240163, 38.928676 ] } },
{ "type": "Feature", "properties": { "stop_id": 3868, "stop_name": "WILLOW OAKS CORPORATE DR & WILLIAMS DR", "wheelchair_boarding": 0 }, "geometry": { "type": "Point", "coordinates": [ -77.234121, 38.864862 ] } },
{ "type": "Feature", "properties": { "stop_id": 3869, "stop_name": "WILOW OAKS CORPORATE DR & WILLIAMS DR", "wheelchair_boarding": 0 }, "geometry": { "type": "Point", "coordinates": [ -77.234063, 38.864692 ] } },
{ "type": "Feature", "properties": { "stop_id": 3870, "stop_name": "WEST X RD @ MONTEREY ESTATES DR", "wheelchair_boarding": 0 }, "geometry": { "type": "Point", "coordinates": [ -77.402989, 38.930731 ] } },
{ "type": "Feature", "properties": { "stop_id": 3871, "stop_name": "KINGSTOWNE BLVD @ KINGSTOWNE TOWN CENTRE", "wheelchair_boarding": 0 }, "geometry": { "type": "Point", "coordinates": [ -77.137031, 38.77089 ] } },
{ "type": "Feature", "properties": { "stop_id": 3872, "stop_name": "HERNDON PKWY @ GROVE ST", "wheelchair_boarding": 0 }, "geometry": { "type": "Point", "coordinates": [ -77.372208, 38.965155 ] } },
{ "type": "Feature", "properties": { "stop_id": 3873, "stop_name": "WEST OX RD @ WAPLES MILL RD", "wheelchair_boarding": 1 }, "geometry": { "type": "Point", "coordinates": [ -77.369107, 38.880481 ] } },
{ "type": "Feature", "properties": { "stop_id": 3874, "stop_name": "WEST OX RD @ WAPLES MILL RD", "wheelchair_boarding": 0 }, "geometry": { "type": "Point", "coordinates": [ -77.369061, 38.879946 ] } },
{ "type": "Feature", "properties": { "stop_id": 3875, "stop_name": "MONUMENT DR TRANSIT CENTER BAY B", "wheelchair_boarding": 1 }, "geometry": { "type": "Point", "coordinates": [ -77.360953, 38.858721 ] } },
{ "type": "Feature", "properties": { "stop_id": 3876, "stop_name": "MONUMENT DR TRANSIT CENTER BAY C", "wheelchair_boarding": 1 }, "geometry": { "type": "Point", "coordinates": [ -77.36083, 38.85869 ] } },
{ "type": "Feature", "properties": { "stop_id": 3877, "stop_name": "MONUMENT DR TRANSIT CENTER BAY D", "wheelchair_boarding": 1 }, "geometry": { "type": "Point", "coordinates": [ -77.360476, 38.858667 ] } },
{ "type": "Feature", "properties": { "stop_id": 3878, "stop_name": "MONUMENT DR TRANSIT CENTER BAY E", "wheelchair_boarding": 0 }, "geometry": { "type": "Point", "coordinates": [ -77.360605, 38.858426 ] } },
{ "type": "Feature", "properties": { "stop_id": 3879, "stop_name": "MONUMENT DR TRANSIT CENTER BAY F", "wheelchair_boarding": 1 }, "geometry": { "type": "Point", "coordinates": [ -77.360744, 38.858525 ] } },
{ "type": "Feature", "properties": { "stop_id": 3880, "stop_name": "MCLEAN METRO STATION BAY E", "wheelchair_boarding": 0 }, "geometry": { "type": "Point", "coordinates": [ -77.207755, 38.923914 ] } },
{ "type": "Feature", "properties": { "stop_id": 3881, "stop_name": "CENTREVILLE PARK & RIDE BAY C", "wheelchair_boarding": 1 }, "geometry": { "type": "Point", "coordinates": [ -77.455216, 38.836057 ] } },
{ "type": "Feature", "properties": { "stop_id": 3882, "stop_name": "CENTREVILLE PARK & RIDE BAY B", "wheelchair_boarding": 1 }, "geometry": { "type": "Point", "coordinates": [ -77.455146, 38.835888 ] } },
{ "type": "Feature", "properties": { "stop_id": 3884, "stop_name": "SPRINGFIELD CBC GARAGE AND TC BAY C", "wheelchair_boarding": 0 }, "geometry": { "type": "Point", "coordinates": [ -77.18728, 38.77759 ] } },
{ "type": "Feature", "properties": { "stop_id": 3885, "stop_name": "SPRINGFIELD CBC GARAGE AND TC BAY D", "wheelchair_boarding": 0 }, "geometry": { "type": "Point", "coordinates": [ -77.18704, 38.7778 ] } },
{ "type": "Feature", "properties": { "stop_id": 3886, "stop_name": "360 HERNDON PKWY", "wheelchair_boarding": 0 }, "geometry": { "type": "Point", "coordinates": [ -77.37177, 38.96319 ] } },
{ "type": "Feature", "properties": { "stop_id": 3887, "stop_name": "OLD KEENE MILL RD @ SPRING RD", "wheelchair_boarding": 0 }, "geometry": { "type": "Point", "coordinates": [ -77.18935, 38.77846 ] } },
{ "type": "Feature", "properties": { "stop_id": 3888, "stop_name": "MT VERN MEM HY @ OLD MT VERNON RD", "wheelchair_boarding": 0 }, "geometry": { "type": "Point", "coordinates": [ -77.0964, 38.71607 ] } },
{ "type": "Feature", "properties": { "stop_id": 3895, "stop_name": "STRINGFELLOW RD PARK AND RIDE BAY D", "wheelchair_boarding": 0 }, "geometry": { "type": "Point", "coordinates": [ -77.403486, 38.852958 ] } },
{ "type": "Feature", "properties": { "stop_id": 3896, "stop_name": "ROLLING RD @ OAK FIELD CT", "wheelchair_boarding": 0 }, "geometry": { "type": "Point", "coordinates": [ -77.209403, 38.729219 ] } },
{ "type": "Feature", "properties": { "stop_id": 3897, "stop_name": "MONTGOMERY MALL TRANSIT CENTER", "wheelchair_boarding": 1 }, "geometry": { "type": "Point", "coordinates": [ -77.142387, 39.025835 ] } },
{ "type": "Feature", "properties": { "stop_id": 3898, "stop_name": "ROCKVILLE PK @ SOUTH DR", "wheelchair_boarding": 1 }, "geometry": { "type": "Point", "coordinates": [ -77.096973, 38.998786 ] } },
{ "type": "Feature", "properties": { "stop_id": 3899, "stop_name": "SPRINGFIELD CBC GARAGE AND TC BAY E", "wheelchair_boarding": 0 }, "geometry": { "type": "Point", "coordinates": [ -77.1869, 38.77765 ] } },
{ "type": "Feature", "properties": { "stop_id": 3900, "stop_name": "ROCKVILLE PK @ SOUTH WOOD RD", "wheelchair_boarding": 1 }, "geometry": { "type": "Point", "coordinates": [ -77.09615, 38.99989 ] } },
{ "type": "Feature", "properties": { "stop_id": 3901, "stop_name": "MONTGOMERY LN @ EAST LN", "wheelchair_boarding": 0 }, "geometry": { "type": "Point", "coordinates": [ -77.09535, 38.98342 ] } },
{ "type": "Feature", "properties": { "stop_id": 3904, "stop_name": "GOVERNMENT CENTER PARKWAY @ LOWER PARK DR", "wheelchair_boarding": 0 }, "geometry": { "type": "Point", "coordinates": [ -77.347483, 38.8528 ] } },
{ "type": "Feature", "properties": { "stop_id": 3905, "stop_name": "GOVERNMENT CENTER PARKWAY @ RIVER FORTH DR", "wheelchair_boarding": 2 }, "geometry": { "type": "Point", "coordinates": [ -77.344388, 38.853644 ] } },
{ "type": "Feature", "properties": { "stop_id": 3906, "stop_name": "RIDGE TOP RD & CAVALIER LANDING CT", "wheelchair_boarding": 2 }, "geometry": { "type": "Point", "coordinates": [ -77.342065, 38.851777 ] } },
{ "type": "Feature", "properties": { "stop_id": 3907, "stop_name": "RT 29 @ RUST RD", "wheelchair_boarding": 2 }, "geometry": { "type": "Point", "coordinates": [ -77.328899, 38.851957 ] } },
{ "type": "Feature", "properties": { "stop_id": 3908, "stop_name": "W MAIN ST @ HALLMAN ST", "wheelchair_boarding": 2 }, "geometry": { "type": "Point", "coordinates": [ -77.32084, 38.851304 ] } },
{ "type": "Feature", "properties": { "stop_id": 3909, "stop_name": "JUDICIAL DR @ MAIN ST", "wheelchair_boarding": 2 }, "geometry": { "type": "Point", "coordinates": [ -77.314056, 38.847869 ] } },
{ "type": "Feature", "properties": { "stop_id": 3910, "stop_name": "JUDICIAL DR @ PAGE AV", "wheelchair_boarding": 2 }, "geometry": { "type": "Point", "coordinates": [ -77.314945, 38.845818 ] } },
{ "type": "Feature", "properties": { "stop_id": 3911, "stop_name": "JUDICIAL DR @ COURT HOUSE", "wheelchair_boarding": 2 }, "geometry": { "type": "Point", "coordinates": [ -77.31131, 38.843493 ] } },
{ "type": "Feature", "properties": { "stop_id": 3912, "stop_name": "FAIRFAX JUDICIAL CENTER", "wheelchair_boarding": 2 }, "geometry": { "type": "Point", "coordinates": [ -77.308179, 38.844613 ] } },
{ "type": "Feature", "properties": { "stop_id": 3913, "stop_name": "W MAIN ST & FAIRFAX BUILDING", "wheelchair_boarding": 2 }, "geometry": { "type": "Point", "coordinates": [ -77.310405, 38.847551 ] } },
{ "type": "Feature", "properties": { "stop_id": 3914, "stop_name": "W MAIN ST & KEITH AV", "wheelchair_boarding": 2 }, "geometry": { "type": "Point", "coordinates": [ -77.315146, 38.849226 ] } },
{ "type": "Feature", "properties": { "stop_id": 3915, "stop_name": "RT 29 @ FERN ST", "wheelchair_boarding": 2 }, "geometry": { "type": "Point", "coordinates": [ -77.32692, 38.852472 ] } },
{ "type": "Feature", "properties": { "stop_id": 3916, "stop_name": "RIDGE TOP RD @ CAVALIER CRES", "wheelchair_boarding": 2 }, "geometry": { "type": "Point", "coordinates": [ -77.341961, 38.851661 ] } },
{ "type": "Feature", "properties": { "stop_id": 3917, "stop_name": "GOVERNMENT CENTER PARKWAY & FAIRFAX GREEN DR", "wheelchair_boarding": 2 }, "geometry": { "type": "Point", "coordinates": [ -77.345038, 38.85394 ] } },
{ "type": "Feature", "properties": { "stop_id": 3918, "stop_name": "GOVERNMENT CENTER PARKWAY @ LOWER PARK DR", "wheelchair_boarding": 2 }, "geometry": { "type": "Point", "coordinates": [ -77.347692, 38.853041 ] } },
{ "type": "Feature", "properties": { "stop_id": 3919, "stop_name": "CHAIN BRIDGE RD @ UNIVERSITY DR", "wheelchair_boarding": 2 }, "geometry": { "type": "Point", "coordinates": [ -77.311504, 38.835642 ] } },
{ "type": "Feature", "properties": { "stop_id": 3920, "stop_name": "WALKER LN @ 6354 2ND ENT", "wheelchair_boarding": 2 }, "geometry": { "type": "Point", "coordinates": [ -77.160661, 38.768519 ] } },
{ "type": "Feature", "properties": { "stop_id": 3921, "stop_name": "LEGATO RD @ RUFFIN DR", "wheelchair_boarding": 2 }, "geometry": { "type": "Point", "coordinates": [ -77.364708, 38.852917 ] } },
{ "type": "Feature", "properties": { "stop_id": 3922, "stop_name": "LEGATO RD @ CALDICOT LANE", "wheelchair_boarding": 2 }, "geometry": { "type": "Point", "coordinates": [ -77.365166, 38.850758 ] } },
{ "type": "Feature", "properties": { "stop_id": 3923, "stop_name": "LEGATO RD @ BRIDGEND RUN", "wheelchair_boarding": 2 }, "geometry": { "type": "Point", "coordinates": [ -77.365948, 38.849135 ] } },
{ "type": "Feature", "properties": { "stop_id": 3924, "stop_name": "LEGATO RD @ RT 29", "wheelchair_boarding": 2 }, "geometry": { "type": "Point", "coordinates": [ -77.365928, 38.84719 ] } },
{ "type": "Feature", "properties": { "stop_id": 3925, "stop_name": "RT 29 @ BUCKLEY'S GATE DR", "wheelchair_boarding": 0 }, "geometry": { "type": "Point", "coordinates": [ -77.384588, 38.843281 ] } },
{ "type": "Feature", "properties": { "stop_id": 3926, "stop_name": "RT 29 @ WILLOWMEADE DR", "wheelchair_boarding": 2 }, "geometry": { "type": "Point", "coordinates": [ -77.389869, 38.842108 ] } },
{ "type": "Feature", "properties": { "stop_id": 3927, "stop_name": "STRIONGFELLOW RD @ AUTUMN WILLOW DR", "wheelchair_boarding": 2 }, "geometry": { "type": "Point", "coordinates": [ -77.402728, 38.844285 ] } },
{ "type": "Feature", "properties": { "stop_id": 3928, "stop_name": "RT 29 @ FAIRCLOTH CT", "wheelchair_boarding": 2 }, "geometry": { "type": "Point", "coordinates": [ -77.417805, 38.839147 ] } },
{ "type": "Feature", "properties": { "stop_id": 3929, "stop_name": "RT 29 @ BRADDOCK RD", "wheelchair_boarding": 2 }, "geometry": { "type": "Point", "coordinates": [ -77.428213, 38.838991 ] } },
{ "type": "Feature", "properties": { "stop_id": 3930, "stop_name": "RT 29 @ OLD CENTREVILLE RD", "wheelchair_boarding": 2 }, "geometry": { "type": "Point", "coordinates": [ -77.428039, 38.83867 ] } },
{ "type": "Feature", "properties": { "stop_id": 3931, "stop_name": "RT 29 @ PICKWICK RD", "wheelchair_boarding": 2 }, "geometry": { "type": "Point", "coordinates": [ -77.423515, 38.838811 ] } },
{ "type": "Feature", "properties": { "stop_id": 3932, "stop_name": "RT 29 @ NEWGATE", "wheelchair_boarding": 2 }, "geometry": { "type": "Point", "coordinates": [ -77.420561, 38.83888 ] } },
{ "type": "Feature", "properties": { "stop_id": 3933, "stop_name": "STRINGFELLOW RD @ AUTUMN WILLOW DR", "wheelchair_boarding": 2 }, "geometry": { "type": "Point", "coordinates": [ -77.403007, 38.844553 ] } },
{ "type": "Feature", "properties": { "stop_id": 3934, "stop_name": "RT 29 @ SUMMIT DR", "wheelchair_boarding": 2 }, "geometry": { "type": "Point", "coordinates": [ -77.38496, 38.842907 ] } },
{ "type": "Feature", "properties": { "stop_id": 3935, "stop_name": "LEGATO RD @ RT 29", "wheelchair_boarding": 2 }, "geometry": { "type": "Point", "coordinates": [ -77.365788, 38.847368 ] } },
{ "type": "Feature", "properties": { "stop_id": 3936, "stop_name": "LEGATO RD @ BRIDGEND RUN", "wheelchair_boarding": 2 }, "geometry": { "type": "Point", "coordinates": [ -77.365808, 38.849001 ] } },
{ "type": "Feature", "properties": { "stop_id": 3937, "stop_name": "LEGATO RD @ BATTENBURG LANE", "wheelchair_boarding": 2 }, "geometry": { "type": "Point", "coordinates": [ -77.365119, 38.850562 ] } },
{ "type": "Feature", "properties": { "stop_id": 3938, "stop_name": "LEGATO RD @ DIXIE HILL RD", "wheelchair_boarding": 2 }, "geometry": { "type": "Point", "coordinates": [ -77.364522, 38.852792 ] } },
{ "type": "Feature", "properties": { "stop_id": 3939, "stop_name": "W MAIN ST & RAILROAD AV", "wheelchair_boarding": 2 }, "geometry": { "type": "Point", "coordinates": [ -77.313136, 38.84851 ] } },
{ "type": "Feature", "properties": { "stop_id": 3940, "stop_name": "W MAIN ST @ OAK ST", "wheelchair_boarding": 2 }, "geometry": { "type": "Point", "coordinates": [ -77.317481, 38.850193 ] } },
{ "type": "Feature", "properties": { "stop_id": 3941, "stop_name": "W MAIN ST & HALLMAN ST", "wheelchair_boarding": 2 }, "geometry": { "type": "Point", "coordinates": [ -77.320758, 38.851545 ] } },
{ "type": "Feature", "properties": { "stop_id": 3942, "stop_name": "ROUTE 29 @ JERMANTOWN RD", "wheelchair_boarding": 2 }, "geometry": { "type": "Point", "coordinates": [ -77.331632, 38.851907 ] } },
{ "type": "Feature", "properties": { "stop_id": 3943, "stop_name": "RT 29 @ FERN ST", "wheelchair_boarding": 2 }, "geometry": { "type": "Point", "coordinates": [ -77.326223, 38.852275 ] } },
{ "type": "Feature", "properties": { "stop_id": 3944, "stop_name": "MAIN ST @ CHESTNUT ST", "wheelchair_boarding": 2 }, "geometry": { "type": "Point", "coordinates": [ -77.323036, 38.852244 ] } },
{ "type": "Feature", "properties": { "stop_id": 3945, "stop_name": "MAIN ST @ OAK ST", "wheelchair_boarding": 2 }, "geometry": { "type": "Point", "coordinates": [ -77.318156, 38.850185 ] } },
{ "type": "Feature", "properties": { "stop_id": 3946, "stop_name": "MAIN ST @ KEITH AV", "wheelchair_boarding": 2 }, "geometry": { "type": "Point", "coordinates": [ -77.315553, 38.849102 ] } },
{ "type": "Feature", "properties": { "stop_id": 3947, "stop_name": "JUDICIAL DR @ JONES ST", "wheelchair_boarding": 2 }, "geometry": { "type": "Point", "coordinates": [ -77.314622, 38.84439 ] } },
{ "type": "Feature", "properties": { "stop_id": 3948, "stop_name": "SUNRISE VALLEY DR @ VELOCITY RD", "wheelchair_boarding": 2 }, "geometry": { "type": "Point", "coordinates": [ -77.427189, 38.942198 ] } },
{ "type": "Feature", "properties": { "stop_id": 3949, "stop_name": "SUNRIDE VALLEY DR @ VELOCITY RD", "wheelchair_boarding": 2 }, "geometry": { "type": "Point", "coordinates": [ -77.427264, 38.942423 ] } },
{ "type": "Feature", "properties": { "stop_id": 3950, "stop_name": "MONUMENT DR TRANSIT CENTER BAY H", "wheelchair_boarding": 2 }, "geometry": { "type": "Point", "coordinates": [ -77.360988, 38.858498 ] } },
{ "type": "Feature", "properties": { "stop_id": 3951, "stop_name": "12ST ST & D ST SW", "wheelchair_boarding": 2 }, "geometry": { "type": "Point", "coordinates": [ -77.02798, 38.88486 ] } },
{ "type": "Feature", "properties": { "stop_id": 3955, "stop_name": "STRINGFELLOW RD @ BLUEBERRY LN", "wheelchair_boarding": 2 }, "geometry": { "type": "Point", "coordinates": [ -77.406521, 38.882972 ] } },
{ "type": "Feature", "properties": { "stop_id": 3956, "stop_name": "FFX COUNTY PKWY @ SPRINGHAVEN DR", "wheelchair_boarding": 2 }, "geometry": { "type": "Point", "coordinates": [ -77.40523, 38.900181 ] } },
{ "type": "Feature", "properties": { "stop_id": 3957, "stop_name": "TYSONS CORNER METRO BAY C", "wheelchair_boarding": 2 }, "geometry": { "type": "Point", "coordinates": [ -77.222096, 38.920538 ] } },
{ "type": "Feature", "properties": { "stop_id": 3958, "stop_name": "SILVER LAKE DR @ FRANCONIA GOVERNMENT CENTER", "wheelchair_boarding": 2 }, "geometry": { "type": "Point", "coordinates": [ -77.154948, 38.762776 ] } },
{ "type": "Feature", "properties": { "stop_id": 3959, "stop_name": "WILLARD RD @ DALY DR", "wheelchair_boarding": 2 }, "geometry": { "type": "Point", "coordinates": [ -77.441952, 38.885561 ] } },
{ "type": "Feature", "properties": { "stop_id": 3960, "stop_name": "STONECROFT BLVD. @ UPS", "wheelchair_boarding": 2 }, "geometry": { "type": "Point", "coordinates": [ -77.460371, 38.895758 ] } },
{ "type": "Feature", "properties": { "stop_id": 3961, "stop_name": "STONECROFT BLVD OPP UPS", "wheelchair_boarding": 2 }, "geometry": { "type": "Point", "coordinates": [ -77.460712, 38.895627 ] } },
{ "type": "Feature", "properties": { "stop_id": 3962, "stop_name": "STONECROFT BLVD @ PEPSI PL", "wheelchair_boarding": 2 }, "geometry": { "type": "Point", "coordinates": [ -77.458306, 38.902063 ] } },
{ "type": "Feature", "properties": { "stop_id": 3963, "stop_name": "STONECROFT BLVD @ PEPSI PL", "wheelchair_boarding": 2 }, "geometry": { "type": "Point", "coordinates": [ -77.458609, 38.902099 ] } },
{ "type": "Feature", "properties": { "stop_id": 3964, "stop_name": "ROUTE 29 @ WAPLES MILL RD", "wheelchair_boarding": 2 }, "geometry": { "type": "Point", "coordinates": [ -77.339101, 38.851051 ] } },
{ "type": "Feature", "properties": { "stop_id": 3965, "stop_name": "ROUTE 29 @ SHIRLEY GATE RD", "wheelchair_boarding": 2 }, "geometry": { "type": "Point", "coordinates": [ -77.336705, 38.851075 ] } },
{ "type": "Feature", "properties": { "stop_id": 3966, "stop_name": "RT 50 & STRINGFELLOW RD", "wheelchair_boarding": 2 }, "geometry": { "type": "Point", "coordinates": [ -77.406801, 38.884455 ] } },
{ "type": "Feature", "properties": { "stop_id": 3967, "stop_name": "STRINGFELLOW RD & RT 50 (fs)", "wheelchair_boarding": 2 }, "geometry": { "type": "Point", "coordinates": [ -77.405416, 38.884668 ] } },
{ "type": "Feature", "properties": { "stop_id": 3971, "stop_name": "METRO WEST FALLS CH/VT-UVA S BAY G", "wheelchair_boarding": 2 }, "geometry": { "type": "Point", "coordinates": [ -77.188679, 38.899287 ] } },
{ "type": "Feature", "properties": { "stop_id": 3972, "stop_name": "SUNRISE VALLEY DR @ FRYING PAN RD", "wheelchair_boarding": 2 }, "geometry": { "type": "Point", "coordinates": [ -77.423366, 38.944262 ] } },
{ "type": "Feature", "properties": { "stop_id": 3973, "stop_name": "LEGATO RD @ FAIR LAKES PKWY", "wheelchair_boarding": 2 }, "geometry": { "type": "Point", "coordinates": [ -77.36313, 38.86268 ] } },
{ "type": "Feature", "properties": { "stop_id": 3974, "stop_name": "STRINGFELLOW PARK AND RIDE BAY E", "wheelchair_boarding": 2 }, "geometry": { "type": "Point", "coordinates": [ -77.403627, 38.853142 ] } }
]
}
